"path","bytes","sha256"
".gitignore","442","7d9708059ec9ae8629ed9e907b6ad8c44652a9a0118ebc45bdc80db3f3bd5953"
"CITATION.cff","767","335db8a2c32b280251eef85ec6c6ae0ab240602a4682592858d2bef1fc543953"
"code\ablation_sensitivity\CGC_GOCNMF_revision_core_R2009a.m","39741","d33207ac43bc4b7348b1804dc397b4eae9a25f13f7f918f604525175c520e42c"
"code\ablation_sensitivity\run_CGC_GOCNMF_ablation6_R2009a.m","514","b6a11becfd4e78f92d20790ef70f1edc71a3c5cf0e0690b7f4637bf41fa3fde4"
"code\ablation_sensitivity\run_CGC_GOCNMF_sensitivity3_R2009a.m","621","dc88970d705aa6126dd7be5237b0844a6474386f8bbc9ad02cbb2d8f96f6811c"
"code\cgc_gnmfld_transfer\gnmfld_fit.m","2586","a128594a2383aefd2b4dd067ce2f3f8d73285e4b05604b2c1a52fdd4960477ff"
"code\cgc_gnmfld_transfer\RUN_CGC_GNMFLD_INCREMENTAL_FIX_R2019a.m","4677","ea5151858314bf3e7e20f16348221bf2d1714261a7b5a0d196e8265ae9897927"
"code\core\Accuracy.m","451","6de1ef01f61ed6a55cb2fbbdead7040e7e3a3492022a596502aaef51263fcd63"
"code\core\assignment_min_cost.m","2709","6670b7667f451be33f2125e4f9663380179cbe360dd3e1371fb3313ec69e13ce"
"code\core\bestMap.m","1110","3313f23dcf3b852381b616c11d769c8bf7a49b99423d6968ce1454495aa772b6"
"code\core\compute_f.m","502","5aa0042dbdf64fdc998b691757376fbecbb7f41ba86b4e54c6ecb409c4bd6a49"
"code\core\CreatSampleDatasets.m","1266","b4b107244e90da01afebbf879a74f89303a908ca1be6b62b76f3fb57c4244df3"
"code\core\EDDNMF.m","833","3f9007746669460928f3b393095c93f51fbb8c1f8553148fdf1c73e1e360bea5"
"code\core\ERDNMF.m","1053","2f8a50b084ce56f01079092fb1d9679b0f26401302502058aa9bedcd6521a840"
"code\core\EuDist2.m","1198","f64774ebbe3f1a0415e346269c704ddd872b12a8b1127a06a668ae0ead331f96"
"code\core\LCNMF.m","704","f56f60276f1ea05b41c18eb145887eaabd09a70ea8fd0cb0e82e7628c442cbde"
"code\core\LCNMFdiv.m","986","2b81b90f3595e3f2a86239f7304cbada21142e812d09f72d544d8bb104c8a8ac"
"code\core\main.m","1940","452e4226d01ceb53e431b66ca6af332154c34333185056a576cf387457fc5fc4"
"code\core\MutualInfo.m","1229","a78becdf660f6df67a2a0b1ebcab8b51ab7c91f0714e13a7ac0c69ba004ce1a2"
"code\core\NormalizeFea.m","1307","4289ba22d15172944d9058c685fc7325dc4bd8d0da2ec9ca229ca2da59a4e423"
"code\core\SelLabSam_Semi_2 (1).m","989","03b2cf44c0f4de358be97acc750d2fd4166ae9a30a1a78fc9f6c21d644801623"
"code\erdnmf\GOCNMF_terminal_validation_config_R2009a.m","1332","fa6b2d98de9f4c8407619b91002b780e7c9cd382d542e4d53fe466222e185a3f"
"code\erdnmf\run_ERDNMF_six_datasets_R2009a.m","17453","0f2724f1a836eeffa6cd741637b83dd1ed1a67ae71c7296a5ad75c684d2ccaf2"
"code\erdnmf\run_GOCNMF_terminal_all_R2009a.m","728","a0c5bf5260a32a2a8838e6a5f2fa727829201b2d45b98d3847799c47add963d4"
"code\erdnmf\run_GOCNMF_terminal_dataset_R2009a.m","26823","f08eb5d74eb390d2ec3611462dddf3a2a90d8637b2a859b73090e9094d94922a"
"code\erdnmf\summarize_GOCNMF_terminal_validation_R2009a.m","13407","3975c1093dba33c12b0e8c4818f343e823b7b912ffa3e2269c2cd660d4514f7d"
"code\graph_stress\run_GCGOCNMF_graph_stress_R2009a.m","28826","181736c295cce735ad1b1f8f71988fbf2f3d2a637ce207bf13ac4fc4bd5d37c3"
"code\graph_stress\run_GCGOCNMF_min_ablation3_R2009a.m","24684","b8e8a4d3054fedf5d580a52576cf81180acc8de98a7d0de04167265feca546c9"
"code\legacy_runs\run_GCGOCNMF_first3_R2009a_FIX4.m","20872","22bb7306c29be6761ee475515bdd26fb29f52a85ff9a57b43213d7928208070d"
"code\legacy_runs\run_GCGOCNMF_remaining3_R2009a_FIX4.m","20795","377573fbdcb78c0845bed9c6be82e90e9257787456bd93ebf7c5d3fb30c01063"
"code\legacy_runs\run_GCGOCNMF_remaining3_R2009a.m","18531","f9c8d7e7370022215cc0adbded91ef4269b1a694cbf7c5dbb6b322b599fb69f6"
"code\main_comparison\run_three_direct_methods_R2009a.m","33499","3ba2e148eaa2315ac99fab62156ee60c5060f276049bdb338e64138a337c6eac"
"code\neu_cls_lbp\prepare_NEU_CLS_LBP_R2009a.m","7782","70f912cdc457e535b31f6d43d4b37ffabc63cc523e9b019dbbe5449d06ea5cb1"
"code\neu_cls_lbp\run_NEU_LBP_GOC_CGC_R2009a.m","29583","6580a6e85ceeeffd02748fcf4e156592cbcd8ba15a25c01aecfeb249b55cdf55"
"code\neu_cls\analyze_NEU_statistics_R2009a.m","5891","59f5d3174a40ede6358ee63ce7c3fe19bb73917ee91043b4dfc62f1d05be4a70"
"code\neu_cls\plot_Fig1_NEU_separate_R2009a.m","4055","b07fdb2003d41803f42560d8664b354dc62417f7fd0808cf8bfd8623b81138c5"
"code\neu_cls\plot_Fig1_NEU_separate_R2009a11.m","2066","465859c30452353361cfa2344c8354560b81a6789c6473f1c993e41ad360201e"
"code\neu_cls\plot_NEU_confusion_label20_R2009a.m","3212","f87a4f557b52eefd3b1e9a10b0f5aea9b832dd83aef05d7c94512f06c15da2e5"
"code\neu_cls\prepare_NEU_CLS_LBP_R2009a.m","7782","70f912cdc457e535b31f6d43d4b37ffabc63cc523e9b019dbbe5449d06ea5cb1"
"code\neu_cls\prepare_NEU_CLS_R2009a.m","4434","092980b8d063c4e6884bded35f8df3dc2352b41ade6d1c6ac8618f21a974e9ad"
"code\neu_cls\run_ERDNMF_NEU_formal_R2009a.m","15749","9fb94c6c11b96c4f8b33cd818cbe30d4c7e1eecfd115e46eba78a834ee88b90d"
"code\neu_cls\run_ERDNMF_NEU_labeledCV_select_alpha_R2009a.m","17004","28c302ee291d8df93eba6a564b140319c5aba392d2bb8780da449a5b02c6e392"
"code\neu_cls\run_NEU_application_R2009a.m","19522","6d5e42351dea383e70555595cf36e69899dfcd57fef2e213ae24c71b22cd15ac"
"code\neu_cls\run_NEU_LBP_all_R2009a.m","1277","61141a6b90e8906db0e045381fe65ab180ac6604439eecc2926c70c65557396d"
"code\neu_cls\run_NEU_LBP_GOC_CGC_R2009a.m","29583","6580a6e85ceeeffd02748fcf4e156592cbcd8ba15a25c01aecfeb249b55cdf55"
"code\neu_cls\summarize_NEU_application_R2009a.m","6060","0bc35fb7f362f18a4969b70426159c01fcf2b4e058df81c997717aa1eac920d6"
"code\recovered_latest\aggregate_three_seed_common_stop.ps1","3785","4fbfdb60aaf533d91f92886e6c63738eb5200ab6fcd6eb0576a5cbd4ae194160"
"code\recovered_latest\driver_common_stop_yaleb_only.m","356","4cc6e573016cf9aaab2bfb0aa26aee44c072db5400550d18c37f9fafdb8a399b"
"code\recovered_latest\driver_recovered_dataset_env.m","855","d0f6dfdcc61e8dfa4cc3a7dd7992230d9126dbad6b2704b87f73b984b7e0966f"
"code\recovered_latest\driver_recovered_six_dataset_3seed.m","1123","1b26bbf520a8f9dfdfb9ae0ae99ef9b33219755a4498cdb3e9ec086b17817fce"
"code\recovered_latest\driver_recovered_smoke.m","874","4b4241ad532ea3f2acf9734ec14822adcf8011fdfc3d3c5f6243adb245cfe434"
"code\recovered_latest\driver_snmfwlp_coil100_only.m","381","060aa8cf5fc6a416812bb249b8a9f14a7acc902eeaa35c4f1981b3e6299d3b72"
"code\recovered_latest\driver_snmfwlp_formal_env.m","598","4a7bf625fbc6bef2d5234e47144e7c483b576eac5b886a47b5faba48760bee3e"
"code\recovered_latest\driver_snmfwlp_pilot_env.m","691","71f0e3b21aaec25823f2fe81251930d25a361a9a840071bf11dc3aa619241a40"
"code\recovered_latest\run_common_stop_core_R2019a.m","36294","782d83642530961e3e9beac3c147190796fab454530558f7c37ce7b44175b80c"
"code\recovered_latest\run_remaining_recovered_3seed.ps1","1045","6515b083b86b79253f7c7d0cf8a418e821143adc721f79913c362c8d9a17bb98"
"code\recovered_latest\run_SNMFWLP_common_stop_R2019a.m","23010","35ffd77bd178279662f8b5b0a4c8b856516d13e702da01caed5076724b3df807"
"code\recovered_latest\run_snmfwlp_formal_after_pilots.ps1","2924","85dc4a12799e308c3bacbeeaa3f55d7c8fa86e207a094845f907f5b44fa4f1c1"
"code\recovered_latest\run_snmfwlp_labeled_pilot.ps1","2749","952da8974a63675ed842408543751a9c140e621fc12e12427b2bd190ef4e97d4"
"code\recovered_latest\run_snmfwlp_pilots_remaining.ps1","675","ca6eee05e2867a6b889337ce7d8b79e7d8a86373164c3ce5502f5fdbb65e574c"
"code\statistics\regenerate_release_statistics_R2019a.m","5941","8c3bf444a903dca7816c86d9c647d81c7ac072d11bdddc582b48e5294cee3d0c"
"code\timing\run_ERDNMF_end_to_end_timing_R2009a.m","16892","c1df220a5912b88307ab445308cb23502f4f03a95f286e6a26e7793d001dc4ac"
"code\timing\run_three_methods_end_to_end_timing_R2009a.m","29822","9e18e675dc7153bfd0503fe887ba0fde17e865899c5e6c02f5c01df92be58874"
"DATA_PROVENANCE.md","4438","98487f8336bb81d5b154b7e176c6e33850ee2931758bd03e3c070835ec465b3d"
"data\main_six\Optdigits_Han.mat","372481","eb72a5fdfb25316b2170a870413a1b0616f7e8ef3024b65788210a59584fd31a"
"data\README.md","1124","bf2a201047557bc2f783c888ea2b72d62956d97c543c6f4c0130ca49beb09ccf"
"figures\fig-000.png","75880","a483803c51ab34b39dd19013ffbc73e13079fd4f449752bb240f6c1be1a92707"
"figures\fig-001.png","76752","8b8b200c6d952ab3e33e1ae12b6d4f0f4002fbffd87e8625f7ba4bd84c2bad4b"
"figures\fig-002.png","75390","cdf9c9078ed4136b07cb6a879b8fffb672f9084973f97eb132a8dde8d5b570f2"
"figures\fig-003.png","75860","5b8d604b6be53aef4c8860eb0599ba052401c2c95fbbbcecfb526fd09b1c30f4"
"figures\fig-004.png","52902","eb509c3b1b7ab8766fa2d5ed067886226186651914ceb341af984d1bd5502e01"
"figures\fig-005.png","72627","098962d6f43c263dca78b290e0327eb6845501d85c2ed90bb4917a6ef379cfa9"
"figures\fig-006.png","70529","b737e21948be43205c2307b2c8eb35b8be049d50feedeea5b02b0290bcc5f276"
"FINAL_MANUSCRIPT_RESULT_AUDIT.md","6444","f2926054cfa3f61a6c125687080690717b168c2f358e4d2b06f50b43b2954183"
"LICENSE","1100","6fb5ee0f16804cd34fcdd5cd0a97318a4c49f089c495de63337332af0445dd96"
"LICENSE_SCOPE.md","847","54587568636faa92a4598aa4e1afdbcb6a67c9c01801a0378144f358c0e1cc7c"
"MANUSCRIPT_RESULT_AUDIT.md","6579","5773733c7f39655029c4bc3d49c654a6a459327021f1e9f48dc41a063a393603"
"manuscript\Evidence-guided conservative graph calibration.pdf","883237","39867537997e98396c08bd299785428ca813ca60283c348f162b04ee675d0418"
"manuscript\Evidence-guided conservative graph calibration.tex","89849","362400244bf77a0b7798fe9b16995e142517ec77288da0a9f07957f491ba3e8e"
"PAA_RELEASE_CHECKLIST.md","1347","d29c1c0b33b1db8fb5595f4659069aa1ad9cf8ef8925f2e6ededfb9d91fd9a1f"
"PRE_UPLOAD_CHECKLIST.md","2039","2905637d65355c9a76f61f2c16336c1bd2a299037c347961a51da04cf2d569cb"
"README.md","5266","290b59a39587831d87f69bfd1cf125262619b5d136ab25c8438a22df46ea118d"
"RECOVERY_NOTES.md","2556","ed9560200b9659243786ae693f6c24b08e14b469cc44bdedf2747d6bca6427e5"
"results\ablation_sensitivity\CGC_GOCNMF_ablation6_20seed_calibration_table.tex","604","c0fae9d1bb9cd77c8ab7c695d25d81195d38c91c2f29e85eca52579d586c8012"
"results\ablation_sensitivity\CGC_GOCNMF_ablation6_20seed_checkpoint.mat","15952","85c115cbec259648be3f81ee8d0092da5c3e44f15bed4c4a213b81582ee016f2"
"results\ablation_sensitivity\CGC_GOCNMF_ablation6_20seed_decision.txt","1298","c9d293efdec5b99344e5dd6f77171e3490ebb376fe713c249df070604a2db442"
"results\ablation_sensitivity\CGC_GOCNMF_ablation6_20seed_raw.csv","42413","cb800c792f477bf64ef247ff92a7d381957a5584ddf2586cf501aee359c27ed9"
"results\ablation_sensitivity\CGC_GOCNMF_ablation6_20seed_summary.csv","1747","8703c3f0561f066bc36bc98f5cdc7e85c86a37b4d10ff3d4bcae1f94ee395928"
"results\ablation_sensitivity\CGC_GOCNMF_ablation6_20seed_table.tex","1295","b8aa265cff08cc64cd64f7a873f87a691645094f2e30705f6c068f7e9fc4d487"
"results\ablation_sensitivity\CGC_GOCNMF_ablation6_3seed_calibration_table.tex","586","8b876a000cdf50b4b599831745e5b8ef9244ffe2700b47bb885625d24fea1666"
"results\ablation_sensitivity\CGC_GOCNMF_ablation6_3seed_checkpoint.mat","4217","dda852ad4fa12afdbad75d7354956e4c105f52cc1805beba2bd03cfe3c24e110"
"results\ablation_sensitivity\CGC_GOCNMF_ablation6_3seed_decision.txt","1290","b17f195ae2046e35bb6068e4a4a393d560f5fc1016c219c3eabf0c0b1ba0308d"
"results\ablation_sensitivity\CGC_GOCNMF_ablation6_3seed_raw.csv","6617","bd00a97fbb0ff506b858cf27194f90b6473b3b21eb0a895e9ccc2d02aadee656"
"results\ablation_sensitivity\CGC_GOCNMF_ablation6_3seed_summary.csv","1726","5b93685d0e706a3fb2e27aa64b3bc9b76e16f34e58af4668e8d8ed494b066a36"
"results\ablation_sensitivity\CGC_GOCNMF_ablation6_3seed_table.tex","1290","7faa370d48222a92a91b64283711924675c73f87c3b9c4baff1f6086a0e2d683"
"results\ablation_sensitivity\CGC_GOCNMF_sensitivity3_20seed_checkpoint.mat","38571","578d9b71fd9eda5027986ebcfc532be4f03b026ac849da95034692e7ecc2b438"
"results\ablation_sensitivity\CGC_GOCNMF_sensitivity3_20seed_decision.txt","4277","1d9e6059c46a219bbcb3e4187a1ee039c0c0e642a3e2c4d0f6b4bd74c3bdc563"
"results\ablation_sensitivity\CGC_GOCNMF_sensitivity3_20seed_fold_table.tex","813","531ee6fe75edc6f31d8d47529058517dd0e84ad1747d97b62364611aff2881ec"
"results\ablation_sensitivity\CGC_GOCNMF_sensitivity3_20seed_kappa_table.tex","990","321c6c6bccfeccff751073a0da43a2c8684af7b8407f7f6a2248b040406698b1"
"results\ablation_sensitivity\CGC_GOCNMF_sensitivity3_20seed_raw.csv","143440","d9d91f19f98a342c110a5871cf07a92481e16eda31ab1ccc362cc2034e99a712"
"results\ablation_sensitivity\CGC_GOCNMF_sensitivity3_20seed_summary.csv","6593","e2f5edd2a1ee0fd07bc5cb69cf1f3389bc13b3eb6ee8501d3a8b8141b5261f54"
"results\ablation_sensitivity\MANUSCRIPT_INSERTION_TEMPLATE.tex","1366","82594ca26392daacdefa4b3d4aa79fcce406a875fb98718a8e7fde4989c5b048"
"results\ablation_sensitivity\README.txt","2260","c8263cd7379f573d4e95b07dc986c23e04801ad5dd57fb60e47a738112783efe"
"results\cgc_gnmfld_transfer\CGC_GNMFLD_exact_wilcoxon_holm.csv","856","547c8f53c3599421650d408818b2ef6ce31c2c9407a328749a32035b68a4a66a"
"results\cgc_gnmfld_transfer\CGC_GNMFLD_transfer_latex_rows_FIXED.txt","511","916127b3588597581b8c8c8a1311e3e3a1e9c1360cc6fafc697a08c12d1d8b40"
"results\cgc_gnmfld_transfer\CGC_GNMFLD_transfer_raw_FIXED.csv","19752","3b730c9a13a58cbaa313d2119018c6e9f00869f77d58468c4eb7d87d1d4dd243"
"results\cgc_gnmfld_transfer\CGC_GNMFLD_transfer_summary_FIXED.txt","3081","9ed6fbda7cba5d6034044b7054aaaf79f277092f9c1603e6ab4c3853c3681a9d"
"results\common_stop_YaleB_jvm.log","1683","15885f904af5de971ba5db75b1a1c478f0165f1d05c0340a0034d42f0c1f7463"
"results\erdnmf_main\CGC_minus_ERDNMF_paired_summary.csv","707","6e4104b65eec758a43bd30f9562fa147fe5d7de63dfbf78f5974d1ad5de50ed5"
"results\erdnmf_main\ERDNMF_final_six_datasets_20seed_raw.csv","24972","959a0211da023b284e3481adc4795f2c1cf8faf08057766f46e4615525cdb713"
"results\erdnmf_main\ERDNMF_final_six_datasets_20seed_summary.csv","983","3f2e7c1f1276f3563c941aed4d192c5e57afdd6d3f0a4a2f5f9d0982393dad23"
"results\erdnmf_timing\ERDNMF_end_to_end_timing_20seed_checkpoint.mat","9408","9b2688d1728dd1b99e79a2bb993eaf28ca20f3a9f7aa8aae62fba91dc2eeca23"
"results\erdnmf_timing\ERDNMF_end_to_end_timing_20seed_decision.txt","947","8e9da304831f3e966974447f8a5b3a671004f9edbfd2f682506fefdd9b871474"
"results\erdnmf_timing\ERDNMF_end_to_end_timing_20seed_raw.csv","17954","6f3ac825fadc4aedbfd8698f361aac540c15e507719faf2f85adf213a6867b25"
"results\erdnmf_timing\ERDNMF_end_to_end_timing_20seed_summary.csv","582","6fe240f7c4574d048a96a6ebd5b2e8f3933ab5ccb9897112cf8f5a9bcf4de4e2"
"results\erdnmf_timing\ERDNMF_end_to_end_timing_20seed_table_column.tex","354","23d553548e59073da70a2ee8689b73a7ee2e71b6da8351fcabc3a37f64a5c9de"
"results\graph_stress\GCGOCNMF_graph_stress_20seed_decision.txt","1543","89df834b92c46d140c18e625452f7f79ec7cf7765a49b30bf00e366451b948eb"
"results\graph_stress\GCGOCNMF_graph_stress_20seed_raw.csv","44811","bb4efa1b3f163696101521d3a7f495627a86a483c485a939c39807948f96bbbc"
"results\graph_stress\GCGOCNMF_graph_stress_20seed_results.mat","10550","cd71482eefd3ba1e0c49b2a46fd3d42ab0f13c262e94a7184d806f68d1f129cf"
"results\graph_stress\GCGOCNMF_graph_stress_20seed_summary.csv","2820","c06565414a3733e4950ac51782651510e78318b01409600d8b9fa542794b0f9c"
"results\graph_stress\GCGOCNMF_min_ablation3_20seed_decision.txt","629","85d41f1b4c95a4a7489d18b5aa784328df89909026eb0032cea1fb799939c130"
"results\graph_stress\GCGOCNMF_min_ablation3_20seed_raw.csv","24530","3a2ed2f99c3dd8759243db991c655d0b39133e2eee9529e5f4c3e352d7b5ee8f"
"results\graph_stress\GCGOCNMF_min_ablation3_20seed_results.mat","1273","d7852169695d217954be0ca90991854b6166aa51fff0a69422d0d1d62a4f0940"
"results\graph_stress\GCGOCNMF_min_ablation3_20seed_summary.csv","1699","29c2ccbe1fcd1f10c559a4e3948cb7275afdc326ec62a33eaa8de660823bddfa"
"results\graph_stress\GCGOCNMF_min_ablation3_3seed_decision.txt","624","1b1d2e1b558b91eaa0eecd3d9c06d3999af11be40dde2063cedc0108d401b094"
"results\graph_stress\GCGOCNMF_min_ablation3_3seed_raw.csv","4020","e620c9c6536e5838bd910069c2ba2912cb906c88a2840cc5e03fd57c58db6ef8"
"results\graph_stress\GCGOCNMF_min_ablation3_3seed_results.mat","1263","da84fc43fc905920c362319b954392a0d85d169385d28dc2e45e891a15389d3b"
"results\graph_stress\GCGOCNMF_min_ablation3_3seed_summary.csv","1696","6d05bba9472b66344882b5769bb49bd7e90dc27f44f9998b38f495e504cf1a19"
"results\graph_stress\README_GRAPH_STRESS.txt","2701","ada7fee0ca3d6937bc38132365982083632b05c49f24600e2a3cc54f04072ddf"
"results\graph_stress\README_MIN_ABLATION3.txt","1259","b17c49d09d4945cc70f303c81c54c8dd10f8208bc06f64512e072ecb6ff34f92"
"results\main_comparison\CGC_minus_GOCNMF_bootstrap_10000.csv","1083","5f3348182dfab18f295b09f0f67b8bdd7d211e46b62702621feea4b2538c0003"
"results\main_comparison\GNMFLD_PARAMETER_AUDIT.txt","998","2ac118921de4fe905f415c53f0b43ff0aa8ddcd0fa7ba8290670b2e8cf9e14af"
"results\main_comparison\README_THREE_DIRECT_METHODS.txt","3352","2ccc161ce2409963202f2d516c1c1b0e540acac2a36d0ea21b1f249a02dc3be0"
"results\main_comparison\three_direct_methods_1seed_checkpoint.mat","6560","c54fe374b116ad560fe8af2636f4415f9e7abf74a50b55eee2adb5600a53d2bb"
"results\main_comparison\three_direct_methods_1seed_decision.txt","4028","e7f80fca93a90fe7d1fdf33369ef9a8b0108f7ecedcc50c00553cbe3d3378b77"
"results\main_comparison\three_direct_methods_1seed_paired.csv","1602","58ef44eddfc0ebeebe849fe711d18fac1a2ee26c7e0dd67331a0e63d2b63925a"
"results\main_comparison\three_direct_methods_1seed_parameters.csv","438","e1192c2b86309c354f42c5157819d9018842898a33004f6f31d8bf2d62f9351a"
"results\main_comparison\three_direct_methods_1seed_raw.csv","4826","8ea702407aa06c86d1c8e60f7ae831a328b3f1e2c203ce93e63cc66620daa6a8"
"results\main_comparison\three_direct_methods_1seed_summary.csv","2289","d826a40a673f1a6838501d50474a61f4e20dd0be96bed213a989d358ec3d6078"
"results\main_comparison\three_direct_methods_20seed_checkpoint.mat","55954","4599c8894c611659c9b08af192205829b5f5b2620700d5b348c864045208f63a"
"results\main_comparison\three_direct_methods_20seed_decision.txt","4077","593f06d24eed2e750d9ca704f0373be1b713319bd6949f1dc96793fc37fb371e"
"results\main_comparison\three_direct_methods_20seed_paired.csv","2297","dc8fa7bc5b1ca7ea92f56ca4ea159485b0734878be892a692aeec85858ed6df8"
"results\main_comparison\three_direct_methods_20seed_parameters.csv","438","e1192c2b86309c354f42c5157819d9018842898a33004f6f31d8bf2d62f9351a"
"results\main_comparison\three_direct_methods_20seed_raw.csv","91338","8d1aa53ac7ba125919dd7b8e0d026084ba26324eb76c15f35ea55d51dfcd92fc"
"results\main_comparison\three_direct_methods_20seed_summary.csv","3606","a50bca450506f490ec07197aa45a212c09ca4bfc4404122e8fb3c838bbf48c10"
"results\main_comparison\three_direct_methods_3seed_checkpoint.mat","12763","deb88d89c5d9609d9d1227abddfdce439491b470356f35ae3f50fa13d288aaf1"
"results\main_comparison\three_direct_methods_3seed_decision.txt","4034","e202be713df6fbd5a05cb913dea0a1667d8b06bc617f2c39180feb9b1dcd7fdf"
"results\main_comparison\three_direct_methods_3seed_paired.csv","2245","fdc8ab12d6efb383fcd102a40834ecb9f7f3581e2446e480765d4f4d9bc7dd2d"
"results\main_comparison\three_direct_methods_3seed_parameters.csv","438","e1192c2b86309c354f42c5157819d9018842898a33004f6f31d8bf2d62f9351a"
"results\main_comparison\three_direct_methods_3seed_raw.csv","13940","d0829ca57c7be7d8ce6d6d9ff7640d5ec37d0b0481db307ab7eb229e373b85a8"
"results\main_comparison\three_direct_methods_3seed_summary.csv","3619","30a7231ab0f2afc9acec09057e9984a058ae4f066288e0a2a77c42e4c0cbd9b1"
"results\main_comparison\THREE_DIRECT_METHODS_PROTOCOL.tex","1576","ccc2f6353e462a82931974614a170bf713452376ea8516bf1bfa8ea8c4de7ac1"
"results\neu_cls_lbp\NEU_LBP_GOC_CGC_20seed_checkpoint.mat","12357","125233682f2e7f18409210aa285e4d85af98bfb1b4b982b0e1771982d0558717"
"results\neu_cls_lbp\NEU_LBP_GOC_CGC_20seed_confusion_counts_label10_CGCGOCNMF.csv","138","fcd05772c0362e7840f7ced71bd5664bc905ddc6b968f454b525f09b814f7991"
"results\neu_cls_lbp\NEU_LBP_GOC_CGC_20seed_confusion_counts_label10_GOCNMF.csv","139","b59e1ec731246c4c74c01fa4ddfa746817551b4794bd9f71bc2d144ae5d351c5"
"results\neu_cls_lbp\NEU_LBP_GOC_CGC_20seed_confusion_counts_label20_CGCGOCNMF.csv","137","75a3080aa179fb9cccd88d01efde155a0007d64b7f0ef6974a39feb2626c71f4"
"results\neu_cls_lbp\NEU_LBP_GOC_CGC_20seed_confusion_counts_label20_GOCNMF.csv","143","b0d65e0ffd19dfd14565b76863c4bdf58235cd211a80c0d47981ed46889b9552"
"results\neu_cls_lbp\NEU_LBP_GOC_CGC_20seed_confusion_counts_label5_CGCGOCNMF.csv","139","9d0b658537e043c9426c65e3e6d18a36e1de3976268f6c6148b9d32d59abbc81"
"results\neu_cls_lbp\NEU_LBP_GOC_CGC_20seed_confusion_counts_label5_GOCNMF.csv","139","9d0b658537e043c9426c65e3e6d18a36e1de3976268f6c6148b9d32d59abbc81"
"results\neu_cls_lbp\NEU_LBP_GOC_CGC_20seed_confusion_normalized_label10_CGCGOCNMF.csv","320","7708a4d4d82ead0cda5f22a77e9daef0ae327d5bb463ef6bf7ba1b6d8c993e72"
"results\neu_cls_lbp\NEU_LBP_GOC_CGC_20seed_confusion_normalized_label10_GOCNMF.csv","312","23cdea12ff7fab68374f20a315d03d5c873b4be600032469bb26d5d7ffdbb349"
"results\neu_cls_lbp\NEU_LBP_GOC_CGC_20seed_confusion_normalized_label20_CGCGOCNMF.csv","271","23ba830d9ba0cbfbec389c28458561550c26df640d01ac7dad5cd97d61a13336"
"results\neu_cls_lbp\NEU_LBP_GOC_CGC_20seed_confusion_normalized_label20_GOCNMF.csv","305","7d02642ff0f86237dbeb16a2bc53ee30839b4bf66cf80f8f1141d4d8bc1638cf"
"results\neu_cls_lbp\NEU_LBP_GOC_CGC_20seed_confusion_normalized_label5_CGCGOCNMF.csv","323","1a397ad3e946ec9473df29d4ee5b66bc25107c77de78a827b505122d3ce09421"
"results\neu_cls_lbp\NEU_LBP_GOC_CGC_20seed_confusion_normalized_label5_GOCNMF.csv","323","1a397ad3e946ec9473df29d4ee5b66bc25107c77de78a827b505122d3ce09421"
"results\neu_cls_lbp\NEU_LBP_GOC_CGC_20seed_decision.txt","1719","269c69b8a30406bb686ef892049d86261f880c2cc1a9fe1f8c0fe6b0d536f418"
"results\neu_cls_lbp\NEU_LBP_GOC_CGC_20seed_paired_tests.csv","1042","9aff3de5c9ef0341c509a0e20bd9a9c815b683a29cdac8d08fd9cf4ff72b6c0d"
"results\neu_cls_lbp\NEU_LBP_GOC_CGC_20seed_raw.csv","21733","c7781383106ea7651ce628c4fb37ff4e6c1e56651bd8df20236793f8d57e1336"
"results\neu_cls_lbp\NEU_LBP_GOC_CGC_20seed_summary.csv","1083","6fb03da3adb0eb77f890d8647d8931bfbfb6bf49cc1e1739614dd45d0a0ce1bc"
"results\neu_cls_lbp\NEU_LBP_GOC_CGC_20seed_table.tex","953","c469c9fbc76c4e134600e9b9e88cf67bec772163fab20f232e568e10ddb57d03"
"results\neu_cls\ERDNMF_NEU_formal_1seed_confusion_counts_label05_ERDNMF.csv","110","0ca6d8cd8f503268da94b1d988309a1d7b750bf4a1d24962291b0aa37d26b522"
"results\neu_cls\ERDNMF_NEU_formal_1seed_confusion_counts_label10_ERDNMF.csv","110","926d1f56f5736703524fcebd6a38b8243cadaa45e33d91146044afe033a4cbc7"
"results\neu_cls\ERDNMF_NEU_formal_1seed_confusion_counts_label20_ERDNMF.csv","108","653ec597befdff04377a75b324fa311c33aee0332c62fd436045575d8cce57c2"
"results\neu_cls\ERDNMF_NEU_formal_1seed_confusion_normalized_label05_ERDNMF.csv","642","77e781bcd425c1fc94f33050c2dc19a451a559f8ba6bc7217299d11e8fccfab5"
"results\neu_cls\ERDNMF_NEU_formal_1seed_confusion_normalized_label10_ERDNMF.csv","620","b89fad9ab37b7b59980962d2dc823853070a9c05064df081c1052df7ce04a774"
"results\neu_cls\ERDNMF_NEU_formal_1seed_confusion_normalized_label20_ERDNMF.csv","454","8c40289580d35127bd3d1cd77aec3d3734c8080c122c6c945fcdde26ae8d108e"
"results\neu_cls\ERDNMF_NEU_formal_1seed_decision.txt","720","11f44f6cc0c4f17058d9ee3804ef0bd289eac858e6bb8c3326c302d5259a6290"
"results\neu_cls\ERDNMF_NEU_formal_1seed_parameters.csv","209","90a9ed16ebc4de6dbc8b16c0a23a7daf7e2a120f16e84d2f87daca5eca7fc6f1"
"results\neu_cls\ERDNMF_NEU_formal_1seed_raw.csv","549","9c4d86f8cf2ae8975d179ad0db5aec1eaf5c8fb0196815622b6a65efce7c4a8f"
"results\neu_cls\ERDNMF_NEU_formal_1seed_summary.csv","436","63d1af99bfd2ad241a57b483dc76c4c4a9f310cebe1d72853209a6ad99ff3b6b"
"results\neu_cls\ERDNMF_NEU_formal_20seed_confusion_counts_label05_ERDNMF.csv","158","7c7845e4e58cd633259b005d48f1fbb0c73633c99b3c54b1dac2ab207dda24d0"
"results\neu_cls\ERDNMF_NEU_formal_20seed_confusion_counts_label10_ERDNMF.csv","155","4eb12eca34c19401b3f1708b3b9d2821dc753a72985dd4453701694da10c6362"
"results\neu_cls\ERDNMF_NEU_formal_20seed_confusion_counts_label20_ERDNMF.csv","156","e74055e8a330f10523db12504f228c69244ee116b8a835712521f20d973dccb7"
"results\neu_cls\ERDNMF_NEU_formal_20seed_confusion_normalized_label05_ERDNMF.csv","636","a0441907f2e9d1e5e828f9770a41c86fc17e6ca2b2eb5cccbf7f9bae31d36da0"
"results\neu_cls\ERDNMF_NEU_formal_20seed_confusion_normalized_label10_ERDNMF.csv","612","1375a3769f00cc8edfaabeab15ccd9d2eeccf38b71c389d637bcfcfc213fd629"
"results\neu_cls\ERDNMF_NEU_formal_20seed_confusion_normalized_label20_ERDNMF.csv","538","306f64a19a76bdf407c5cb57e007c3537f27c0dfe27d16a3204f7b06856d70f8"
"results\neu_cls\ERDNMF_NEU_formal_20seed_decision.txt","726","f010a6a6f245aca12cf6295b660fd2eac7ae8e09014b87deb0fb8698ae214141"
"results\neu_cls\ERDNMF_NEU_formal_20seed_parameters.csv","209","40634d3516870b44a8e7080fcb863e82398411899de4179fbe5daab2ee9205d3"
"results\neu_cls\ERDNMF_NEU_formal_20seed_raw.csv","8273","df47e52772aa442007d0367d4d8c539ed18395304b2378074a4abfc4ceac087f"
"results\neu_cls\ERDNMF_NEU_formal_20seed_summary.csv","589","f5bed7109141b865b4b1d27d0494aaea1b5f426e3c1611702ad4f46af925ce7f"
"results\neu_cls\ERDNMF_NEU_labeledCV_alpha_selection_1seed_decision.txt","1349","0965c8e87cef1e6df0aae143ad088cdd756ade379cff1899d8b02c71e1cc4413"
"results\neu_cls\ERDNMF_NEU_labeledCV_alpha_selection_1seed_raw.csv","9533","a70dc4f624b77f78416a0e27898424d15155871c4d705861f7e0fa892e59c461"
"results\neu_cls\ERDNMF_NEU_labeledCV_alpha_selection_1seed_selected.csv","226","60e7290e2cb91fc152af85754c89ac90e1338ecaf90435f9f45c21bf25dff55d"
"results\neu_cls\ERDNMF_NEU_labeledCV_alpha_selection_1seed_summary.csv","984","eb046ea892f88e91d6e1d518af9913489d2fb7c304c5e0d45b8575117560d2f1"
"results\neu_cls\ERDNMF_NEU_labeledCV_alpha_selection_20seed_decision.txt","1357","d769ce91714bf13a4bd99e61d234db9c4c6eb86733806ad2760b7b4b1abd5afc"
"results\neu_cls\ERDNMF_NEU_labeledCV_alpha_selection_20seed_raw.csv","183433","a10d57638301cfdb9b312d00bfc4d9ce575a475fa60db941a4043ee232826fb1"
"results\neu_cls\ERDNMF_NEU_labeledCV_alpha_selection_20seed_selected.csv","226","fc8d92f567cad8b929b2d625fba4b027f0792e3524a8e181015b7d8461cd2d91"
"results\neu_cls\ERDNMF_NEU_labeledCV_alpha_selection_20seed_summary.csv","981","065589f6deb4a50e8eff9065ad702809f8e2e7223b800808c91eba528436923a"
"results\neu_cls\NEU_application_1seed_checkpoint.mat","1875","2f8d6b998d739240e0ac5a3400604dd7f2477c0524ee249b4ea8fc59383c761f"
"results\neu_cls\NEU_application_1seed_confusion_counts_label05_CGC-GOCNMF.csv","104","f1746e6af1edbc5f448e7bed25c59af2cef60fa89d4dcc5f9c9ff5c010c5beb6"
"results\neu_cls\NEU_application_1seed_confusion_counts_label05_GNMFLD.csv","101","a6d431cb9f274b0f6baa2e265edea533087395f47162fda70d6bdf89edc3cb7f"
"results\neu_cls\NEU_application_1seed_confusion_counts_label05_GOCNMF.csv","104","f1746e6af1edbc5f448e7bed25c59af2cef60fa89d4dcc5f9c9ff5c010c5beb6"
"results\neu_cls\NEU_application_1seed_confusion_counts_label10_CGC-GOCNMF.csv","103","0ba37f2f00233e387a9d2a04d9a2d037552dd819fa0bea8e7ca984cd82a6bc13"
"results\neu_cls\NEU_application_1seed_confusion_counts_label10_GNMFLD.csv","106","b320d142b89140c47b9f8633a612f575b685c569d7f0d67dcf45390e9eb464d5"
"results\neu_cls\NEU_application_1seed_confusion_counts_label10_GOCNMF.csv","107","8b82104fcaa31c75356bfe86e04a8c01b1826667b2c55e192e5421f6bf17f097"
"results\neu_cls\NEU_application_1seed_confusion_counts_label20_CGC-GOCNMF.csv","101","e1594a96edc40d806198253d350444573b43527e7ec875d2be8c75c52d7deebd"
"results\neu_cls\NEU_application_1seed_confusion_counts_label20_GNMFLD.csv","102","4741936fb1841ccdb91bcfef1cd11c36feb5ae86b7d0c1d9ab91a644b79970be"
"results\neu_cls\NEU_application_1seed_confusion_counts_label20_GOCNMF.csv","101","0fde2ce5953e563b6f3fb31011e11631915409b1a20c6afa288face4ab20da71"
"results\neu_cls\NEU_application_1seed_confusion_normalized_label05_CGC-GOCNMF.csv","655","9516e835114de4825276e34b812a145acbb6b420975eca4fb9283879fa209c49"
"results\neu_cls\NEU_application_1seed_confusion_normalized_label05_GNMFLD.csv","657","535376a7d411d984d2d923df3119ad32d5d13451e5ac817225856b0189850e0e"
"results\neu_cls\NEU_application_1seed_confusion_normalized_label05_GOCNMF.csv","655","9516e835114de4825276e34b812a145acbb6b420975eca4fb9283879fa209c49"
"results\neu_cls\NEU_application_1seed_confusion_normalized_label10_CGC-GOCNMF.csv","577","1b7cd27d892cb4d70042e7592ecf53d820fefba2fda56af4810c4946aa2cad6f"
"results\neu_cls\NEU_application_1seed_confusion_normalized_label10_GNMFLD.csv","602","c18d44114344308bfd1f70350c8f37e20c59545468a886a2658c3c7d918eb330"
"results\neu_cls\NEU_application_1seed_confusion_normalized_label10_GOCNMF.csv","615","2b949566ade30e23862a2d8c6dace684ffb4933a6061e6dd415dc1e2e7e80266"
"results\neu_cls\NEU_application_1seed_confusion_normalized_label20_CGC-GOCNMF.csv","480","658b52dfe8e0c853e2156073ca3e1811d3c3030fb2f4d175ed941cf386b1cd60"
"results\neu_cls\NEU_application_1seed_confusion_normalized_label20_GNMFLD.csv","576","68b3caeffe0bd0938e3dde79c12c07762d4495d7c68fca54c06758d37bedafef"
"results\neu_cls\NEU_application_1seed_confusion_normalized_label20_GOCNMF.csv","546","b8ffa2d11cde26cc6076734400bd091665fb8886b4398e4e9ffa35275207521a"
"results\neu_cls\NEU_application_1seed_decision.txt","2331","3f5eca477a7f74a60c8aa02b9fc7eaff619e2c7ba08bfdc374eca6dd0c4e87d5"
"results\neu_cls\NEU_application_1seed_paired.csv","758","20101697723b7058b13d507ddf9b6d6319d02f6282ec0573d9a6d22e413dbcb7"
"results\neu_cls\NEU_application_1seed_raw.csv","1672","a143fc05b7442e0789e7292c6df8062c59e03f636d1ed6cf4dc2cb518d872429"
"results\neu_cls\NEU_application_1seed_summary.csv","1115","b044aa862b59d884d684651d69d39347365135c676509624559fa7a9f1b0f96e"
"results\neu_cls\NEU_application_20seed_checkpoint.mat","17672","602ea58b8bb2ee0f063c503bf2506bce288be1bc1457e89e286f17429b6985ee"
"results\neu_cls\NEU_application_20seed_confusion_counts_label05_CGC-GOCNMF.csv","152","a5da2df93a0e8cc943325c0be731bb67f4d903989f24d6b313f34a37e869bd1b"
"results\neu_cls\NEU_application_20seed_confusion_counts_label05_GNMFLD.csv","151","4495d761b5a02075d61855ca6df93144778af43d31488da67755c434b83d1a09"
"results\neu_cls\NEU_application_20seed_confusion_counts_label05_GOCNMF.csv","153","aa33dfe5ffeeeb279d1c07a9f99e132c79507a2723d0f4fdf401ebc6c29947ad"
"results\neu_cls\NEU_application_20seed_confusion_counts_label10_CGC-GOCNMF.csv","148","55fb9ab5f19136a069b119442f3f1fd2572bbfafa83a9ee05e37723b21d23a1d"
"results\neu_cls\NEU_application_20seed_confusion_counts_label10_GNMFLD.csv","151","83fbb30de0ddb2f9f17ff4577c5ae1cd70c831c6658cb44f250152059e817450"
"results\neu_cls\NEU_application_20seed_confusion_counts_label10_GOCNMF.csv","151","e504beeabc4844ed1d50b1f6097e1cc61e446e6e941832968aaf79f345ef17e7"
"results\neu_cls\NEU_application_20seed_confusion_counts_label20_CGC-GOCNMF.csv","145","ac2b6d625481bed9b98e9230989994254e3645dc64dc95680d1b154add4341c1"
"results\neu_cls\NEU_application_20seed_confusion_counts_label20_GNMFLD.csv","150","1c7b6e6b79e6ce49a672a6e67c79f8fb166976b7b07a6aac766b838df66d9f05"
"results\neu_cls\NEU_application_20seed_confusion_counts_label20_GOCNMF.csv","149","bc400b47b7be6dc20032a59097a2a25dee2a0116bf9776dfaeec9efc435e228d"
"results\neu_cls\NEU_application_20seed_confusion_normalized_label05_CGC-GOCNMF.csv","666","8e829854c41cd71f161eadeab3c2153abc4d6710c94724a817f106c13aadccdb"
"results\neu_cls\NEU_application_20seed_confusion_normalized_label05_GNMFLD.csv","664","1e79784362926b8c0efb09b1d8228739e6c38c3771fa52c1f403157d57038c7d"
"results\neu_cls\NEU_application_20seed_confusion_normalized_label05_GOCNMF.csv","666","d5bfed3dc2c86ccb4d9e7a298aefa115348c363d8b0f1303aed174b3d0bb62aa"
"results\neu_cls\NEU_application_20seed_confusion_normalized_label10_CGC-GOCNMF.csv","651","1b6526676d02990175261a3204a1b664e5cdd80222745ef9550c473bffa3dd3b"
"results\neu_cls\NEU_application_20seed_confusion_normalized_label10_GNMFLD.csv","610","d537f494de724c50e1691aa81de143a81ddc4e93f6b134b05b5126e6abd91fb5"
"results\neu_cls\NEU_application_20seed_confusion_normalized_label10_GOCNMF.csv","650","1d841e69a6e2480ed3018efe5c2e369ad7e4229eb9c86dc5a815ce31a87869d6"
"results\neu_cls\NEU_application_20seed_confusion_normalized_label20_CGC-GOCNMF.csv","499","c2bdf85fb5f67d358575fffd34f05b486dbfa380cf395fa72f8450b1577e3f96"
"results\neu_cls\NEU_application_20seed_confusion_normalized_label20_GNMFLD.csv","566","afc8fe4a1bbd63dcda95e85d2440eb01cf8a0824b613f23b8c78da68f7107d05"
"results\neu_cls\NEU_application_20seed_confusion_normalized_label20_GOCNMF.csv","528","321e03965482fa4862cbbc16cf9b2cc67a4355d5fb29e4a465711c9acf96931d"
"results\neu_cls\NEU_application_20seed_decision.txt","2372","31c556ca316320621307d6c88464ec56a9ae85a9b9c5e96b45298933a082796c"
"results\neu_cls\NEU_application_20seed_paired.csv","824","394288427b826d62c4b4a6a450625bcfb736f6c4ef47fbad3926d72d1eb92e8e"
"results\neu_cls\NEU_application_20seed_raw.csv","30429","0d60b82c7b3232a2b614c0a770e236cdd36d43a39708007ba86dfbbcdfbf681a"
"results\neu_cls\NEU_application_20seed_summary.csv","1631","b3a91b210c3a07173e3fa2633ab2fdd15ddabc2a0f26765dc26932686aae04ee"
"results\neu_cls\NEU_application_paired_statistics_MATLAB.csv","2959","b1bad650e468ee80f159b0b0f4ffbf2c65232482629f774b60b634c5cb4e858c"
"results\neu_cls\NEU_APPLICATION_PROTOCOL.tex","1321","b18044902683e7ddec2718bb197ff426270659dd7791f4de5faa5db2e2e54b2b"
"results\neu_cls\README_FIX.txt","597","4c8e7a577051afc909f65756200daa01c4a458d0edb8687f0e33b2ee59b6f2b9"
"results\neu_cls\README_NEU_APPLICATION_STAGE1.txt","2011","417c0e7e826ad4e0e816f468355b09921aa3c0c7d97386650e67528c7bc086bb"
"results\neu_cls\README_TABLE6_ERDNMF.txt","1622","fb8dc149db6c118685cfb7cab8e509d78e95f737170c24e2d90fb31b4a3dcf9f"
"results\neu_cls\TABLE6_ERDNMF_TEMPLATE.tex","1374","1fd643b89ec440c9e76dad121b0f572ecffc1dd159fe5fe6d3f6742468cfdd71"
"results\recovered_3seed_audit.txt","591","3a818e018ee132cc75b33b1feb26dd453c9c27e6258179b3283497471b5c8675"
"results\recovered_3seed_COIL100_resume.log","4758","ddf5eb8cfbef3b6d598cafb200525c897c129e23644ce29af94f10dddc8fec08"
"results\recovered_3seed_COIL100_resume2.log","5711","ffef8a7813deb55cda3f0d89163bf8690a644207c5daa09b31e4bd7f32ebae6e"
"results\recovered_3seed_COIL100_snm_only.log","1121","8890d4edd6d552de5e67fb7b076fb9e3ed6d3c53daead66688faa7bbdf07888a"
"results\recovered_3seed_COIL100.log","8620","3ed05e73d5d592577ae491df26efb94cb4b1f12ef677a37381ddbf8c4cd16c85"
"results\recovered_3seed_COIL20.log","2618","ad286cd024591b9ec5e6ab78582a730742155b5c16f6433c0b2217bbe80fa7a3"
"results\recovered_3seed_MNIST.log","3265","8e4a56899e6c7f40587c6fe08a11335c145db33f2da6a83b801059def3582f8b"
"results\recovered_3seed_Optdigits.log","3149","4295086c543b29701500dcacb31ded4f5978e90f2fc6a34cbde04497bccdacc2"
"results\recovered_3seed_YaleB.log","2140","58516cac0af0c1d37442bdf476bbb71502113c721ae6b5b3bcbece43719b4b06"
"results\recovered_common_stop_3seed_summary.csv","4204","ffadf51746ce52533e57efb7a441d902db2bae8816611955233874c45a6edaf7"
"results\recovered_latest_smoke_v2.log","2162","bc1ec6f759fab1783580fd9bdb10469b270ecee980ef48c3bd1816352bdce1fd"
"results\recovered_latest_smoke_v2\common_stop_COIL20\common_stop_core_1seed_checkpoint.mat","2224","279e131a00a71198f5f7f545ca7cbe531af725694d0b4b9c2c1f3b5eaf042a93"
"results\recovered_latest_smoke_v2\common_stop_COIL20\common_stop_core_1seed_decision.txt","1203","c58f9a762d8d3d9be56cf6abb6ba451b5b1676dcc3ca7e68f877eb2985519e4c"
"results\recovered_latest_smoke_v2\common_stop_COIL20\common_stop_core_1seed_paired.csv","375","e59c8b4b1f72164b932b73f0bbd8e8abd15f0ade41d7ae578d36ce0b15acad53"
"results\recovered_latest_smoke_v2\common_stop_COIL20\common_stop_core_1seed_parameters.csv","168","5a0cff1e654bbd290cb4a04c899441ed96e781a10a95055e4c51027c450a83c6"
"results\recovered_latest_smoke_v2\common_stop_COIL20\common_stop_core_1seed_raw.csv","1140","e48c6205f3913451d26dd947e5b7e35d5ebf21ec909402ec0712b5f0b0dcd5c2"
"results\recovered_latest_smoke_v2\common_stop_COIL20\common_stop_core_1seed_summary.csv","543","37c94df24ee43248a3a515dff43844ac2b93dd4859b1cb35ed684dc4d6245d5b"
"results\recovered_latest_smoke_v2\RECOVERED_EXECUTION_COMPLETE.txt","131","682b17759e72bc2e8ed00d543304af2e568e53e49a6e6af860c2f29ea084801e"
"results\recovered_latest_smoke_v2\snmfwlp_COIL20\SNMFWLP_common_stop_1seed_decision.txt","484","c5fba26f4a54f3763069de322d1af33d636cc4a8ec6994853c19f695ff49bd0d"
"results\recovered_latest_smoke_v2\snmfwlp_COIL20\SNMFWLP_common_stop_1seed_parameters.csv","214","238c7ae8fa6aacaa929af250e37c3cf3be90135aaf4615f1a36f3d2554b75446"
"results\recovered_latest_smoke_v2\snmfwlp_COIL20\SNMFWLP_common_stop_1seed_raw.csv","549","cea7501047b5f429eea9d475d00d53a10fd45e417a7fc4644f22fc387e6b219e"
"results\recovered_latest_smoke_v2\snmfwlp_COIL20\SNMFWLP_common_stop_1seed_summary.csv","328","95a8fed750c67f0960f696e448991df0ae70b3d6893a8dfe925f8212f0057ef2"
"results\recovered_latest_smoke.log","2140","fc4ecdf7f8213964761c42d04cb860c53ecbabb4cf51b9401a4a0a5176511c67"
"results\recovered_latest_smoke\common_stop_COIL20\common_stop_core_1seed_checkpoint.mat","2225","0374a75318dfd03282532435dafe9445d8521b6b9579d98c096897864cbbc9e0"
"results\recovered_latest_smoke\common_stop_COIL20\common_stop_core_1seed_decision.txt","1203","164e2e48bed7d0ac1ecb7141325e10f88ccfda9ef35efdc1baa8ffedd9cfcb82"
"results\recovered_latest_smoke\common_stop_COIL20\common_stop_core_1seed_paired.csv","375","e59c8b4b1f72164b932b73f0bbd8e8abd15f0ade41d7ae578d36ce0b15acad53"
"results\recovered_latest_smoke\common_stop_COIL20\common_stop_core_1seed_parameters.csv","168","5a0cff1e654bbd290cb4a04c899441ed96e781a10a95055e4c51027c450a83c6"
"results\recovered_latest_smoke\common_stop_COIL20\common_stop_core_1seed_raw.csv","1137","7734ea4cfcae6b2de10f77f231cdc93480c0e7e9e96d65ad8212c493be298c52"
"results\recovered_latest_smoke\common_stop_COIL20\common_stop_core_1seed_summary.csv","543","a52e69a542fd7847025f2b9e4ff9cd8a2898bbe356187075b98cc9757ab41c7f"
"results\recovered_latest_smoke\snmfwlp_COIL20\SNMFWLP_common_stop_1seed_decision.txt","474","d4db339a387c95eaf205a04cfbcd03bb1cbd134a87f15035d943bbe4c2e81230"
"results\recovered_latest_smoke\snmfwlp_COIL20\SNMFWLP_common_stop_1seed_parameters.csv","214","238c7ae8fa6aacaa929af250e37c3cf3be90135aaf4615f1a36f3d2554b75446"
"results\recovered_latest_smoke\snmfwlp_COIL20\SNMFWLP_common_stop_1seed_raw.csv","548","58342d501841ee903a846dae89d319fc5c0c0f56e45dcb8fceb4a31daf0a5cb7"
"results\recovered_latest_smoke\snmfwlp_COIL20\SNMFWLP_common_stop_1seed_summary.csv","327","c1cfad474994730550a212c39b9442064577bb52080ff76a510f21287e6de63f"
"results\recovered_six_dataset_3seed_resume1.log","2769","dc0f57dbe0502a2ed91ee87c3eb505f5bf5389dae8cac1faba9bc78ce3fb6244"
"results\recovered_six_dataset_3seed.log","6783","97032bee9d5bdab02a547f7142f059cf4aa565f8d4e393d9ab54e2defb63604a"
"results\recovered_six_dataset_3seed\common_stop_COIL100\common_stop_core_3seed_checkpoint.mat","3399","5ee060ec91c680666117ceac825ebe425dfd6c073ee4f1767e775b09be706ea2"
"results\recovered_six_dataset_3seed\common_stop_COIL100\common_stop_core_3seed_decision.txt","1220","7cd9221070851446caade92b0a32dd06ec3cecd4096a1fa6e586c6d40ef991d6"
"results\recovered_six_dataset_3seed\common_stop_COIL100\common_stop_core_3seed_paired.csv","484","e213c467d2d55ca9e184428fb08137d76a5e41b7404c8b841f5daf043d052bdc"
"results\recovered_six_dataset_3seed\common_stop_COIL100\common_stop_core_3seed_parameters.csv","177","9819b159a98fdc751d9b8a4b089f0443c208c024927873c2899c1feadac59e4c"
"results\recovered_six_dataset_3seed\common_stop_COIL100\common_stop_core_3seed_raw.csv","2935","a20eecaf507cb8a0eb94c923a7a0905619e44852343edaabe7416912c6424b8f"
"results\recovered_six_dataset_3seed\common_stop_COIL100\common_stop_core_3seed_summary.csv","790","00459d4e01c089db81747bd39cfd1233834c2155be4bb5962cd0886dc6260cab"
"results\recovered_six_dataset_3seed\common_stop_COIL20\common_stop_core_3seed_checkpoint.mat","3313","f87c9fa6c0a8935340993deead811beb33cfaa9e1efc04dee0ae5036c771736a"
"results\recovered_six_dataset_3seed\common_stop_COIL20\common_stop_core_3seed_decision.txt","1209","a2121cd8212e892712ab19a5a312aeed1edfb83aa91e92c38411da5db32a9819"
"results\recovered_six_dataset_3seed\common_stop_COIL20\common_stop_core_3seed_paired.csv","481","956575b15cfd11169ac9b0450b9d0cd6ea7da816eb1332a03f5832cff5727951"
"results\recovered_six_dataset_3seed\common_stop_COIL20\common_stop_core_3seed_parameters.csv","168","5a0cff1e654bbd290cb4a04c899441ed96e781a10a95055e4c51027c450a83c6"
"results\recovered_six_dataset_3seed\common_stop_COIL20\common_stop_core_3seed_raw.csv","2813","a52639cede4e95ea07a9aa290cfec84d841e7a04ac4c2846597b374ca0dbca6f"
"results\recovered_six_dataset_3seed\common_stop_COIL20\common_stop_core_3seed_summary.csv","781","e355a6d47125de175c08f72b7e9abaf4b2e87ae2ec3bcce720804bfa3b5421a9"
"results\recovered_six_dataset_3seed\common_stop_MNIST\common_stop_core_3seed_checkpoint.mat","3344","2d6795ce630dd455d4604e553886012d2da46d5fab0028b2943e6b13608033de"
"results\recovered_six_dataset_3seed\common_stop_MNIST\common_stop_core_3seed_decision.txt","1203","ccc2bba23512de550843cd95721a34c32c6c873280afcfb73e10bb7ee38458c5"
"results\recovered_six_dataset_3seed\common_stop_MNIST\common_stop_core_3seed_paired.csv","485","db9baf68e0715f35e08c34859b10a820008307d99c6e0f756af016d0d91be8ec"
"results\recovered_six_dataset_3seed\common_stop_MNIST\common_stop_core_3seed_parameters.csv","168","bf970af9479adca27488897b24819a74de38fd03e26c5b7fe5d44cfc1f338c3d"
"results\recovered_six_dataset_3seed\common_stop_MNIST\common_stop_core_3seed_raw.csv","2839","bcc2b81b75c6d55aedcdc4ec97b450326074c0a11ea0e96108aa6583e42db7e9"
"results\recovered_six_dataset_3seed\common_stop_MNIST\common_stop_core_3seed_summary.csv","776","ad5500f6dd65b3f7b47fa4ef78e273c878e76726a3986a57f2db1c104695e39a"
"results\recovered_six_dataset_3seed\common_stop_Optdigits\common_stop_core_3seed_checkpoint.mat","3389","5231125a0b7016a621fba2ca98c4d700af78b88e18af4eb41d0d40c27fd97027"
"results\recovered_six_dataset_3seed\common_stop_Optdigits\common_stop_core_3seed_decision.txt","1227","248bd624b2a6ddd26091ee9d5f89b88befb0582230c16e57c831d29247c3caa6"
"results\recovered_six_dataset_3seed\common_stop_Optdigits\common_stop_core_3seed_paired.csv","502","e4e3f2a2188ab656ed707aa1478a58e11bad83a36131e447ddf8293eec1305c4"
"results\recovered_six_dataset_3seed\common_stop_Optdigits\common_stop_core_3seed_parameters.csv","179","1dcf6805006e6868b30d6a649da3b4bb3953fea70c59fcce4dbbcb50714ebfd6"
"results\recovered_six_dataset_3seed\common_stop_Optdigits\common_stop_core_3seed_raw.csv","2926","ef1e01e6fc96698c975aff535f5327a68c39a8617acc3441bbbfc93a8f25f32a"
"results\recovered_six_dataset_3seed\common_stop_Optdigits\common_stop_core_3seed_summary.csv","798","35132bac96a1c1023e89e1948b2deb356b0278024793eff58fe0d95185b96c85"
"results\recovered_six_dataset_3seed\common_stop_PIE\common_stop_core_3seed_checkpoint.mat","2955","7abcbb8ac1ec910ce69f959a91d84355dedc819359dfed3cc7c94218d9b86411"
"results\recovered_six_dataset_3seed\common_stop_PIE\common_stop_core_3seed_decision.txt","1193","13b22b8121e1bdf3e1e0cc28b69416483e4998ea9339059c1968d0c682c1ae10"
"results\recovered_six_dataset_3seed\common_stop_PIE\common_stop_core_3seed_paired.csv","404","f78c982ee1a67fa4c9b7623740a406bb4dada0a2def0db5e97cc958d95ecf182"
"results\recovered_six_dataset_3seed\common_stop_PIE\common_stop_core_3seed_parameters.csv","168","4d6f5bac63450c1b3fda90d7584ca30644423abfdaa63cdaf69d283b8cc95cba"
"results\recovered_six_dataset_3seed\common_stop_PIE\common_stop_core_3seed_raw.csv","2754","0c1dd2078a2d224bf3ae900ce0fbde936cf2e91578525bacb9234689fac31587"
"results\recovered_six_dataset_3seed\common_stop_PIE\common_stop_core_3seed_summary.csv","755","d91728c611c561acf693d59ba99abc9936a7f4889477287d121de94864a83c46"
"results\recovered_six_dataset_3seed\common_stop_YaleB\common_stop_core_3seed_checkpoint.mat","3234","ad03f647f5a5cd395eac5ebbf5cf94e1122ddde716b497548244e903243874aa"
"results\recovered_six_dataset_3seed\common_stop_YaleB\common_stop_core_3seed_decision.txt","1204","dac84a1b4db7488d24b5880b4fe82729284e5d19499935898a4cc6fed3b0d95c"
"results\recovered_six_dataset_3seed\common_stop_YaleB\common_stop_core_3seed_paired.csv","478","da39a064093440bb170ca24f2a1bc5effe142b46b174a3af00b70c8df8995e3c"
"results\recovered_six_dataset_3seed\common_stop_YaleB\common_stop_core_3seed_parameters.csv","171","907175e4254962348a6fbf68f51f27ecad1edf7c6d8b6ccee4553f91e68795ef"
"results\recovered_six_dataset_3seed\common_stop_YaleB\common_stop_core_3seed_raw.csv","2789","752c92d3001a9f7aa9a91df91beedfd0687fccdbeb5397de50a691f446d1a359"
"results\recovered_six_dataset_3seed\common_stop_YaleB\common_stop_core_3seed_summary.csv","775","b7dedf10e72db6eb11f4b871fd8cd7a616c202d47f1ea958dad0e2ed076ae13f"
"results\recovered_six_dataset_3seed\snmfwlp_COIL100\SNMFWLP_common_stop_3seed_decision.txt","486","326c1502204af980f61651ec0349cec801d82f2bfb37c7f9bad55cabe52591eb"
"results\recovered_six_dataset_3seed\snmfwlp_COIL100\SNMFWLP_common_stop_3seed_parameters.csv","218","d17ad8223d3a49300fbe07c9c8b11cf94061932fd40e93eb175fe0e0790f6371"
"results\recovered_six_dataset_3seed\snmfwlp_COIL100\SNMFWLP_common_stop_3seed_raw.csv","1046","5cb6d48cedad18972ce30d0e97ef51df7d1a376b8e4f80cb1a0d281323179b30"
"results\recovered_six_dataset_3seed\snmfwlp_COIL100\SNMFWLP_common_stop_3seed_summary.csv","384","99e3e1d33513752a121a2d4528ad2c0536cb5409dea0d49345b12ca04e9640cc"
"results\recovered_six_dataset_3seed\snmfwlp_COIL20\SNMFWLP_common_stop_3seed_decision.txt","484","18fa31ecba1cfcb8e5b5a819a16353531e3854ad7da18a8fb990c3ed23a33af1"
"results\recovered_six_dataset_3seed\snmfwlp_COIL20\SNMFWLP_common_stop_3seed_parameters.csv","217","d8b4dc72003545b45caa10be0df17a62a41c29b3853825741c3cad574fab8982"
"results\recovered_six_dataset_3seed\snmfwlp_COIL20\SNMFWLP_common_stop_3seed_raw.csv","1035","92e5727ad3a77a9e75379395e3cc3aa7aaaa01471dda36652dc7a7b0a2ad513c"
"results\recovered_six_dataset_3seed\snmfwlp_COIL20\SNMFWLP_common_stop_3seed_summary.csv","380","1f32c6005f368b499c3836269a5ce263367208504bcdabb993cfc96b168b5c88"
"results\recovered_six_dataset_3seed\snmfwlp_MNIST\SNMFWLP_common_stop_3seed_decision.txt","483","8ee100821c654020fb3e8bd811d791f4ffbaa0fef5dc28d0bbb7d29bdb98a996"
"results\recovered_six_dataset_3seed\snmfwlp_MNIST\SNMFWLP_common_stop_3seed_parameters.csv","216","3be266ec114c1a5ff6aa2923c5bcd2ccfbbac0bae21538c99902612e34460adc"
"results\recovered_six_dataset_3seed\snmfwlp_MNIST\SNMFWLP_common_stop_3seed_raw.csv","1025","7be81ec688df301319e5c86bd002c1a3b7d378833a05d6c45979074a939b1e6c"
"results\recovered_six_dataset_3seed\snmfwlp_MNIST\SNMFWLP_common_stop_3seed_summary.csv","381","604aa9319feb48c179b0514e5586f0f20c284fc99ab501f6a244e2b99d1b6ee4"
"results\recovered_six_dataset_3seed\snmfwlp_Optdigits\SNMFWLP_common_stop_3seed_decision.txt","487","e08f58ceb66e745cff3abf532d6139587969d5bb0f0c97c1b9156d0086ca48fa"
"results\recovered_six_dataset_3seed\snmfwlp_Optdigits\SNMFWLP_common_stop_3seed_parameters.csv","220","fbf8227e78cc3755dedb6b35965ceff1726224ab71b564b57b3fd3a47a63231a"
"results\recovered_six_dataset_3seed\snmfwlp_Optdigits\SNMFWLP_common_stop_3seed_raw.csv","1047","5a864c3631093a77e55f124d106f09c0d5a5c4aaff7ea3ab100fdfd551a3ddef"
"results\recovered_six_dataset_3seed\snmfwlp_Optdigits\SNMFWLP_common_stop_3seed_summary.csv","386","00b0416368163c61ffdd998353aaa2daddfa93d84339b29624dd326526af6f18"
"results\recovered_six_dataset_3seed\snmfwlp_PIE\SNMFWLP_common_stop_3seed_decision.txt","483","602e7222c71725cbaa3ec98dc88c74fee8a70835cc689ada565ebdac716eb131"
"results\recovered_six_dataset_3seed\snmfwlp_PIE\SNMFWLP_common_stop_3seed_parameters.csv","215","481184bbd05a1309a7a1bfedb9a10235630036d30e46d623c06c420a61e79ea8"
"results\recovered_six_dataset_3seed\snmfwlp_PIE\SNMFWLP_common_stop_3seed_raw.csv","1010","844d8a0ecb6717445f1a73931d9dfb5f9249a64d865a568cbe3d6c906d9b7705"
"results\recovered_six_dataset_3seed\snmfwlp_PIE\SNMFWLP_common_stop_3seed_summary.csv","381","622336d5f77ec549a2ee208e6f5cf3d21dabba5e70368bb1c9e8a8c68c72bcab"
"results\recovered_six_dataset_3seed\snmfwlp_YaleB\SNMFWLP_common_stop_3seed_decision.txt","484","7ab06840e6a25876e57d32db16cb8f126fccdf0fe0dd7cebe2e02d04b0bc749b"
"results\recovered_six_dataset_3seed\snmfwlp_YaleB\SNMFWLP_common_stop_3seed_parameters.csv","216","38cf8dae9445bc1a60caa99363eb15e900bfab3aa95f7a18de0ca105013ca4e6"
"results\recovered_six_dataset_3seed\snmfwlp_YaleB\SNMFWLP_common_stop_3seed_raw.csv","1018","302682cbd23b63bde1830cda3601758602ce700d33a03eb0e8bacb1df4d38df5"
"results\recovered_six_dataset_3seed\snmfwlp_YaleB\SNMFWLP_common_stop_3seed_summary.csv","382","bd0aad9e178f16d0973e864de3fae9ac365f459ef19fe53506818777ac3969a9"
"results\recovered_snmfwlp_3seed_summary.csv","1492","3046c8c88243c879f7f218d1b927790a2c1d65197890bd5464f841af7c250828"
"results\timing\END_TO_END_TIMING_PROTOCOL.tex","1349","1ab3c7515dce762155889c910c78159ce9e4e76e0324304326937a8b009c3bdd"
"results\timing\README_END_TO_END_TIMING.txt","2089","ab0d466335530b9df0cc8e045a966f3e653b093f4c450f4fddefe94677e6b50f"
"results\timing\three_methods_end_to_end_timing_1seed_checkpoint.mat","4893","01ed243c01ef0f3eb7399a09e4bdbfa6b2c50fdf8208cf49631db000b93256d5"
"results\timing\three_methods_end_to_end_timing_1seed_decision.txt","2937","3a510c7e9f91814937d3da3df1dd68cfa47e73a42e2b051ebd802981f43e819c"
"results\timing\three_methods_end_to_end_timing_1seed_raw.csv","3118","554b1c151fbe4c611685aaab5c3f32f3bb7f6601f0956b57f3dfa2f89bfae59a"
"results\timing\three_methods_end_to_end_timing_1seed_summary.csv","3473","ec354f3cc4d35a176ef285721591c96f5f4798e43bf6f665688f48ab83e62d1d"
"results\timing\three_methods_end_to_end_timing_1seed_table.tex","885","1da8c97195985f4bff2282172c5c5faa87605e86faaa23bdde0c83c6823e927f"
"results\timing\three_methods_end_to_end_timing_20seed_checkpoint.mat","39157","d00f83559ceb047e3979bbd1cbce2d70027b43edf13727bfdbe3798e9271f2a7"
"results\timing\three_methods_end_to_end_timing_20seed_decision.txt","2950","d89b21ae71fd205c50d1705f16d9845288c99d1724784134f9f0648beaa4f514"
"results\timing\three_methods_end_to_end_timing_20seed_raw.csv","58493","e6ddf09319ea150f18824621e40b197b58d2ff6af36027ec5c8d3a061840d54d"
"results\timing\three_methods_end_to_end_timing_20seed_summary.csv","3512","f1ec76f4bebc8dba6b2f04976b47c28e0718cfb7fd93ce92a5a3ad88ac7ce427"
"results\timing\three_methods_end_to_end_timing_20seed_table.tex","885","4748d47091b41c8d9c3363069a3ddf86d6ecc481a9ced0eeb852b4f97358be1c"
"results\timing\three_methods_end_to_end_timing_3seed_checkpoint.mat","9214","ac9c910e30af8b0dee32af7e7e68259c1560bd4121285aae5c2ef588ae952dc1"
"results\timing\three_methods_end_to_end_timing_3seed_decision.txt","2943","898a5e4b76f3749d400e0ed982dfd297eb011510342cf0c6b12b0df8adeb40f3"
"results\timing\three_methods_end_to_end_timing_3seed_raw.csv","8959","3d3c2f54502afe9de74a092669798b4cb3aa186ed9c3776e803143489fd96d0b"
"results\timing\three_methods_end_to_end_timing_3seed_summary.csv","3499","e2fae007ca8fdfc8cdb6bba2c21a19d29f2deb4f45afad279e3a6bf953d139b0"
"results\timing\three_methods_end_to_end_timing_3seed_table.tex","885","bdb4546ea4c3649659787bdce5895511e514a08d81ec3e82a659da724ffa6ab0"
"run_public_smoke_test.m","606","f25deffec710661d7d107e580c507fafb13bcea20507c64aa23a877229f81042"
"run_smoke_test.m","1050","de6e36215f4177d06f07fa9331fbb6b26cbdf9833e322bbebf90b7419dd1f398"
"THIRD_PARTY_NOTICES.md","862","e59133dd0d92b4600ce0ca84b1e4d154e0b8ee97fee7b27a48e274ea4bc99aee"
"tools\build_recovered_release.ps1","2532","3f22861e2deee2722cb22d925144deb4c70d65e844b57d3917582e20aa19f001"
"tools\extract_historical_patches.py","798","79a9bc564d8dea7cb7d25a80359e9d5c139b5384587f275938cfc973835f44b8"
"tools\search_session_outputs.py","846","66a0a435a17c5592526cf5dd4517b0d2d1b7ce6d12a7c0dcb4b2c08345c74e6b"
"tools\verify_before_upload.ps1","2553","0cd61af30a650f5767d0e87ada34eff3057dbc3e7ad84fdda6f6218c1d997f6c"
"UPLOAD_INVENTORY.md","1528","0df71af1721301922cd28a12667869b80e841b43aa969d463e0718fdb4a1b825"
