all_ACC,all_NMI,alpha,classes,data_file,dataset,features,iterations,labeled_ACC,labeled_count,method,objective_final,objective_initial,objective_nonincrease,parameter_source,run_seconds,samples,seed,unlabeled_ACC,unlabeled_NMI
0.813725490196078,0.865003157754945,400,68,PIE.mat,PIE,1024,200,0.992647058823529,272,ERDNMF,86.7567020751603,852686226.201633,1,public-code-PIE,16.395133,2856,20260617,0.794891640866873,0.858220140269691
0.791666666666667,0.866649456268768,400,68,PIE.mat,PIE,1024,200,0.988970588235294,272,ERDNMF,87.4183753634731,861866277.739372,1,public-code-PIE,16.574228,2856,20260618,0.770897832817337,0.86104424219858
0.802521008403361,0.864201300364519,400,68,PIE.mat,PIE,1024,200,1.0,272,ERDNMF,88.7607573558406,852389318.108492,1,public-code-PIE,16.346765,2856,20260619,0.781733746130031,0.85744861972709
0.781512605042017,0.851194573307119,400,68,PIE.mat,PIE,1024,200,0.992647058823529,272,ERDNMF,88.0376318185419,851298705.59242,1,public-code-PIE,16.475871,2856,20260620,0.759287925696594,0.844027473576025
0.801820728291317,0.859844157507937,400,68,PIE.mat,PIE,1024,200,0.992647058823529,272,ERDNMF,88.9504181495707,851215120.94175,1,public-code-PIE,16.542818,2856,20260621,0.781733746130031,0.852640575092023
0.78781512605042,0.84421770699889,400,68,PIE.mat,PIE,1024,200,0.996323529411765,272,ERDNMF,92.5216509051735,852505554.06454,1,public-code-PIE,16.617073,2856,20260622,0.765866873065015,0.836003679048618
0.814075630252101,0.879829102766098,400,68,PIE.mat,PIE,1024,200,0.992647058823529,272,ERDNMF,88.1525017508438,854781034.492803,1,public-code-PIE,16.407911,2856,20260623,0.795278637770898,0.874870205006105
0.777310924369748,0.853074019295043,400,68,PIE.mat,PIE,1024,200,0.981617647058823,272,ERDNMF,84.4576429760515,852740469.959376,1,public-code-PIE,16.616404,2856,20260624,0.755804953560371,0.84727748840874
0.804971988795518,0.857211674916164,400,68,PIE.mat,PIE,1024,200,0.988970588235294,272,ERDNMF,96.3086574964709,847645807.934896,1,public-code-PIE,16.537446,2856,20260625,0.785603715170279,0.848684694089665
0.774159663865546,0.852619978551707,400,68,PIE.mat,PIE,1024,200,0.992647058823529,272,ERDNMF,95.2046194762561,854984575.155108,1,public-code-PIE,16.686268,2856,20260626,0.751160990712074,0.845042155873205
0.78781512605042,0.852125196853934,400,68,PIE.mat,PIE,1024,200,0.992647058823529,272,ERDNMF,94.6843877403987,850725874.472874,1,public-code-PIE,16.559268,2856,20260627,0.76625386996904,0.844262073780156
0.77906162464986,0.846045068653645,400,68,PIE.mat,PIE,1024,200,1.0,272,ERDNMF,88.6582941145555,853241016.772077,1,public-code-PIE,16.445019,2856,20260628,0.755804953560371,0.837365869959876
0.773809523809524,0.846078575409379,400,68,PIE.mat,PIE,1024,200,0.992647058823529,272,ERDNMF,86.1786439806182,853310496.587243,1,public-code-PIE,16.41123,2856,20260629,0.75077399380805,0.838720826139481
0.786764705882353,0.854520308855498,400,68,PIE.mat,PIE,1024,200,0.985294117647059,272,ERDNMF,68.5473088929762,848871343.094458,1,public-code-PIE,16.86399,2856,20260630,0.765866873065015,0.847669931018553
0.793767507002801,0.856543994520888,400,68,PIE.mat,PIE,1024,200,0.996323529411765,272,ERDNMF,95.6524068780787,849164610.484307,1,public-code-PIE,16.585357,2856,20260631,0.772445820433437,0.848998498518545
0.805322128851541,0.858472244885687,400,68,PIE.mat,PIE,1024,200,0.992647058823529,272,ERDNMF,94.6822316355778,860961732.24935,1,public-code-PIE,16.207195,2856,20260632,0.785603715170279,0.850818624704866
0.79936974789916,0.857503217759537,400,68,PIE.mat,PIE,1024,200,0.977941176470588,272,ERDNMF,69.2483940995708,848576305.771808,1,public-code-PIE,16.245564,2856,20260633,0.780572755417957,0.850790135436936
0.788165266106443,0.848804501127291,400,68,PIE.mat,PIE,1024,200,0.992647058823529,272,ERDNMF,92.3603337792282,843913006.720381,1,public-code-PIE,16.421634,2856,20260634,0.766640866873065,0.840498792181009
0.80952380952381,0.870294896431002,400,68,PIE.mat,PIE,1024,200,0.985294117647059,272,ERDNMF,76.4744198787964,843176602.706289,1,public-code-PIE,20.584346,2856,20260635,0.791021671826625,0.864455597044715
0.788515406162465,0.850428255651525,400,68,PIE.mat,PIE,1024,200,0.996323529411765,272,ERDNMF,96.0869217331883,855054663.780846,1,public-code-PIE,23.870386,2856,20260636,0.766640866873065,0.841640533178962
0.306130903065452,0.415703772856606,1000,38,YaleB.mat,YaleB,1024,200,1.0,227,ERDNMF,293.578074873807,227469723.192688,1,labeled-only-pilot-selection,11.879805,2414,20260617,0.23411065386374,0.396487507388572
0.308202154101077,0.392131405813096,1000,38,YaleB.mat,YaleB,1024,200,1.0,227,ERDNMF,286.177981600947,228806454.137054,1,labeled-only-pilot-selection,11.834697,2414,20260618,0.236396890717878,0.37113517948532
0.326014913007457,0.41491712190425,1000,38,YaleB.mat,YaleB,1024,200,1.0,227,ERDNMF,293.403015621244,227472219.368708,1,labeled-only-pilot-selection,11.955842,2414,20260619,0.256058527663466,0.395614485210435
0.304888152444076,0.399870811691968,1000,38,YaleB.mat,YaleB,1024,200,1.0,227,ERDNMF,287.085761403231,226533942.093262,1,labeled-only-pilot-selection,11.99721,2414,20260620,0.232738911751257,0.379966317576585
0.311101905550953,0.406730100107773,1000,38,YaleB.mat,YaleB,1024,200,1.0,227,ERDNMF,296.555582419099,226836100.800885,1,labeled-only-pilot-selection,12.009123,2414,20260621,0.239597622313672,0.386803535714392
0.332642916321458,0.409297648527745,1000,38,YaleB.mat,YaleB,1024,200,1.0,227,ERDNMF,294.01393942219,225393313.825719,1,labeled-only-pilot-selection,12.063344,2414,20260622,0.263374485596708,0.388415623128178
0.291217895608948,0.393182134727478,1000,38,YaleB.mat,YaleB,1024,200,1.0,227,ERDNMF,294.769879582311,227203962.825826,1,labeled-only-pilot-selection,11.861223,2414,20260623,0.217649748513946,0.376142304819773
0.332228666114333,0.413810989722072,1000,38,YaleB.mat,YaleB,1024,200,1.0,227,ERDNMF,290.240405040004,227151468.259149,1,labeled-only-pilot-selection,12.12001,2414,20260624,0.26291723822588,0.39311187377038
0.316072908036454,0.401710911588077,1000,38,YaleB.mat,YaleB,1024,200,1.0,227,ERDNMF,292.680810278682,225438753.674738,1,labeled-only-pilot-selection,11.974467,2414,20260625,0.245084590763603,0.382602003351153
0.330157415078708,0.413854451753324,1000,38,YaleB.mat,YaleB,1024,200,1.0,227,ERDNMF,289.447949667211,226290593.469784,1,labeled-only-pilot-selection,12.34686,2414,20260626,0.260631001371742,0.393564410030356
0.32145816072908,0.405499735552172,1000,38,YaleB.mat,YaleB,1024,200,1.0,227,ERDNMF,291.020452413364,225797700.629218,1,labeled-only-pilot-selection,12.087685,2414,20260627,0.251028806584362,0.384000849509544
0.294946147473074,0.389034074715005,1000,38,YaleB.mat,YaleB,1024,200,1.0,227,ERDNMF,290.166490545873,225975156.405157,1,labeled-only-pilot-selection,11.902328,2414,20260628,0.221764974851395,0.368892211852296
0.311101905550953,0.400980906350761,1000,38,YaleB.mat,YaleB,1024,200,1.0,227,ERDNMF,294.017508687962,228814078.154516,1,labeled-only-pilot-selection,12.00948,2414,20260629,0.239597622313672,0.379545248421803
0.311516155758078,0.401715415763954,1000,38,YaleB.mat,YaleB,1024,200,1.0,227,ERDNMF,292.816581886096,225207259.466041,1,labeled-only-pilot-selection,12.068161,2414,20260630,0.240054869684499,0.381110021372957
0.314001657000828,0.403206720781457,1000,38,YaleB.mat,YaleB,1024,200,1.0,227,ERDNMF,294.541374082859,226136891.180217,1,labeled-only-pilot-selection,12.220059,2414,20260631,0.242798353909465,0.383618874918676
0.320215410107705,0.416132337537611,1000,38,YaleB.mat,YaleB,1024,200,1.0,227,ERDNMF,293.775644923716,229294398.877892,1,labeled-only-pilot-selection,12.045865,2414,20260632,0.249657064471879,0.396330066728409
0.302816901408451,0.390861055237442,1000,38,YaleB.mat,YaleB,1024,200,1.0,227,ERDNMF,290.717187007768,227116542.283163,1,labeled-only-pilot-selection,12.160749,2414,20260633,0.230452674897119,0.369930794221823
0.31980115990058,0.408701829098096,1000,38,YaleB.mat,YaleB,1024,200,1.0,227,ERDNMF,291.97182041053,224581087.212859,1,labeled-only-pilot-selection,12.249928,2414,20260634,0.249199817101052,0.388478179141484
0.345070422535211,0.421482217240352,1000,38,YaleB.mat,YaleB,1024,200,1.0,227,ERDNMF,291.750430621212,223154387.935667,1,labeled-only-pilot-selection,12.066819,2414,20260635,0.277091906721536,0.398541795427972
0.342999171499586,0.409665989944886,1000,38,YaleB.mat,YaleB,1024,200,1.0,227,ERDNMF,293.677666983409,228467498.30874,1,labeled-only-pilot-selection,12.156718,2414,20260636,0.274805669867398,0.387250673543444
0.745833333333333,0.782006325662015,800,20,COIL20_Obj.mat,COIL20,1024,200,1.0,140,ERDNMF,185.183064769754,38335403.0975339,1,public-code-COIL20,7.515699,1440,20260617,0.718461538461538,0.772847007743065
0.715277777777778,0.7587441119368,800,20,COIL20_Obj.mat,COIL20,1024,200,1.0,140,ERDNMF,183.914529753602,38348765.9955047,1,public-code-COIL20,7.528893,1440,20260618,0.684615384615385,0.749062486196892
0.691666666666667,0.753745091645042,800,20,COIL20_Obj.mat,COIL20,1024,200,1.0,140,ERDNMF,185.736643265328,38381542.8306497,1,public-code-COIL20,7.610057,1440,20260619,0.658461538461538,0.744750743746487
0.700694444444444,0.758361910115397,800,20,COIL20_Obj.mat,COIL20,1024,200,1.0,140,ERDNMF,187.020632429488,37939090.5686552,1,public-code-COIL20,7.551917,1440,20260620,0.668461538461538,0.751163414971855
0.69375,0.733337711022251,800,20,COIL20_Obj.mat,COIL20,1024,200,1.0,140,ERDNMF,185.394283984401,38411722.4754161,1,public-code-COIL20,7.52824,1440,20260621,0.660769230769231,0.721312499656642
0.731944444444444,0.798957652637304,800,20,COIL20_Obj.mat,COIL20,1024,200,1.0,140,ERDNMF,184.687965093934,37800337.1535833,1,public-code-COIL20,7.559361,1440,20260622,0.703076923076923,0.79427695552548
0.695138888888889,0.751686331081131,800,20,COIL20_Obj.mat,COIL20,1024,200,1.0,140,ERDNMF,186.809429335748,38079688.9361592,1,public-code-COIL20,7.481155,1440,20260623,0.662307692307692,0.742138914175767
0.732638888888889,0.772621082397153,800,20,COIL20_Obj.mat,COIL20,1024,200,1.0,140,ERDNMF,186.995058780939,38370116.916592,1,public-code-COIL20,7.512767,1440,20260624,0.703846153846154,0.763139309758702
0.739583333333333,0.791952454188911,800,20,COIL20_Obj.mat,COIL20,1024,200,1.0,140,ERDNMF,183.949645984031,37642718.969294,1,public-code-COIL20,7.522884,1440,20260625,0.711538461538462,0.785521746496473
0.725,0.783047066380176,800,20,COIL20_Obj.mat,COIL20,1024,200,1.0,140,ERDNMF,184.282698087161,37738520.1926332,1,public-code-COIL20,7.434093,1440,20260626,0.695384615384615,0.775934797029086
0.711805555555556,0.760127807962012,800,20,COIL20_Obj.mat,COIL20,1024,200,1.0,140,ERDNMF,184.531125983109,37717487.4820064,1,public-code-COIL20,7.546151,1440,20260627,0.680769230769231,0.751228359489536
0.703472222222222,0.752674713390196,800,20,COIL20_Obj.mat,COIL20,1024,200,1.0,140,ERDNMF,184.083050454796,37848847.4554329,1,public-code-COIL20,7.469982,1440,20260628,0.671538461538462,0.744499203745154
0.704166666666667,0.756257079044378,800,20,COIL20_Obj.mat,COIL20,1024,200,1.0,140,ERDNMF,184.125240613465,38472875.321265,1,public-code-COIL20,7.437801,1440,20260629,0.672307692307692,0.74793357742979
0.711111111111111,0.764201485483548,800,20,COIL20_Obj.mat,COIL20,1024,200,1.0,140,ERDNMF,184.581359635208,37843066.0489513,1,public-code-COIL20,7.494679,1440,20260630,0.68,0.755970522705167
0.714583333333333,0.7610231496346,800,20,COIL20_Obj.mat,COIL20,1024,200,1.0,140,ERDNMF,184.71871564472,37863081.7340878,1,public-code-COIL20,7.411443,1440,20260631,0.683846153846154,0.751670667452942
0.70625,0.763801393626223,800,20,COIL20_Obj.mat,COIL20,1024,200,1.0,140,ERDNMF,184.213298212006,38501138.4175478,1,public-code-COIL20,7.405192,1440,20260632,0.674615384615385,0.756461811491148
0.704861111111111,0.762365298985079,800,20,COIL20_Obj.mat,COIL20,1024,200,1.0,140,ERDNMF,184.732823462561,37994169.3005494,1,public-code-COIL20,6.298421,1440,20260633,0.673076923076923,0.753519695223709
0.7125,0.764497931573487,800,20,COIL20_Obj.mat,COIL20,1024,200,1.0,140,ERDNMF,184.736409694746,37570111.2826299,1,public-code-COIL20,5.689758,1440,20260634,0.681538461538462,0.755320949110526
0.704861111111111,0.774082378485967,800,20,COIL20_Obj.mat,COIL20,1024,200,1.0,140,ERDNMF,185.595853953339,37293510.2498562,1,public-code-COIL20,5.370061,1440,20260635,0.673076923076923,0.767555966367291
0.738194444444444,0.782612796948334,800,20,COIL20_Obj.mat,COIL20,1024,200,1.0,140,ERDNMF,186.199613049243,38445765.0883761,1,public-code-COIL20,5.153379,1440,20260636,0.71,0.77387480594241
0.591388888888889,0.739784510382029,1000,100,COIL100_Obj.mat,COIL100,1024,200,1.0,700,ERDNMF,492.684112741021,4627004018.8428,1,public-code-COIL100,50.619417,7200,20260617,0.547384615384615,0.727963007143113
0.594027777777778,0.739190467022613,1000,100,COIL100_Obj.mat,COIL100,1024,200,1.0,700,ERDNMF,493.458728575687,4653472245.22048,1,public-code-COIL100,50.206267,7200,20260618,0.550307692307692,0.72680028458534
0.600138888888889,0.738365593507039,1000,100,COIL100_Obj.mat,COIL100,1024,200,1.0,700,ERDNMF,494.103885003096,4624318934.42295,1,public-code-COIL100,50.372973,7200,20260619,0.557076923076923,0.725300384005696
0.595972222222222,0.73755012128683,1000,100,COIL100_Obj.mat,COIL100,1024,200,1.0,700,ERDNMF,490.388495569221,4631941514.96562,1,public-code-COIL100,50.214096,7200,20260620,0.552461538461538,0.725567584859409
0.573055555555556,0.725043751170733,1000,100,COIL100_Obj.mat,COIL100,1024,200,1.0,700,ERDNMF,494.675269436628,4641877527.134,1,public-code-COIL100,50.547964,7200,20260621,0.527076923076923,0.711908432568761
0.580138888888889,0.729934176939708,1000,100,COIL100_Obj.mat,COIL100,1024,200,1.0,700,ERDNMF,493.357982693383,4632535685.26317,1,public-code-COIL100,56.657197,7200,20260622,0.534923076923077,0.717341934550737
0.593333333333333,0.735621853033219,1000,100,COIL100_Obj.mat,COIL100,1024,200,1.0,700,ERDNMF,495.161049501942,4650925536.54235,1,public-code-COIL100,69.362973,7200,20260623,0.549538461538462,0.723077280646005
0.590972222222222,0.735221538966439,1000,100,COIL100_Obj.mat,COIL100,1024,200,1.0,700,ERDNMF,494.315581970256,4632751091.92961,1,public-code-COIL100,69.394801,7200,20260624,0.546923076923077,0.722495336996987
0.601944444444444,0.742932160535154,1000,100,COIL100_Obj.mat,COIL100,1024,200,1.0,700,ERDNMF,494.846011943643,4602360004.91772,1,public-code-COIL100,69.756998,7200,20260625,0.559076923076923,0.730944355069747
0.595416666666667,0.735555782929311,1000,100,COIL100_Obj.mat,COIL100,1024,200,1.0,700,ERDNMF,495.83490453232,4647113883.64982,1,public-code-COIL100,69.746313,7200,20260626,0.551846153846154,0.722933283864759
0.604722222222222,0.740176118862353,1000,100,COIL100_Obj.mat,COIL100,1024,200,1.0,700,ERDNMF,498.238592133379,4629451086.56948,1,public-code-COIL100,68.823247,7200,20260627,0.562153846153846,0.727522177050835
0.599444444444444,0.739741193991783,1000,100,COIL100_Obj.mat,COIL100,1024,200,1.0,700,ERDNMF,496.14522316002,4636631998.6117,1,public-code-COIL100,69.818666,7200,20260628,0.556307692307692,0.727280906578885
0.576805555555556,0.730310651595099,1000,100,COIL100_Obj.mat,COIL100,1024,200,1.0,700,ERDNMF,496.669813705758,4643733698.49156,1,public-code-COIL100,69.355876,7200,20260629,0.531230769230769,0.717450381906989
0.600833333333333,0.740921496631861,1000,100,COIL100_Obj.mat,COIL100,1024,200,1.0,700,ERDNMF,492.642418783411,4624380374.87762,1,public-code-COIL100,69.129225,7200,20260630,0.557846153846154,0.72875748295762
0.604444444444444,0.746452598317,1000,100,COIL100_Obj.mat,COIL100,1024,200,1.0,700,ERDNMF,495.662321627581,4611863921.85917,1,public-code-COIL100,68.918035,7200,20260631,0.561846153846154,0.734188359612435
0.594444444444444,0.742019736783264,1000,100,COIL100_Obj.mat,COIL100,1024,200,1.0,700,ERDNMF,497.629029101052,4655557114.42413,1,public-code-COIL100,69.789358,7200,20260632,0.550769230769231,0.729822869676367
0.608472222222222,0.750337052752655,1000,100,COIL100_Obj.mat,COIL100,1024,200,1.0,700,ERDNMF,490.903874568785,4621915905.07759,1,public-code-COIL100,69.180439,7200,20260633,0.566307692307692,0.738976260624619
0.579027777777778,0.720967136669519,1000,100,COIL100_Obj.mat,COIL100,1024,200,1.0,700,ERDNMF,501.849646230248,4598568542.63032,1,public-code-COIL100,68.484578,7200,20260634,0.533692307692308,0.707355319144188
0.59625,0.743878394188625,1000,100,COIL100_Obj.mat,COIL100,1024,200,1.0,700,ERDNMF,489.580682935488,4588841640.43695,1,public-code-COIL100,65.018738,7200,20260635,0.552769230769231,0.732488432023592
0.575694444444444,0.730529342144601,1000,100,COIL100_Obj.mat,COIL100,1024,200,1.0,700,ERDNMF,494.383268527043,4646637921.31582,1,public-code-COIL100,55.491326,7200,20260636,0.53,0.718458999104136
0.833274021352313,0.72480117262363,600,10,Optdigits_Han.mat,Optdigits,64,200,1.0,557,ERDNMF,748.628129928601,2322285.82716927,1,public-code-Optdigits,1.153967,5620,20260617,0.814931858581868,0.704205386666638
0.8355871886121,0.724386674286406,600,10,Optdigits_Han.mat,Optdigits,64,200,1.0,557,ERDNMF,749.192423728412,2229892.44605193,1,public-code-Optdigits,1.176892,5620,20260618,0.817499506221608,0.70328921745188
0.848042704626334,0.740853430341408,600,10,Optdigits_Han.mat,Optdigits,64,200,1.0,557,ERDNMF,752.802838496521,2217953.63203703,1,public-code-Optdigits,1.165707,5620,20260619,0.831325301204819,0.720866601152474
0.851779359430605,0.74377601134009,600,10,Optdigits_Han.mat,Optdigits,64,200,1.0,557,ERDNMF,752.689492425693,2406091.42429015,1,public-code-Optdigits,1.181667,5620,20260620,0.835473039699783,0.723877746209971
0.835409252669039,0.726428960241118,600,10,Optdigits_Han.mat,Optdigits,64,200,1.0,557,ERDNMF,750.571816474883,2407524.08825751,1,public-code-Optdigits,1.177056,5620,20260621,0.817301994864705,0.705630021914698
0.825800711743772,0.721411249180372,600,10,Optdigits_Han.mat,Optdigits,64,200,1.0,557,ERDNMF,748.545352607381,2173533.4174744,1,public-code-Optdigits,1.184899,5620,20260622,0.806636381591942,0.700689807132092
0.848754448398577,0.744261900229542,600,10,Optdigits_Han.mat,Optdigits,64,200,1.0,557,ERDNMF,752.477785593195,2189482.94261964,1,public-code-Optdigits,1.155483,5620,20260623,0.832115346632431,0.724756753073028
0.833274021352313,0.722559149484512,600,10,Optdigits_Han.mat,Optdigits,64,200,1.0,557,ERDNMF,750.444468448195,2475406.62093925,1,public-code-Optdigits,1.183844,5620,20260624,0.814931858581868,0.701566653377077
0.834875444839858,0.720410902190552,600,10,Optdigits_Han.mat,Optdigits,64,200,1.0,557,ERDNMF,749.571342861085,2226300.32942755,1,public-code-Optdigits,1.198888,5620,20260625,0.816709460793996,0.699181326102203
0.845907473309609,0.736592146193024,600,10,Optdigits_Han.mat,Optdigits,64,200,1.0,557,ERDNMF,748.913329984138,2454988.13083566,1,public-code-Optdigits,1.208401,5620,20260626,0.828955164921983,0.716285175408906
0.846619217081851,0.737469786097693,600,10,Optdigits_Han.mat,Optdigits,64,200,1.0,557,ERDNMF,752.646674192254,2280214.30065172,1,public-code-Optdigits,1.16083,5620,20260627,0.829745210349595,0.717284762696027
0.85,0.744818337570562,600,10,Optdigits_Han.mat,Optdigits,64,200,1.0,557,ERDNMF,751.622044798026,2190146.21478517,1,public-code-Optdigits,1.16302,5620,20260628,0.833497926130752,0.725001226766615
0.840035587188612,0.731719524046253,600,10,Optdigits_Han.mat,Optdigits,64,200,1.0,557,ERDNMF,749.903282632813,2486348.04691032,1,public-code-Optdigits,1.156818,5620,20260629,0.822437290144183,0.711242176626527
0.835231316725979,0.728406375731245,600,10,Optdigits_Han.mat,Optdigits,64,200,1.0,557,ERDNMF,751.342860156912,2171311.44662848,1,public-code-Optdigits,1.17208,5620,20260630,0.817104483507802,0.707900918029812
0.836654804270463,0.724116529395969,600,10,Optdigits_Han.mat,Optdigits,64,200,1.0,557,ERDNMF,748.239088999771,2321790.74543267,1,public-code-Optdigits,1.205359,5620,20260631,0.818684574363026,0.703192478080765
0.82864768683274,0.717590627895991,600,10,Optdigits_Han.mat,Optdigits,64,200,1.0,557,ERDNMF,750.092416671458,2359912.91708828,1,public-code-Optdigits,1.13858,5620,20260632,0.80979656330239,0.696545844455309
0.843594306049822,0.737333246899845,600,10,Optdigits_Han.mat,Optdigits,64,200,1.0,557,ERDNMF,752.235964510913,2370027.07614524,1,public-code-Optdigits,1.176557,5620,20260633,0.826387517282244,0.717433904546619
0.838078291814947,0.731523129343214,600,10,Optdigits_Han.mat,Optdigits,64,200,1.0,557,ERDNMF,750.743689317624,2272436.26490792,1,public-code-Optdigits,1.154485,5620,20260634,0.82026466521825,0.711435483532796
0.860142348754448,0.748626007373973,600,10,Optdigits_Han.mat,Optdigits,64,200,1.0,557,ERDNMF,753.288768313267,2315517.91796318,1,public-code-Optdigits,1.193803,5620,20260635,0.844756073474225,0.728792199462916
0.833807829181495,0.728485940335486,600,10,Optdigits_Han.mat,Optdigits,64,200,1.0,557,ERDNMF,750.799659472613,2227019.33378738,1,public-code-Optdigits,1.155609,5620,20260636,0.815524392652577,0.707837598678192
0.582046883933676,0.477606402603584,1000,10,MNIST_Han.mat,MNIST,784,200,1.0,695,ERDNMF,2742.4456226856,36414661.7275853,1,labeled-only-pilot-selection,19.649282,6996,20260617,0.535946675130932,0.449192917389794
0.609491137793025,0.488321162384945,1000,10,MNIST_Han.mat,MNIST,784,200,1.0,695,ERDNMF,2740.39782767146,37323366.9376415,1,labeled-only-pilot-selection,19.66069,6996,20260618,0.566418028884304,0.459258263097582
0.592338479130932,0.478734516414167,1000,10,MNIST_Han.mat,MNIST,784,200,1.0,695,ERDNMF,2744.76842717243,37077572.0890763,1,labeled-only-pilot-selection,19.570077,6996,20260619,0.547373432788446,0.449559119512602
0.628644939965695,0.498384435008167,1000,10,MNIST_Han.mat,MNIST,784,200,1.0,695,ERDNMF,2757.07884302879,36867032.6542354,1,labeled-only-pilot-selection,23.074087,6996,20260620,0.587684494524679,0.468712983448987
0.620068610634648,0.492790775245456,1000,10,MNIST_Han.mat,MNIST,784,200,1.0,695,ERDNMF,2742.98328623347,37215114.3795872,1,labeled-only-pilot-selection,29.407819,6996,20260621,0.57816219647675,0.462637389029059
0.58390508862207,0.475044878032651,1000,10,MNIST_Han.mat,MNIST,784,200,1.0,695,ERDNMF,2742.48725006123,36015036.4167949,1,labeled-only-pilot-selection,29.048721,6996,20260622,0.538009839707983,0.446282380723073
0.609062321326472,0.487772578512225,1000,10,MNIST_Han.mat,MNIST,784,200,1.0,695,ERDNMF,2731.75605093412,36496154.8210085,1,labeled-only-pilot-selection,29.918173,6996,20260623,0.565941913981908,0.458761950824255
0.590337335620355,0.485601659459144,1000,10,MNIST_Han.mat,MNIST,784,200,1.0,695,ERDNMF,2745.40486015071,36758672.278622,1,labeled-only-pilot-selection,29.597969,6996,20260624,0.54515156324393,0.458992631765179
0.603630646083476,0.482250860913341,1000,10,MNIST_Han.mat,MNIST,784,200,1.0,695,ERDNMF,2745.29997213411,35884589.6501329,1,labeled-only-pilot-selection,29.283336,6996,20260625,0.559911125218219,0.453756335721563
0.580188679245283,0.472496069745572,1000,10,MNIST_Han.mat,MNIST,784,200,1.0,695,ERDNMF,2743.73164823229,35814022.2952449,1,labeled-only-pilot-selection,29.10002,6996,20260626,0.53388351055388,0.443575702131379
0.585191538021727,0.472831933916613,1000,10,MNIST_Han.mat,MNIST,784,200,1.0,695,ERDNMF,2747.35228429328,36564694.6474044,1,labeled-only-pilot-selection,29.232592,6996,20260627,0.539438184415172,0.443843023619895
0.618925100057175,0.496603479937055,1000,10,MNIST_Han.mat,MNIST,784,200,1.0,695,ERDNMF,2741.05533988907,36280363.888465,1,labeled-only-pilot-selection,29.472153,6996,20260628,0.576892556737026,0.467282818607152
0.616781017724414,0.494378509636326,1000,10,MNIST_Han.mat,MNIST,784,200,1.0,695,ERDNMF,2744.56297882688,36893037.2058881,1,labeled-only-pilot-selection,29.190104,6996,20260629,0.574511982225044,0.465068308658529
0.613350485991995,0.493401079449795,1000,10,MNIST_Han.mat,MNIST,784,200,1.0,695,ERDNMF,2738.84500738139,36215785.7553125,1,labeled-only-pilot-selection,29.223399,6996,20260630,0.570703063005872,0.464129580388238
0.616066323613493,0.49781769285002,1000,10,MNIST_Han.mat,MNIST,784,200,1.0,695,ERDNMF,2748.30853764018,36699910.0825032,1,labeled-only-pilot-selection,29.256504,6996,20260631,0.573718457387716,0.469491836503529
0.617495711835334,0.49663662865664,1000,10,MNIST_Han.mat,MNIST,784,200,1.0,695,ERDNMF,2740.968350397,36459385.4427453,1,labeled-only-pilot-selection,29.229161,6996,20260632,0.575305507062371,0.467614137361042
0.622355631789594,0.497224286967431,1000,10,MNIST_Han.mat,MNIST,784,200,1.0,695,ERDNMF,2742.53931120151,36279915.7694828,1,labeled-only-pilot-selection,30.016503,6996,20260633,0.580701475956197,0.467248541285931
0.612635791881075,0.490567269963092,1000,10,MNIST_Han.mat,MNIST,784,200,1.0,695,ERDNMF,2745.28782656018,35836968.8929438,1,labeled-only-pilot-selection,29.122333,6996,20260634,0.569909538168545,0.462072309103187
0.612349914236707,0.490135327474602,1000,10,MNIST_Han.mat,MNIST,784,200,1.0,695,ERDNMF,2737.38926887975,36308514.5805496,1,labeled-only-pilot-selection,29.347898,6996,20260635,0.569592128233614,0.460290957759594
0.585334476843911,0.473720102202862,1000,10,MNIST_Han.mat,MNIST,784,200,1.0,695,ERDNMF,2746.2435757377,36789778.8569121,1,labeled-only-pilot-selection,29.013829,6996,20260636,0.539596889382638,0.444581026231331
