dataset,metric,n_nonzero,W_plus,p_exact_two_sided,p_holm_12,wins,ties,losses
PIE,ACC,20,210,1.9073486328125e-06,2.288818359375e-05,20,0,0
PIE,NMI,20,210,1.9073486328125e-06,2.288818359375e-05,20,0,0
YaleB,ACC,20,210,1.9073486328125e-06,2.288818359375e-05,20,0,0
YaleB,NMI,20,210,1.9073486328125e-06,2.288818359375e-05,20,0,0
COIL20,ACC,20,210,1.9073486328125e-06,2.288818359375e-05,20,0,0
COIL20,NMI,20,210,1.9073486328125e-06,2.288818359375e-05,20,0,0
COIL100,ACC,20,210,1.9073486328125e-06,2.288818359375e-05,20,0,0
COIL100,NMI,20,210,1.9073486328125e-06,2.288818359375e-05,20,0,0
Optdigits,ACC,20,210,1.9073486328125e-06,2.288818359375e-05,20,0,0
Optdigits,NMI,20,210,1.9073486328125e-06,2.288818359375e-05,20,0,0
MNIST,ACC,20,210,1.9073486328125e-06,2.288818359375e-05,20,0,0
MNIST,NMI,20,210,1.9073486328125e-06,2.288818359375e-05,20,0,0
