Dataset,Seed,Theta,Delta,S,Fallback,StabW0,StabW1,ACC_GNMFLD,NMI_GNMFLD,ACC_CGC_GNMFLD,NMI_CGC_GNMFLD,dACC,dNMI
PIE,20260617,0.874701607359097,0.01666327336668131,0.002087881368981137,0,0,0,93.5371517028,94.5113013917,94.2724458204,95.3102244061,0.7352941176,0.7989230144
PIE,20260618,0.7850644370820116,0.01038907831215923,0.002232982395223009,0,0,0,93.5371517028,94.6200870390,94.0789473684,95.2026722232,0.5417956656,0.5825851842
PIE,20260619,0.8838705375715395,0.01558996940519595,0.001810454766301552,0,0,0,91.5634674923,93.5409746998,92.2987616099,94.2852461613,0.7352941176,0.7442714615
PIE,20260620,0.8573905090936013,0.01272791489597513,0.001815121463614983,0,0,0,92.5696594427,94.0519182272,93.4597523220,94.9274447443,0.8900928793,0.8755265171
PIE,20260621,0.9002772865955344,0.02427523740393603,0.002420792542458077,0,0,0,94.6981424149,95.0162850662,95.0464396285,95.6599203690,0.3482972136,0.6436353028
PIE,20260622,0.8511057518923364,0.01744814089277221,0.002597927819105897,0,0,0,94.0789473684,94.8437874936,94.5433436533,95.4593825703,0.4643962849,0.6155950767
PIE,20260623,0.8797934436293626,0.01527955869963072,0.001836703134145622,0,0,0,93.2662538700,94.5314695879,94.1563467492,95.2538452129,0.8900928792,0.7223756250
PIE,20260624,0.8951933852906814,0.01720619533766816,0.001803323085368262,0,0,0,94.1563467492,94.9790604446,94.9303405573,95.7656402876,0.7739938081,0.7865798430
PIE,20260625,0.8077734354051762,0.0112187059804534,0.002156533309821962,0,0,0,93.1501547988,94.3137497685,94.1563467492,95.3329167467,1.0061919504,1.0191669782
PIE,20260626,0.7781436238458412,0.01200342062354303,0.002663035400993348,0,0,0,93.4984520124,94.4425126203,93.9628482972,94.9382837493,0.4643962848,0.4957711290
PIE,20260627,0.8221109028420188,0.01432195117532169,0.002547718964118663,0,0,0,93.5371517028,94.5806704303,94.4659442724,95.2843951724,0.9287925696,0.7037247421
PIE,20260628,0.7764468286740935,0.01516085911018191,0.003389258134106427,0,0,0,93.6145510836,94.4502648789,94.5433436533,95.3361189259,0.9287925697,0.8858540470
PIE,20260629,0.8482928894687988,0.01394423419637495,0.002115439478502411,0,0,0,93.3436532508,94.6062889099,93.9628482972,95.3445828915,0.6191950464,0.7382939816
PIE,20260630,0.9309237875443935,0.01867189079020621,0.001289783495172165,0,0,0,93.4210526316,94.3893973909,94.1563467492,95.1712860392,0.7352941176,0.7818886483
PIE,20260631,0.7949335004046634,0.01737024470755025,0.003562055279291751,0,0,0,94.3498452012,94.9273957674,94.9690402477,95.5865499483,0.6191950465,0.6591541809
PIE,20260632,0.8728958707181743,0.01558315760851477,0.001980683679291728,0,0,0,92.2213622291,94.0968569812,92.5309597523,94.3674914637,0.3095975232,0.2706344825
PIE,20260633,0.936081787679174,0.01638720437751379,0.001047440808746694,0,0,0,92.9566563467,94.1735030331,93.2275541796,94.6468617871,0.2708978329,0.4733587540
PIE,20260634,0.8945928769261603,0.01690810788973184,0.001782235009278724,0,0,0,92.0278637771,93.7070961261,92.4922600619,94.3411785915,0.4643962848,0.6340824654
PIE,20260635,0.8289846477381969,0.01384094407417014,0.002367013926480124,0,0,0,93.4984520124,94.2529522851,94.0402476780,94.7975682645,0.5417956656,0.5446159794
PIE,20260636,0.8907492083612302,0.01506803942652954,0.001646195235792548,0,0,0,92.8018575851,94.0800298949,93.5758513932,95.0113477945,0.7739938081,0.9313178996
YaleB,20260617,0.8588940913236016,0.04996093955308525,0.007049783773964706,0,0,0,62.1399176955,62.5653315661,65.2034750800,64.9993925080,3.0635573845,2.4340609419
YaleB,20260618,0.9290114501150918,0.0446720807756635,0.00317120623460584,0,0,0,60.5852766347,61.6275269978,63.7860082305,64.6130805742,3.2007315958,2.9855535764
YaleB,20260619,0.9438410937766741,0.04681736998065524,0.002629212290366365,0,0,0,60.3109282122,61.5620577685,63.4202103338,64.9013498313,3.1092821216,3.3392920628
YaleB,20260620,0.8908836710918656,0.04789578884179848,0.005226212648576234,0,0,0,63.1458619113,64.2216276448,66.0265203475,66.4661388549,2.8806584362,2.2445112101
YaleB,20260621,0.9137220877382528,0.05702499954974106,0.004919997907878735,0,0,0,63.9689071788,63.5191423516,68.0841335162,67.5276756505,4.1152263374,4.0085332989
YaleB,20260622,0.9349487385788086,0.05051376605336908,0.00328598420090662,0,0,0,61.4083219021,61.3911107730,64.2889803384,63.7229407406,2.8806584363,2.3318299676
YaleB,20260623,0.9547711520922179,0.05236036779954729,0.002368199111601259,0,0,0,61.9570187471,62.7769852859,66.1636945588,66.3266299885,4.2066758117,3.5496447026
YaleB,20260624,0.9311678838597378,0.04353103972228067,0.002996333581870391,0,0,0,61.2711476909,61.6144352527,65.5692729767,65.8280489973,4.2981252858,4.2136137446
YaleB,20260625,0.9361390912487088,0.04497421401748362,0.002872094177531566,0,0,0,63.0544124371,62.8023280673,65.7064471879,65.9345864510,2.6520347508,3.1322583837
YaleB,20260626,0.9199938961025793,0.03999288540466299,0.003199674944843105,0,0,0,62.0027434842,62.9964624022,64.3347050754,65.2494062068,2.3319615912,2.2529438046
YaleB,20260627,0.8917627024959427,0.05282898024181206,0.005718066051268977,0,0,0,58.9391860997,61.0258748971,61.9112940101,63.6358883016,2.9721079104,2.6100134045
YaleB,20260628,0.9293982197353124,0.04542728972957242,0.003207247527507569,0,0,0,63.5573845450,64.1210380863,65.2491998171,66.0999349947,1.6918152721,1.9788969084
YaleB,20260629,0.9025868289353953,0.05617649470601253,0.005472330488606663,0,0,0,64.0146319159,64.7203313439,66.3008687700,66.6862608033,2.2862368541,1.9659294594
YaleB,20260630,0.8824397194209,0.04383217871493676,0.005152923228121223,0,0,0,60.3566529492,61.8425249467,63.2830361225,64.3761638261,2.9263831733,2.5336388794
YaleB,20260631,0.9101319205462503,0.05758014928191314,0.005174617430625745,0,0,0,61.6369455876,61.9260827664,65.2034750800,65.2026151777,3.5665294924,3.2765324113
YaleB,20260632,0.8857395227711405,0.04411238121352475,0.005040301729158707,0,0,0,62.5514403292,63.6417690537,64.4718792867,65.4752073475,1.9204389575,1.8334382938
YaleB,20260633,0.9231169996981061,0.05438292486343312,0.004181122428693199,0,0,0,61.4083219021,62.1687082402,65.0663008688,65.6384181813,3.6579789667,3.4697099411
YaleB,20260634,0.8735987141062116,0.0499312187096663,0.00631137025114581,0,0,0,61.4083219021,63.2382306909,63.1915866484,64.4655768174,1.7832647463,1.2273461265
YaleB,20260635,0.8731694224522378,0.04288834515993636,0.005439553586702499,0,0,0,61.0882487426,61.9800918380,63.9689071788,64.4870732656,2.8806584362,2.5069814276
YaleB,20260636,0.8578584620787023,0.04710421971040046,0.006695466232219028,0,0,0,62.2313671696,62.7824868460,63.7860082305,64.5593106281,1.5546410609,1.7768237821
COIL20,20260617,0.8709295274003133,0.0426672395000362,0.005507080766793695,0,0,0,89.0000000000,91.3828207410,91.2307692308,93.3766784039,2.2307692308,1.9938576629
COIL20,20260618,0.8151308995596884,0.05133752390547826,0.009490721863238757,0,0,0,88.0000000000,90.9125836584,90.0000000000,92.3212090586,2.0000000000,1.4086254002
COIL20,20260619,0.8285311406069942,0.04435089005107797,0.007604796530122952,0,0,0,90.7692307692,92.7089648859,92.1538461538,93.5887610154,1.3846153846,0.8797961295
COIL20,20260620,0.8652391382970331,0.06102297603680779,0.008223508834399713,0,0,0,89.0769230769,91.1224011989,91.8461538462,92.8550503184,2.7692307693,1.7326491195
COIL20,20260621,0.8887822564887674,0.05040876012919442,0.005606348554767996,0,0,0,88.8461538462,91.2470535826,90.5384615385,92.7537235307,1.6923076923,1.5066699481
COIL20,20260622,0.9097743476768134,0.04708132303349211,0.004247943082935498,0,0,0,88.3076923077,91.1903504219,90.3076923077,92.9005187121,2.0000000000,1.7101682902
COIL20,20260623,0.8282121271189943,0.0465626012010512,0.00799889021613515,0,0,0,89.5384615385,92.2985525626,91.8461538462,94.3701339405,2.3076923077,2.0715813779
COIL20,20260624,0.8385516083092533,0.04405160450649127,0.007112060698969867,0,0,0,89.6923076923,91.9824239143,92.1538461538,93.9647377905,2.4615384615,1.9823138762
COIL20,20260625,0.8214824704455739,0.04204331138421473,0.007505468082597495,0,0,0,87.6153846154,91.0554463787,89.4615384615,92.5125253704,1.8461538461,1.4570789917
COIL20,20260626,0.8567270974890471,0.03185484934897179,0.004563936725276331,0,0,0,87.5384615385,90.8806536288,89.5384615385,92.2621569710,2.0000000000,1.3815033422
COIL20,20260627,0.8824824496686271,0.03789939761690216,0.004453844366973014,0,0,0,88.3076923077,90.9779883691,90.5384615385,92.7036797420,2.2307692308,1.7256913729
COIL20,20260628,0.917068198946232,0.04560953020141627,0.003782480484819675,0,0,0,89.0000000000,91.8820337719,91.0769230769,93.5716248835,2.0769230769,1.6895911116
COIL20,20260629,0.8783926290311886,0.05639979854173364,0.006858631223830824,0,0,0,88.8461538462,90.8103761272,92.0769230769,93.0257091078,3.2307692307,2.2153329806
COIL20,20260630,0.8834589008130359,0.04575392768504002,0.005332213024535434,0,0,0,88.2307692308,91.3241636060,90.2307692308,92.8584489509,2.0000000000,1.5342853449
COIL20,20260631,0.8659203136140039,0.03888248475838375,0.005213351362312364,0,0,0,90.0769230769,92.1333869710,93.0000000000,94.2729529542,2.9230769231,2.1395659832
COIL20,20260632,0.8633905233823409,0.04242315944354244,0.005795405608049834,0,0,0,87.1538461538,90.7399384444,89.6153846154,93.1092778674,2.4615384616,2.3693394230
COIL20,20260633,0.8190400157750712,0.04930862698783293,0.008922888361871141,0,0,0,88.0000000000,91.1486182852,89.7692307692,91.8678735274,1.7692307692,0.7192552422
COIL20,20260634,0.8613119900266637,0.03892200414348153,0.005398015298833404,0,0,0,87.5384615385,89.7467213269,90.3076923077,91.6449493110,2.7692307692,1.8982279841
COIL20,20260635,0.8442515531732535,0.05380137245307206,0.008379480196713279,0,0,0,88.3076923077,91.6077612267,90.9230769231,94.1518875623,2.6153846154,2.5441263356
COIL20,20260636,0.8516449802075163,0.05561126693038595,0.0082502106061425,0,0,0,90.1538461538,92.1859845709,91.6923076923,93.7353794137,1.5384615385,1.5493948428
COIL100,20260617,0.9146606611730341,0.07304264200144343,0.006233410774577946,0,1,0,82.2615384615,89.6082484631,86.3692307692,92.3338418971,4.1076923077,2.7255934340
COIL100,20260618,0.9395774307485317,0.08332627867383795,0.005034787843637115,0,0,0,81.5846153846,89.4216837765,86.0153846154,92.3470568788,4.4307692308,2.9253731023
COIL100,20260619,0.912375915742398,0.07556402731267682,0.006621228696089732,0,0,0,81.3538461538,89.3186154292,86.0153846154,92.2045023845,4.6615384616,2.8858869553
COIL100,20260620,0.9561461286274596,0.07901188439174792,0.003464977015017739,0,1,0,81.6615384615,89.2707848457,86.1692307692,92.3344214206,4.5076923077,3.0636365749
COIL100,20260621,0.9501771806716867,0.08866380645606514,0.004417480810021072,0,0,0,81.7538461538,89.6361696645,86.4307692308,92.7836827957,4.6769230770,3.1475131312
COIL100,20260622,0.9078556974643783,0.07855862253419325,0.007238729481572413,0,0,0,81.7384615385,89.5070313406,86.3076923077,92.5896292319,4.5692307692,3.0825978913
COIL100,20260623,0.9547219534796877,0.07488927674795061,0.003390840156466251,0,5,0,81.7692307692,89.2401453841,86.7538461538,92.5581683657,4.9846153846,3.3180229816
COIL100,20260624,0.9405624377241665,0.07339446341140954,0.004362387989717043,0,0,0,80.9538461538,89.2694333884,86.1692307692,92.6369187593,5.2153846154,3.3674853709
COIL100,20260625,0.9648359105230999,0.07548621157036811,0.002654403897932632,0,4,0,82.1538461538,89.9272572383,86.6307692308,92.8888872436,4.4769230770,2.9616300053
COIL100,20260626,0.9794668029202972,0.07240657904689499,0.001486738557436969,0,0,0,80.9076923077,89.4193199161,85.4461538462,92.4075739566,4.5384615385,2.9882540405
COIL100,20260627,0.9311640324901858,0.07494799046804199,0.005159117436783999,0,0,0,82.2923076923,89.7122649007,86.3846153846,92.5172526015,4.0923076923,2.8049877008
COIL100,20260628,0.9374637845485608,0.08440029044626218,0.005278074747511492,0,0,0,82.8153846154,89.6889638891,86.6923076923,92.5332771428,3.8769230769,2.8443132537
COIL100,20260629,0.9552162846938023,0.08074276783149319,0.003615961127600013,0,1,0,82.2461538462,89.6201498952,87.4307692308,93.3063668504,5.1846153846,3.6862169552
COIL100,20260630,0.9556606976331067,0.07552576555069594,0.003348759755243401,0,0,0,81.3846153846,89.0874733648,86.0307692308,92.2536481600,4.6461538462,3.1661747952
COIL100,20260631,0.9696214431512183,0.07270055967626006,0.002208538085063503,0,0,0,81.8153846154,89.5863168441,85.9076923077,92.4780057790,4.0923076923,2.8916889349
COIL100,20260632,0.9443045032989826,0.08302733416162703,0.004624248615893162,0,0,0,80.6000000000,89.1830465290,85.8000000000,92.4941052643,5.2000000000,3.3110587353
COIL100,20260633,0.9487752354723391,0.08401659052877405,0.004303730066253357,0,1,0,81.8153846154,89.7769594993,86.0153846154,92.6719128434,4.2000000000,2.8949533441
COIL100,20260634,0.9535942076105284,0.08679213461796265,0.004027657780120255,0,0,0,81.6769230769,89.6154995029,86.2153846154,92.7114015186,4.5384615385,3.0959020157
COIL100,20260635,0.919717862701933,0.07505033969087749,0.006025201675329595,0,0,0,79.5538461538,88.8486453021,84.3538461538,91.7656277090,4.8000000000,2.9169824069
COIL100,20260636,0.9477291703220235,0.07628297357476195,0.003987374319055968,0,0,0,81.6461538462,89.8054194670,86.1846153846,92.8814318870,4.5384615384,3.0760124200
Optdigits,20260617,0.9145153686486324,0.01180142343370831,0.001008840331651946,0,0,0,98.3606557377,95.8008553817,98.5384159589,96.2352300710,0.1777602212,0.4343746893
Optdigits,20260618,0.8281042066596399,0.0111106329979409,0.001909871073694635,0,0,0,98.4989136875,96.1167921731,98.6174205017,96.4473280080,0.1185068142,0.3305358349
Optdigits,20260619,0.830493333408757,0.008670015604856054,0.001469625444473209,0,0,0,98.6174205017,96.3131766428,98.8346829943,96.9022679407,0.2172624926,0.5890912979
Optdigits,20260620,0.9277688556378775,0.01085457158362839,0.0007840381270460548,0,0,0,98.5384159589,96.1668976211,98.7556784515,96.6878530206,0.2172624926,0.5209553995
Optdigits,20260621,0.9112532566316258,0.0118696490194531,0.001053392695402079,0,0,0,98.2816511949,95.7205694046,98.5976693660,96.3381334456,0.3160181711,0.6175640410
Optdigits,20260622,0.8704821814355863,0.01080402301777775,0.001399313492982288,0,0,0,98.3409046020,95.8635322214,98.5186648232,96.2905697749,0.1777602212,0.4270375535
Optdigits,20260623,0.8266143480009149,0.01538784076271442,0.002668030803501336,0,0,0,98.6766739087,96.5819827554,98.8741852657,97.0362841864,0.1975113570,0.4543014310
Optdigits,20260624,0.9496483775373205,0.009910731671103493,0.0004990214194323239,0,0,0,98.3409046020,95.7138401837,98.5976693660,96.4143749527,0.2567647640,0.7005347690
Optdigits,20260625,0.8476627679432931,0.01057729135814584,0.001611315288157264,0,0,0,98.1433932451,95.4511617988,98.4396602805,96.1237094056,0.2962670354,0.6725476068
Optdigits,20260626,0.9005023006385622,0.0099430696623059,0.0009893125559899464,0,0,0,98.2619000593,95.5983225169,98.5581670946,96.2807016250,0.2962670353,0.6823791081
Optdigits,20260627,0.9282692356923612,0.01071659360479259,0.0007687094500461266,0,0,0,98.5581670946,96.2461217485,98.8544341300,96.9910071122,0.2962670354,0.7448853637
Optdigits,20260628,0.8497703124089654,0.01100268093140879,0.001652929318989375,0,0,0,98.4396602805,96.1415199167,98.5976693660,96.4743710984,0.1580090855,0.3328511817
Optdigits,20260629,0.9239422651324241,0.009301181436084801,0.0007074267916209564,0,0,0,98.4199091448,95.9619353551,98.6174205017,96.4799648071,0.1975113569,0.5180294520
Optdigits,20260630,0.8466074945684254,0.01378568099137327,0.002114620146347178,0,0,0,98.4594114162,95.9490621678,98.6371716374,96.4711692394,0.1777602212,0.5221070716
Optdigits,20260631,0.809066019875974,0.01091537819116924,0.002084116602598934,0,0,0,98.4791625518,96.0188184166,98.5779182303,96.2711624031,0.0987556785,0.2523439865
Optdigits,20260632,0.8773823424670069,0.01220937937617409,0.001497085499038105,0,0,0,98.4594114162,95.9571848800,98.5976693660,96.3568649360,0.1382579498,0.3996800560
Optdigits,20260633,0.8021295783480171,0.009691120871404734,0.001917586173105186,0,0,0,98.2026466522,95.5537148204,98.5581670946,96.3908461422,0.3555204424,0.8371313218
Optdigits,20260634,0.9031986977664964,0.01214121114943965,0.00117528504995769,0,0,0,98.1631443808,95.5126981953,98.5581670946,96.3391875263,0.3950227138,0.8264893310
Optdigits,20260635,0.9030314241345095,0.01052023712930219,0.001020132412195689,0,0,0,98.3804068734,95.9623314274,98.7754295872,96.8398077749,0.3950227138,0.8774763475
Optdigits,20260636,0.8416189318836413,0.01128737947903813,0.001787707218124726,0,0,0,98.4199091448,95.9875461056,98.6766739087,96.5607877374,0.2567647639,0.5732416318
MNIST,20260617,0.9625773994584546,0.03040451133043377,0.001137815882179716,0,0,0,94.1279162038,86.5859839067,94.8738295509,88.1068965338,0.7459133471,1.5209126271
MNIST,20260618,0.9510216400510427,0.026245525512176,0.001285462795584899,0,0,0,93.2391683860,85.1073229567,94.2390096810,86.9351064149,0.9998412950,1.8277834582
MNIST,20260619,0.9390066830539521,0.03139803203916455,0.00191507011964693,0,0,0,93.2232978892,85.3534834441,94.1755276940,87.1787128140,0.9522298048,1.8252293699
MNIST,20260620,0.9145596159618344,0.02919213588137882,0.002494187300599317,0,0,0,93.6518013014,85.8306465213,94.5722901127,87.6454401600,0.9204888113,1.8147936387
MNIST,20260621,0.9481061500909199,0.02746504916276045,0.001425267138997796,0,0,0,92.9693699413,84.7097511383,94.0009522298,86.5800833571,1.0315822885,1.8703322188
MNIST,20260622,0.9842741304290243,0.03263584271557039,0.0005132270058839354,0,0,0,93.6835422949,85.7642640158,94.4294556420,87.1771551679,0.7459133471,1.4128911521
MNIST,20260623,0.9395577052556615,0.02669720405120714,0.001613640276112808,0,0,0,93.1598159022,85.0505728589,93.9374702428,86.5318376164,0.7776543406,1.4812647575
MNIST,20260624,0.9642898682502082,0.03064632603896672,0.001094384340498574,0,0,0,93.9374702428,86.3785609820,94.9373115379,88.2597899454,0.9998412951,1.8812289634
MNIST,20260625,0.9660963003517107,0.02930623481280889,0.000993589782915716,0,0,0,93.3026503730,85.1837967682,94.0961752103,86.7334472358,0.7935248373,1.5496504676
MNIST,20260626,0.9636133502672156,0.03238693124554813,0.001178451923151531,0,0,0,93.6835422949,86.0142668335,94.6040311062,87.5698539349,0.9204888113,1.5555871014
MNIST,20260627,0.9444241307664722,0.0272044683383546,0.001511911974940039,0,0,0,93.3820028567,85.4770029331,94.2072686875,86.9684066629,0.8252658308,1.4914037298
MNIST,20260628,0.9201021102253454,0.03047058719954083,0.002434535617437915,0,0,0,93.4137438502,85.6177254218,94.0644342168,86.7482962931,0.6506903666,1.1305708713
MNIST,20260629,0.9297246250119919,0.02777021238953028,0.001951562089170868,0,0,0,93.5089668307,85.6351443668,94.2072686875,87.0587390135,0.6983018568,1.4235946467
MNIST,20260630,0.9428486355472203,0.03144387516826045,0.00179706036954896,0,0,0,93.3820028567,85.5324624356,94.1596571973,87.0186182415,0.7776543406,1.4861558059
MNIST,20260631,0.9415357986392948,0.03138382433108723,0.001834830225161684,0,0,0,93.4930963339,85.3723281123,94.4294556420,87.1482956835,0.9363593081,1.7759675712
MNIST,20260632,0.9188727111180971,0.03136778518992507,0.002544783370688527,0,0,0,93.3661323599,85.3202775250,94.2866211712,87.0956260788,0.9204888113,1.7753485538
MNIST,20260633,0.9483754439016429,0.03298031918319692,0.001702594337814671,0,0,0,93.2709093795,85.7475714503,94.2072686875,87.3428001319,0.9363593080,1.5952286816
MNIST,20260634,0.9242371749673556,0.02745576044855992,0.002080125975002445,0,0,0,93.4772258372,85.4911632524,94.0644342168,86.6359962228,0.5872083796,1.1448329704
MNIST,20260635,0.9531284282326643,0.02862760381132617,0.001341820786569427,0,0,0,93.2391683860,85.1959415626,94.3024916680,87.2161902419,1.0633232820,2.0202486793
MNIST,20260636,0.9517963912973464,0.03204018949010266,0.001544452756939783,0,0,0,93.1598159022,85.3093866165,94.0009522298,86.8272971821,0.8411363276,1.5179105656
