dataset,seed,method,data_file,samples,features,classes,labeled_count,graph_p,alpha_label,beta_graph,parameter_source,theta,delta_cv,se_cv,unlabeled_ACC,unlabeled_NMI,all_ACC,all_NMI,labeled_ACC,objective_initial,objective_final,objective_nonincrease,iterations_used,stop_residual,converged,graph_seconds,run_seconds
YaleB,20260617,GNMFLD,YaleB.mat,2414,1024,38,227,5,100000,100,published-follow-up,NaN,NaN,NaN,0.621399176954732,0.625653315661132,0.657000828500414,0.648914960590687,1,518526697.003204,85896.7787818157,1,173,8.25293101562556e-05,1,1.222126,4.335211
YaleB,20260617,GOCNMF,YaleB.mat,2414,1024,38,227,2,0,1000,original-GOCNMF-setting,0,-0.0250162631934357,0.00842588530846343,0.717421124828532,0.728724622868927,0.743993371996686,0.745822672839892,1,231824313.61715,138052.9379259,1,564,9.7121729983977e-05,1,1.222126,10.557576
YaleB,20260617,CGC-GOCNMF,YaleB.mat,2414,1024,38,227,2,0,1000,out-of-fold-conservative-calibration,0,-0.0250162631934357,0.00842588530846343,0.717421124828532,0.728724622868927,0.743993371996686,0.745822672839892,1,231824313.61715,138052.9379259,1,564,9.7121729983977e-05,1,1.222126,0.000000
YaleB,20260618,GNMFLD,YaleB.mat,2414,1024,38,227,5,100000,100,published-follow-up,NaN,NaN,NaN,0.605852766346593,0.616275269978407,0.642916321458161,0.640343838870924,1,522821352.569616,81061.1066239169,1,163,8.15040907302454e-05,1,1.222126,3.351802
YaleB,20260618,GOCNMF,YaleB.mat,2414,1024,38,227,2,0,1000,original-GOCNMF-setting,0,-0.0181841164503189,0.0126570791899027,0.737997256515775,0.731481135183354,0.762634631317316,0.749372619201238,1,232764346.957161,131875.164610113,1,666,9.8376584440544e-05,1,1.222126,13.182262
YaleB,20260618,CGC-GOCNMF,YaleB.mat,2414,1024,38,227,2,0,1000,out-of-fold-conservative-calibration,0,-0.0181841164503189,0.0126570791899027,0.737997256515775,0.731481135183354,0.762634631317316,0.749372619201238,1,232764346.957161,131875.164610113,1,666,9.8376584440544e-05,1,1.222126,0.000000
YaleB,20260619,GNMFLD,YaleB.mat,2414,1024,38,227,5,100000,100,published-follow-up,NaN,NaN,NaN,0.603109282121628,0.615620577685083,0.64043082021541,0.639347627006758,1,518009129.425378,85785.2624973367,1,140,7.82459919209075e-05,1,1.222126,2.795349
YaleB,20260619,GOCNMF,YaleB.mat,2414,1024,38,227,2,0,1000,original-GOCNMF-setting,0,0.0151419300369436,0.0141829879517982,0.724279835390947,0.73973594230982,0.750207125103563,0.756109464675436,1,231718105.487582,141543.135342781,1,367,9.30302919658446e-05,1,1.222126,6.807196
YaleB,20260619,CGC-GOCNMF,YaleB.mat,2414,1024,38,227,2,0,1000,out-of-fold-conservative-calibration,0.0633302414425183,0.0151419300369436,0.0141829879517982,0.725194330132602,0.739668136987283,0.751035625517813,0.756106953904483,1,231716907.757867,140744.549454328,1,369,9.42427504830963e-05,1,1.222126,6.866102
