dataset,seed,file,samples,features,classes,p,alpha,labeled_count,theta,delta_cv,se_cv,binary_cv_brier,local_cv_brier,hard_choice,base_ACC,local_ACC,hard_ACC,shrink_ACC,local_dACC,hard_dACC,shrink_dACC,base_NMI,local_NMI,hard_NMI,shrink_NMI,local_dNMI,hard_dNMI,shrink_dNMI,graph_seconds,cv_seconds,base_seconds,local_seconds,shrink_seconds,total_seconds
COIL100,20260617,COIL100_Obj.mat,7200,1024,100,3,10,700,0.921406413519803,0.0489348351706242,0.00384596419987661,0.209612052416368,0.160677217245743,1,0.856307692307692,0.884769230769231,0.884769230769231,0.884,0.0284615384615384,0.0284615384615384,0.0276923076923077,0.914478166152504,0.934115894997926,0.934115894997926,0.933888649761589,0.0196377288454221,0.0196377288454221,0.0194104836090854,18.024678,3.994146,6.474657,6.648054,6.175945,23.312632
COIL100,20260618,COIL100_Obj.mat,7200,1024,100,3,10,700,0.905396764821064,0.0571333998557276,0.00540500446312356,0.212441045797074,0.155307645941346,1,0.856769230769231,0.882,0.882,0.879384615384615,0.0252307692307693,0.0252307692307693,0.0226153846153847,0.917247200645219,0.936169005262112,0.936169005262112,0.934206998788925,0.0189218046168934,0.0189218046168934,0.0169597981437066,18.024678,3.705048,6.239279,6.274569,6.214899,22.451208
COIL100,20260619,COIL100_Obj.mat,7200,1024,100,3,10,700,0.910994786536721,0.0556218151195759,0.0049506315279329,0.22323162661604,0.167609811496464,1,0.853230769230769,0.884153846153846,0.884153846153846,0.883230769230769,0.0309230769230769,0.0309230769230769,0.03,0.912054377829511,0.931604821339132,0.931604821339132,0.931641728245025,0.019550443509621,0.019550443509621,0.0195873504155143,18.024678,3.791540,6.195254,6.241166,6.373072,22.616755
COIL100,20260620,COIL100_Obj.mat,7200,1024,100,3,10,700,0.933463509893108,0.0595317280595663,0.0039610322350815,0.197847130191518,0.138315402131951,1,0.846307692307692,0.875538461538461,0.875538461538461,0.873230769230769,0.0292307692307692,0.0292307692307692,0.0269230769230769,0.909303193729942,0.927883726426567,0.927883726426567,0.926124090351002,0.0185805326966246,0.0185805326966246,0.01682089662106,18.024678,3.763719,6.215036,6.147572,6.283022,22.429446
COIL100,20260621,COIL100_Obj.mat,7200,1024,100,3,10,700,0.931262250946584,0.0681794856248281,0.00468650437347044,0.254124207284628,0.185944721659799,1,0.854153846153846,0.881538461538461,0.881538461538461,0.882,0.0273846153846153,0.0273846153846153,0.0278461538461539,0.915748881536838,0.93212796137681,0.93212796137681,0.932516910468758,0.0163790798399719,0.0163790798399719,0.0167680289319193,18.024678,3.724951,6.099361,6.205530,6.194278,22.242001
COIL100,20260622,COIL100_Obj.mat,7200,1024,100,3,10,700,0.902692353292317,0.060188631374984,0.00585681407765589,0.229281066048992,0.169092434674008,1,0.856153846153846,0.885076923076923,0.885076923076923,0.881692307692308,0.0289230769230769,0.0289230769230769,0.0255384615384615,0.915204299101936,0.934344125984317,0.934344125984317,0.932317002627971,0.019139826882381,0.019139826882381,0.0171127035260357,18.024678,3.751895,6.197540,6.084806,6.311828,22.364899
COIL100,20260623,COIL100_Obj.mat,7200,1024,100,3,10,700,0.951912747943098,0.0565372377890578,0.00271872040416344,0.233672958100921,0.177135720311864,1,0.857076923076923,0.880923076923077,0.880923076923077,0.880615384615385,0.0238461538461539,0.0238461538461539,0.0235384615384615,0.911822864049527,0.92666538908356,0.92666538908356,0.926314241489308,0.0148425250340325,0.0148425250340325,0.0144913774397804,18.024678,3.756763,5.964210,6.059620,6.060778,21.857130
COIL100,20260624,COIL100_Obj.mat,7200,1024,100,3,10,700,0.89356903755534,0.0628269095578197,0.00668672845166235,0.238702360185526,0.175875450627706,1,0.850153846153846,0.877384615384615,0.877384615384615,0.876153846153846,0.0272307692307693,0.0272307692307693,0.026,0.912976633693934,0.930112625754364,0.930112625754364,0.928945569635199,0.0171359920604297,0.0171359920604297,0.0159689359412656,18.024678,3.740921,6.210718,6.216998,6.107094,22.294939
COIL100,20260625,COIL100_Obj.mat,7200,1024,100,3,10,700,0.942945190171746,0.0490923170909304,0.0028009528156514,0.21237660981409,0.16328429272316,1,0.850769230769231,0.878307692307692,0.878307692307692,0.876307692307692,0.0275384615384616,0.0275384615384616,0.0255384615384616,0.912620288592359,0.933152937655645,0.933152937655645,0.93138316409281,0.0205326490632853,0.0205326490632853,0.0187628755004509,18.024678,3.727381,6.138865,6.419625,6.133188,22.433832
COIL100,20260626,COIL100_Obj.mat,7200,1024,100,3,10,700,0.895731285742068,0.0552680067405467,0.00576272400243554,0.223354344845541,0.168086338104994,1,0.837076923076923,0.866923076923077,0.866923076923077,0.866923076923077,0.0298461538461539,0.0298461538461539,0.0298461538461539,0.904466407579831,0.924038263972063,0.924038263972063,0.924679496964221,0.0195718563922322,0.0195718563922322,0.02021308938439,18.024678,3.735333,6.250252,6.124669,6.260674,22.388138
COIL100,20260627,COIL100_Obj.mat,7200,1024,100,3,10,700,0.97244471767434,0.056207006484493,0.00154879993236039,0.220464162596178,0.164257156111685,1,0.847846153846154,0.870153846153846,0.870153846153846,0.869384615384615,0.0223076923076924,0.0223076923076924,0.0215384615384616,0.912741089845273,0.925295057190522,0.925295057190522,0.925022945971629,0.0125539673452489,0.0125539673452489,0.0122818561263568,18.024678,3.793125,6.171849,6.310961,6.231625,22.523525
COIL100,20260628,COIL100_Obj.mat,7200,1024,100,3,10,700,0.881388612258123,0.063720345792856,0.00755795864188294,0.226246780044735,0.162526434251879,1,0.863230769230769,0.888615384615385,0.888615384615385,0.886769230769231,0.0253846153846153,0.0253846153846153,0.0235384615384615,0.918494177605381,0.936015589574249,0.936015589574249,0.935607160708488,0.0175214119688678,0.0175214119688678,0.0171129831031072,18.024678,3.742759,6.104440,6.036264,5.994665,21.891815
COIL100,20260629,COIL100_Obj.mat,7200,1024,100,3,10,700,0.897517378155317,0.0596186104204235,0.00610987150662175,0.228346496037308,0.168727885616885,1,0.858153846153846,0.885538461538462,0.885538461538462,0.881076923076923,0.0273846153846153,0.0273846153846153,0.0229230769230769,0.919725031160746,0.938411304128388,0.938411304128388,0.93592600221271,0.0186862729676415,0.0186862729676415,0.0162009710519634,18.024678,3.777266,6.088842,6.307986,6.298917,22.492672
COIL100,20260630,COIL100_Obj.mat,7200,1024,100,3,10,700,0.87813142562172,0.0566651214228293,0.00690569756477237,0.207215852908691,0.150550731485862,1,0.852,0.880307692307692,0.880307692307692,0.876307692307692,0.0283076923076924,0.0283076923076924,0.0243076923076924,0.912010525113491,0.93201444600952,0.93201444600952,0.92925827508184,0.0200039208960294,0.0200039208960294,0.0172477499683489,18.024678,3.775321,6.170875,6.296473,6.116106,22.380264
COIL100,20260631,COIL100_Obj.mat,7200,1024,100,3,10,700,0.809720652892355,0.0467194632591746,0.00888974896617534,0.217332839470932,0.170613376211757,1,0.851076923076923,0.879538461538461,0.879538461538461,0.873230769230769,0.0284615384615384,0.0284615384615384,0.0221538461538462,0.915333943947925,0.9340595715999,0.9340595715999,0.930291136928154,0.0187256276519752,0.0187256276519752,0.0149571929802295,18.024678,2.731996,6.310223,6.208170,6.184234,21.453004
COIL100,20260632,COIL100_Obj.mat,7200,1024,100,3,10,700,0.848796733413189,0.0674177402203152,0.0101937825472127,0.221240127095182,0.153822386874867,1,0.846,0.875692307692308,0.875692307692308,0.868769230769231,0.0296923076923077,0.0296923076923077,0.0227692307692308,0.912732996168465,0.930129224526301,0.930129224526301,0.926022464636055,0.0173962283578357,0.0173962283578357,0.0132894684675898,18.024678,3.779300,6.119627,6.157862,6.266429,22.338008
COIL100,20260633,COIL100_Obj.mat,7200,1024,100,3,10,700,0.919715352521951,0.0509316378661982,0.00408902859156737,0.206836263134325,0.155904625268127,1,0.855076923076923,0.878923076923077,0.878923076923077,0.878307692307692,0.0238461538461539,0.0238461538461539,0.0232307692307693,0.918769826060821,0.933764095658936,0.933764095658936,0.933867500394086,0.0149942695981151,0.0149942695981151,0.0150976743332648,18.024678,3.778774,5.889101,6.012280,6.041215,21.739015
COIL100,20260634,COIL100_Obj.mat,7200,1024,100,3,10,700,0.86485727108801,0.0556029143901389,0.00751432958614311,0.227197734765991,0.171594820375852,1,0.837230769230769,0.866923076923077,0.866923076923077,0.863384615384615,0.0296923076923077,0.0296923076923077,0.0261538461538462,0.906931760067617,0.924926348807906,0.924926348807906,0.922380942415605,0.0179945887402898,0.0179945887402898,0.0154491823479886,18.024678,3.742510,5.891339,6.027952,6.025945,21.705354
COIL100,20260635,COIL100_Obj.mat,7200,1024,100,3,10,700,0.862959209678527,0.0491723620323449,0.00673861935488612,0.22361821839234,0.174445856359995,1,0.834615384615385,0.861384615384615,0.861384615384615,0.856,0.0267692307692308,0.0267692307692308,0.0213846153846153,0.906453779862248,0.923139466944541,0.923139466944541,0.919367158660609,0.0166856870822925,0.0166856870822925,0.0129133787983605,18.024678,3.768059,6.175674,6.318501,7.166512,23.452405
COIL100,20260636,COIL100_Obj.mat,7200,1024,100,3,10,700,0.943101614883991,0.0678516643795884,0.003860650130632,0.252477756640767,0.184626092261179,1,0.848461538461538,0.869846153846154,0.869846153846154,0.869230769230769,0.0213846153846153,0.0213846153846153,0.0207692307692308,0.912570278611929,0.927421723385888,0.927421723385888,0.927552005510232,0.0148514447739597,0.0148514447739597,0.014981726898303,18.024678,3.322224,6.283704,8.123564,6.904334,24.649216
PIE,20260617,PIE.mat,2856,1024,68,3,1000,272,0,-0.00403617013428344,0.0022555840095089,0.132315539922334,0.136351710056617,0,0.939241486068111,0.916795665634675,0.939241486068111,0.939241486068111,-0.0224458204334365,0,0,0.956012644862861,0.945303397245035,0.956012644862861,0.956012644862861,-0.0107092476178264,0,0,2.089298,0.395100,1.888850,1.775948,0.000000,4.065064
PIE,20260618,PIE.mat,2856,1024,68,3,1000,272,0,-0.00278407789378165,0.00559718413176175,0.14763952114499,0.150423599038772,0,0.954721362229102,0.944272445820433,0.954721362229102,0.954721362229102,-0.0104489164086687,0,0,0.962214362905925,0.958009208990438,0.962214362905925,0.962214362905925,-0.00420515391548748,0,0,2.089298,0.353633,1.868333,1.852450,0.000000,4.078166
PIE,20260619,PIE.mat,2856,1024,68,3,1000,272,0,-0.00452305689173541,0.000360772108540112,0.119249291946256,0.123772348837991,0,0.930727554179567,0.907894736842105,0.930727554179567,0.930727554179567,-0.0228328173374612,0,0,0.947583984071251,0.93597601002195,0.947583984071251,0.947583984071251,-0.0116079740493008,0,0,2.089298,0.272534,1.833422,1.828752,0.000000,3.938673
PIE,20260620,PIE.mat,2856,1024,68,3,1000,272,0,-0.0119154621913305,0.00343710438318358,0.099793360726006,0.111708822917336,0,0.952399380804954,0.931888544891641,0.952399380804954,0.952399380804954,-0.0205108359133127,0,0,0.963283269215802,0.951989389088102,0.963283269215802,0.963283269215802,-0.0112938801277003,0,0,2.089298,0.189285,1.791331,1.828097,0.000000,3.813065
PIE,20260621,PIE.mat,2856,1024,68,3,1000,272,0,-0.00355433867327301,0.0031022192126607,0.11105191744706,0.114606256120333,0,0.941176470588235,0.923761609907121,0.941176470588235,0.941176470588235,-0.0174148606811145,0,0,0.95471882127824,0.946321694708134,0.95471882127824,0.95471882127824,-0.00839712657010572,0,0,2.089298,0.216396,1.807246,1.823350,0.000000,3.850683
PIE,20260622,PIE.mat,2856,1024,68,3,1000,272,0,-0.00141518490141075,0.00329722403121239,0.1010989251599,0.102514110061311,0,0.95046439628483,0.936532507739938,0.95046439628483,0.95046439628483,-0.0139318885448916,0,0,0.963290646285099,0.955128515362898,0.963290646285099,0.963290646285099,-0.00816213092220186,0,0,2.089298,0.282396,1.811327,1.762429,0.000000,3.859953
PIE,20260623,PIE.mat,2856,1024,68,3,1000,272,0,-0.00378937763610606,0.00400756346577515,0.125435583431288,0.129224961067394,0,0.963235294117647,0.954334365325077,0.963235294117647,0.963235294117647,-0.00890092879256965,0,0,0.968562837351835,0.962936650845374,0.968562837351835,0.968562837351835,-0.00562618650646129,0,0,2.089298,0.257418,1.868260,1.828561,0.000000,3.958153
PIE,20260624,PIE.mat,2856,1024,68,3,1000,272,0,-0.0036360234106982,0.00378075106663244,0.112951270494657,0.116587293905355,0,0.941950464396285,0.921439628482972,0.941950464396285,0.941950464396285,-0.0205108359133127,0,0,0.957958801470528,0.946196937605976,0.957958801470528,0.957958801470528,-0.0117618638645512,0,0,2.089298,0.181452,1.779269,1.775832,0.000000,3.741245
PIE,20260625,PIE.mat,2856,1024,68,3,1000,272,0,-0.00465852159303793,0.00485200607904989,0.13793900249442,0.142597524087458,0,0.922987616099071,0.914473684210526,0.922987616099071,0.922987616099071,-0.00851393188854488,0,0,0.950683696182868,0.945732762445709,0.950683696182868,0.950683696182868,-0.00495093373715905,0,0,2.089298,0.909702,1.797809,1.802485,0.000000,4.515257
PIE,20260626,PIE.mat,2856,1024,68,3,1000,272,0,-0.00825568927030981,0.00484728112496486,0.135957956767729,0.144213646038039,0,0.937693498452012,0.922213622291022,0.937693498452012,0.937693498452012,-0.0154798761609907,0,0,0.953329106833579,0.944811207036279,0.953329106833579,0.953329106833579,-0.0085178997973,0,0,2.089298,0.624013,1.822700,1.778974,0.000000,4.229976
PIE,20260627,PIE.mat,2856,1024,68,3,1000,272,0,-0.000496825276227508,0.00329020590520797,0.140337816454793,0.14083464173102,0,0.937306501547988,0.912151702786378,0.937306501547988,0.937306501547988,-0.02515479876161,0,0,0.954235578201673,0.943361461118923,0.954235578201673,0.954235578201673,-0.0108741170827502,0,0,2.089298,0.348394,1.824264,1.817579,0.000000,3.993780
PIE,20260628,PIE.mat,2856,1024,68,3,1000,272,0,-0.00588238489760227,0.00426275173579821,0.143542867205253,0.149425252102855,0,0.952012383900929,0.943885448916409,0.952012383900929,0.952012383900929,-0.00812693498452011,0,0,0.962549263432486,0.959422478179784,0.962549263432486,0.962549263432486,-0.00312678525270194,0,0,2.089298,0.451190,1.798033,1.830782,0.000000,4.083703
PIE,20260629,PIE.mat,2856,1024,68,3,1000,272,0,-0.00561272685317951,0.00184229253431445,0.0929199439238116,0.0985326707769912,0,0.938467492260062,0.911764705882353,0.938467492260062,0.938467492260062,-0.026702786377709,0,0,0.952568219219811,0.941046528725954,0.952568219219811,0.952568219219811,-0.0115216904938568,0,0,2.089298,0.590530,1.772232,1.840297,0.000000,4.208376
PIE,20260630,PIE.mat,2856,1024,68,3,1000,272,0,-0.00188655416143834,0.00114958078123885,0.108954107229056,0.110840661390494,0,0.948142414860681,0.940015479876161,0.948142414860681,0.948142414860681,-0.00812693498452011,0,0,0.960442146753517,0.957197015413977,0.960442146753517,0.960442146753517,-0.00324513133954019,0,0,2.089298,0.231946,1.968031,1.969743,0.000000,4.173542
PIE,20260631,PIE.mat,2856,1024,68,3,1000,272,0,-0.00259310560654847,0.00168659341629264,0.131152851357247,0.133745956963795,0,0.941176470588235,0.921052631578947,0.941176470588235,0.941176470588235,-0.0201238390092879,0,0,0.958326386122757,0.946010254714965,0.958326386122757,0.958326386122757,-0.0123161314077914,0,0,2.089298,0.612099,2.226796,2.148158,0.000000,4.990722
PIE,20260632,PIE.mat,2856,1024,68,3,1000,272,0,-0.002270594530075,0.00303541618600793,0.103781802537917,0.106052397067992,0,0.939628482972136,0.919891640866873,0.939628482972136,0.939628482972136,-0.0197368421052632,0,0,0.953474341545985,0.945159985506222,0.953474341545985,0.953474341545985,-0.00831435603976327,0,0,2.089298,0.213739,1.845101,1.754875,0.000000,3.817668
PIE,20260633,PIE.mat,2856,1024,68,3,1000,272,0,-0.00152894350847673,0.0020258855270557,0.117659474802551,0.119188418311028,0,0.923761609907121,0.91640866873065,0.923761609907121,0.923761609907121,-0.00735294117647056,0,0,0.946365833519597,0.944336910365131,0.946365833519597,0.946365833519597,-0.00202892315446657,0,0,2.089298,0.582263,1.822554,1.805928,0.000000,4.214507
PIE,20260634,PIE.mat,2856,1024,68,3,1000,272,0,-0.00572433892432518,0.00327075689168666,0.122804311491911,0.128528650416236,0,0.904024767801858,0.889705882352941,0.904024767801858,0.904024767801858,-0.0143188854489165,0,0,0.935383684616426,0.929096358793862,0.935383684616426,0.935383684616426,-0.00628732582256442,0,0,2.089298,0.531822,1.848068,1.828741,0.000000,4.212544
PIE,20260635,PIE.mat,2856,1024,68,3,1000,272,0,-0.00734559388730762,0.00245212724861865,0.117697915787042,0.125043509674349,0,0.941176470588235,0.931501547987616,0.941176470588235,0.941176470588235,-0.0096749226006192,0,0,0.956516789443881,0.953190852368114,0.956516789443881,0.956516789443881,-0.00332593707576667,0,0,2.089298,0.275274,1.766803,1.830599,0.000000,3.876821
PIE,20260636,PIE.mat,2856,1024,68,3,1000,272,0,-0.000714449366428432,0.0041014758838386,0.137563790403551,0.138278239769979,0,0.923374613003096,0.912151702786378,0.923374613003096,0.923374613003096,-0.0112229102167183,0,0,0.946899221304107,0.941022291829642,0.946899221304107,0.946899221304107,-0.00587692947446583,0,0,2.089298,0.919387,1.798448,1.764662,0.000000,4.486081
YaleB,20260617,YaleB.mat,2414,1024,38,2,1000,227,0,-0.0250162631934364,0.00842588530846352,0.404859890142357,0.429876153335793,0,0.714220393232739,0.686785550983082,0.714220393232739,0.714220393232739,-0.0274348422496571,0,0,0.724036516616512,0.699494461579611,0.724036516616512,0.724036516616512,-0.0245420550369005,0,0,1.238790,0.048711,0.901883,0.947879,0.000000,1.900884
YaleB,20260618,YaleB.mat,2414,1024,38,2,1000,227,0,-0.0181841164503191,0.012657079189903,0.40005458652718,0.418238702977499,0,0.731595793324188,0.695016003657979,0.731595793324188,0.731595793324188,-0.0365797896662093,0,0,0.724586170249077,0.700437255905983,0.724586170249077,0.724586170249077,-0.0241489143430944,0,0,1.238790,0.060656,0.940131,0.945355,0.000000,1.948696
YaleB,20260619,YaleB.mat,2414,1024,38,2,1000,227,0.0633302414425343,0.0151419300369438,0.0141829879517982,0.402937176944388,0.387795246907445,1,0.724279835390947,0.668495656149977,0.668495656149977,0.725194330132602,-0.0557841792409693,-0.0557841792409693,0.00091449474165517,0.738096777402999,0.694461539858585,0.694461539858585,0.738324806214309,-0.0436352375444142,-0.0436352375444142,0.000228028811310343,1.238790,0.050160,0.937340,0.943345,0.944737,2.879576
YaleB,20260620,YaleB.mat,2414,1024,38,2,1000,227,0,-0.0182969612873063,0.00881096018037256,0.413949662362619,0.432246623649926,0,0.734796524919982,0.6986739826246,0.734796524919982,0.734796524919982,-0.0361225422953818,0,0,0.737631581931344,0.710884497921409,0.737631581931344,0.737631581931344,-0.0267470840099351,0,0,1.238790,0.056375,0.972851,0.898750,0.000000,1.930504
YaleB,20260621,YaleB.mat,2414,1024,38,2,1000,227,0,-0.0162125484237025,0.005957640949155,0.392628230998329,0.408840779422031,0,0.757201646090535,0.70827617741198,0.757201646090535,0.757201646090535,-0.0489254686785551,0,0,0.74640162210697,0.716994537064951,0.74640162210697,0.74640162210697,-0.0294070850420192,0,0,1.238790,0.064351,0.985055,0.969339,0.000000,2.021966
YaleB,20260622,YaleB.mat,2414,1024,38,2,1000,227,0,-0.0106988707437482,0.00869266441868305,0.428566176188341,0.43926504693209,0,0.734796524919982,0.687242798353909,0.734796524919982,0.734796524919982,-0.0475537265660723,0,0,0.733811818785037,0.693913352137092,0.733811818785037,0.733811818785037,-0.0398984666479445,0,0,1.238790,0.047820,0.949054,0.940159,0.000000,1.939590
YaleB,20260623,YaleB.mat,2414,1024,38,2,1000,227,0,0.000463071269171711,0.0123649023326519,0.424259727152174,0.423796655883003,1,0.733424782807499,0.703703703703704,0.703703703703704,0.733424782807499,-0.0297210791037952,-0.0297210791037952,0,0.735577043576543,0.70569482884979,0.70569482884979,0.735577043576543,-0.0298822147267527,-0.0298822147267527,0,1.238790,0.055909,0.958191,0.950638,0.000000,1.967209
YaleB,20260624,YaleB.mat,2414,1024,38,2,1000,227,0,-0.0249535641599323,0.00764658535303768,0.434773066740308,0.45972663090024,0,0.738454503886603,0.6986739826246,0.738454503886603,0.738454503886603,-0.0397805212620027,0,0,0.737398544116393,0.708344350364806,0.737398544116393,0.737398544116393,-0.0290541937515865,0,0,1.238790,0.063399,0.945631,0.946345,0.000000,1.958182
YaleB,20260625,YaleB.mat,2414,1024,38,2,1000,227,0,-0.00927526095898035,0.0115605473191568,0.394629042923156,0.403904303882137,0,0.740740740740741,0.689986282578875,0.740740740740741,0.740740740740741,-0.0507544581618655,0,0,0.739375496982502,0.701868262982325,0.739375496982502,0.739375496982502,-0.0375072340001777,0,0,1.238790,0.049173,0.934577,0.922819,0.000000,1.909134
YaleB,20260626,YaleB.mat,2414,1024,38,2,1000,227,0,-0.0245474455927042,0.00569645896705164,0.436649676308433,0.461197121901137,0,0.728852309099223,0.687700045724737,0.728852309099223,0.728852309099223,-0.0411522633744856,0,0,0.73803977830859,0.700592629177448,0.73803977830859,0.73803977830859,-0.0374471491311427,0,0,1.238790,0.054145,0.898258,0.949493,0.000000,1.904599
YaleB,20260627,YaleB.mat,2414,1024,38,2,1000,227,0,-0.0103980585768995,0.0072306756859172,0.434451274432595,0.444849333009494,0,0.689529035208048,0.654320987654321,0.689529035208048,0.689529035208048,-0.0352080475537265,0,0,0.703052348099621,0.676906386493842,0.703052348099621,0.703052348099621,-0.0261459616057796,0,0,1.238790,0.053739,0.935068,0.956918,0.000000,1.948288
YaleB,20260628,YaleB.mat,2414,1024,38,2,1000,227,0,-0.0224708974286335,0.00479055876105206,0.429408193296612,0.451879090725246,0,0.745770461819845,0.713763145861911,0.745770461819845,0.745770461819845,-0.0320073159579333,0,0,0.737250708737758,0.709621131276577,0.737250708737758,0.737250708737758,-0.0276295774611804,0,0,1.238790,0.048529,1.013947,0.974954,0.000000,2.039866
YaleB,20260629,YaleB.mat,2414,1024,38,2,1000,227,0,-0.0137684550538456,0.0123377570145179,0.375953005557902,0.389721460611748,0,0.744855967078189,0.71787837219936,0.744855967078189,0.744855967078189,-0.0269775948788294,0,0,0.741608109825387,0.719847450156767,0.741608109825387,0.741608109825387,-0.0217606596686197,0,0,1.238790,0.050809,0.950743,0.998875,0.000000,2.003258
YaleB,20260630,YaleB.mat,2414,1024,38,2,1000,227,0,-0.0172329477962593,0.0115400001277652,0.463856445177178,0.481089392973438,0,0.727937814357567,0.682213077274806,0.727937814357567,0.727937814357567,-0.0457247370827618,0,0,0.727900537835592,0.699343043045562,0.727900537835592,0.727900537835592,-0.0285574947900298,0,0,1.238790,0.056369,0.946310,0.947169,0.000000,1.952548
YaleB,20260631,YaleB.mat,2414,1024,38,2,1000,227,0,-0.0081571967274637,0.00875163383531115,0.398933149140503,0.407090345867967,0,0.726108824874257,0.687242798353909,0.726108824874257,0.726108824874257,-0.0388660265203475,0,0,0.726667175475585,0.696781066023712,0.726667175475585,0.726667175475585,-0.0298861094518731,0,0,1.238790,0.051392,0.930924,0.946856,0.000000,1.931765
YaleB,20260632,YaleB.mat,2414,1024,38,2,1000,227,0,-0.0162830086503623,0.00645634900675195,0.486433030226504,0.502716038876866,0,0.742112482853224,0.685871056241427,0.742112482853224,0.742112482853224,-0.056241426611797,0,0,0.74814394034923,0.706564660365247,0.74814394034923,0.74814394034923,-0.0415792799839831,0,0,1.238790,0.050469,0.927882,0.967191,0.000000,1.948084
YaleB,20260633,YaleB.mat,2414,1024,38,2,1000,227,0,-0.0230570005590497,0.00790198474519929,0.436908082727183,0.459965083286233,0,0.75628715134888,0.716963877457705,0.75628715134888,0.75628715134888,-0.0393232738911751,0,0,0.742948680041738,0.712052486946664,0.742948680041738,0.742948680041738,-0.0308961930950749,0,0,1.238790,0.049706,1.007390,0.971898,0.000000,2.031565
YaleB,20260634,YaleB.mat,2414,1024,38,2,1000,227,0,-0.0083117791130388,0.00673188373350149,0.405656033482142,0.413967812595181,0,0.731138545953361,0.669410150891632,0.731138545953361,0.731138545953361,-0.0617283950617284,0,0,0.731071973110031,0.686369009583338,0.731071973110031,0.731071973110031,-0.0447029635266928,0,0,1.238790,0.051987,0.901567,0.953895,0.000000,1.910128
YaleB,20260635,YaleB.mat,2414,1024,38,2,1000,227,0,-0.0293589194000144,0.00940110042861098,0.448717768050909,0.478076687450924,0,0.728852309099223,0.692729766803841,0.728852309099223,0.728852309099223,-0.0361225422953818,0,0,0.726612384316496,0.69323175213278,0.726612384316496,0.726612384316496,-0.0333806321837165,0,0,1.238790,0.050436,0.961754,1.182831,0.000000,2.199369
YaleB,20260636,YaleB.mat,2414,1024,38,2,1000,227,0,-0.0094764716379988,0.00672692224984953,0.443499130237032,0.452975601875031,0,0.711476909007773,0.679926840420668,0.711476909007773,0.711476909007773,-0.0315500685871056,0,0,0.727102092794126,0.690444661522789,0.727102092794126,0.727102092794126,-0.0366574312713374,0,0,1.238790,0.068837,1.205247,1.097929,0.000000,2.374935
