dataset,seed,rho,samples,features,classes,p,alpha,labeled_count,edge_correlation,edge_distortion,theta,delta_cv,se_cv,binary_cv_brier,candidate_cv_brier,base_ACC,candidate_ACC,shrink_ACC,candidate_dACC,shrink_dACC,base_NMI,candidate_NMI,shrink_NMI,candidate_dNMI,shrink_dNMI,cv_seconds,candidate_seconds,shrink_seconds
COIL100,20260617,0.0000,7200,1024,100,3,10,700,1,0,0.921406413519803,0.0489348351706242,0.00384596419987661,0.209612052416368,0.160677217245743,0.856307692307692,0.884769230769231,0.884,0.0284615384615384,0.0276923076923077,0.914478166152504,0.934115894997926,0.933888649761589,0.0196377288454221,0.0194104836090854,1.947968,5.963901,5.986528
COIL100,20260617,0.2000,7200,1024,100,3,10,700,0.969756007480022,0.117161494546122,0.907130329717976,0.0299045977695566,0.00277723013477527,0.209612052416368,0.179707454646811,0.856307692307692,0.876307692307692,0.870461538461539,0.02,0.0141538461538462,0.914478166152504,0.927743560898491,0.924424697759804,0.0132653947459878,0.00994653160729997,1.930346,5.925376,6.049063
COIL100,20260617,0.4000,7200,1024,100,3,10,700,0.827204616613108,0.234322989092244,0.880381579112199,0.0198112699354352,0.00236979282545872,0.209612052416368,0.189800782480932,0.856307692307692,0.866615384615385,0.864923076923077,0.0103076923076922,0.00861538461538458,0.914478166152504,0.921519965505528,0.920976139719712,0.00704179935302451,0.00649797356720849,1.901713,6.179374,6.216884
COIL100,20260617,0.6000,7200,1024,100,3,10,700,0.538146657453695,0.351484483638366,0.826893334774362,0.0126176154885535,0.00218419334032285,0.209612052416368,0.196994436927814,0.856307692307692,0.857692307692308,0.858307692307692,0.00138461538461532,0.002,0.914478166152504,0.91604594596201,0.915977661166948,0.00156777980950606,0.00149949501444424,1.909083,6.077371,6.161050
COIL100,20260617,0.8000,7200,1024,100,3,10,700,0.216396452599058,0.468645978184488,0.65680712021749,0.00668501602807411,0.00229424990206699,0.209612052416368,0.202927036388293,0.856307692307692,0.850307692307692,0.856153846153846,-0.00600000000000001,-0.000153846153846171,0.914478166152504,0.910938542499126,0.914623866014429,-0.00353962365337734,0.000145699861925586,1.899764,6.070279,6.897186
COIL100,20260617,1.0000,7200,1024,100,3,10,700,-0.0284413839203339,0.58580747273061,0,0.000990343183390119,0.00313878732368122,0.209612052416368,0.208621709232977,0.856307692307692,0.842769230769231,0.856307692307692,-0.0135384615384616,0,0.914478166152504,0.905422146530312,0.914478166152504,-0.0090560196221916,0,2.126240,6.496142,0.000000
COIL100,20260618,0.0000,7200,1024,100,3,10,700,1,0,0.905396764821064,0.0571333998557276,0.00540500446312356,0.212441045797074,0.155307645941346,0.856769230769231,0.882,0.879384615384615,0.0252307692307693,0.0226153846153847,0.917247200645219,0.936169005262112,0.934206998788925,0.0189218046168934,0.0169597981437066,2.036576,7.572956,7.349864
COIL100,20260618,0.2000,7200,1024,100,3,10,700,0.970164836394854,0.115439854185502,0.909894278425992,0.0302751669773977,0.00272796576627201,0.212441045797074,0.182165878819676,0.856769230769231,0.872923076923077,0.870923076923077,0.0161538461538462,0.0141538461538462,0.917247200645219,0.929259242602499,0.927901786007682,0.0120120419572802,0.0106545853624633,2.024422,7.010859,7.072372
COIL100,20260618,0.4000,7200,1024,100,3,10,700,0.832316846866594,0.230879708371004,0.901376841983732,0.0183294365188573,0.00180770691414841,0.212441045797074,0.194111609278216,0.856769230769231,0.865692307692308,0.864461538461539,0.00892307692307692,0.00769230769230778,0.917247200645219,0.924509394845159,0.923597752861246,0.00726219419994079,0.00635055221602709,1.897707,6.190033,6.225885
COIL100,20260618,0.6000,7200,1024,100,3,10,700,0.555599226556685,0.346319562556506,0.88837056069551,0.0102923912161153,0.00114893386055741,0.212441045797074,0.202148654580958,0.856769230769231,0.859846153846154,0.859230769230769,0.00307692307692309,0.00246153846153852,0.917247200645219,0.920191528477473,0.919648606141067,0.00294432783225396,0.00240140549584889,1.927633,6.366179,6.273388
COIL100,20260618,0.8000,7200,1024,100,3,10,700,0.243960973175847,0.461759416742008,0.674009747330106,0.00385995677404001,0.00125830828406417,0.212441045797074,0.208581089023034,0.856769230769231,0.853076923076923,0.855846153846154,-0.00369230769230766,-0.000923076923076915,0.917247200645219,0.915817709289617,0.917335880668431,-0.001429491355602,8.86800232121621e-005,1.592473,6.244183,6.348696
COIL100,20260618,1.0000,7200,1024,100,3,10,700,0.00156159673610224,0.577199270927509,0,-0.00230307124711537,0.00218008353854866,0.212441045797074,0.214744117044189,0.856769230769231,0.845230769230769,0.856769230769231,-0.0115384615384615,0,0.917247200645219,0.910716084982472,0.917247200645219,-0.00653111566274622,0,1.908007,6.138728,0.000000
COIL100,20260619,0.0000,7200,1024,100,3,10,700,1,0,0.910994786536721,0.0556218151195759,0.0049506315279329,0.22323162661604,0.167609811496464,0.853230769230769,0.884153846153846,0.883230769230769,0.0309230769230769,0.03,0.912054377829511,0.931604821339132,0.931641728245025,0.019550443509621,0.0195873504155143,1.933197,6.227076,6.248072
COIL100,20260619,0.2000,7200,1024,100,3,10,700,0.970040278526617,0.115948246241968,0.919979588727561,0.0349535133669505,0.00279699451504008,0.22323162661604,0.188278113249089,0.853230769230769,0.876307692307692,0.871846153846154,0.0230769230769231,0.0186153846153846,0.912054377829511,0.926793501506209,0.924307276725661,0.0147391236766982,0.0122528988961507,1.955154,6.332383,6.797078
COIL100,20260619,0.4000,7200,1024,100,3,10,700,0.830813085857742,0.231896492483935,0.924764857059761,0.0226444522208471,0.00170365859963885,0.22323162661604,0.200587174395193,0.853230769230769,0.867230769230769,0.866461538461539,0.014,0.0132307692307693,0.912054377829511,0.920201687589403,0.919836402673789,0.00814730975989231,0.00778202484427837,1.941074,6.960123,7.093386
COIL100,20260619,0.6000,7200,1024,100,3,10,700,0.550511910110075,0.347844738725903,0.895147329455297,0.0136901301588661,0.00143544670726169,0.22323162661604,0.209541496457174,0.853230769230769,0.861076923076923,0.861076923076923,0.00784615384615384,0.00784615384615384,0.912054377829511,0.917019113655264,0.916967452070995,0.00496473582575363,0.00491307424148435,1.989163,6.605481,7.076156
COIL100,20260619,0.8000,7200,1024,100,3,10,700,0.235903097529387,0.463792984967871,0.668511826550023,0.00634492641052977,0.00210326806650103,0.22323162661604,0.21688670020551,0.853230769230769,0.854307692307692,0.856153846153846,0.00107692307692309,0.00292307692307692,0.912054377829511,0.91311671619992,0.913928293412503,0.00106233837040948,0.00187391558299232,2.134415,6.870132,6.889113
COIL100,20260619,1.0000,7200,1024,100,3,10,700,-0.00725192571131111,0.579741231209837,0,-0.000228807051501734,0.00360236603160052,0.22323162661604,0.223460433667542,0.853230769230769,0.845846153846154,0.853230769230769,-0.00738461538461543,0,0.912054377829511,0.907403373978662,0.912054377829511,-0.00465100385084827,0,2.008972,6.913023,0.000000
COIL100,20260620,0.0000,7200,1024,100,3,10,700,1,0,0.933463509893108,0.0595317280595663,0.0039610322350815,0.197847130191518,0.138315402131951,0.846307692307692,0.875538461538461,0.873230769230769,0.0292307692307692,0.0269230769230769,0.909303193729942,0.927883726426567,0.926124090351002,0.0185805326966246,0.01682089662106,2.179196,6.821483,6.355029
COIL100,20260620,0.2000,7200,1024,100,3,10,700,0.970140660347585,0.11553754566399,0.929537706515714,0.0353438497662464,0.00249040871509376,0.197847130191518,0.162503280425271,0.846307692307692,0.867692307692308,0.866461538461539,0.0213846153846153,0.0201538461538462,0.909303193729942,0.922750094863641,0.922240669563517,0.0134469011336991,0.0129374758335751,1.914529,6.268087,6.577730
COIL100,20260620,0.4000,7200,1024,100,3,10,700,0.832028279906622,0.23107509132798,0.896625240266101,0.0211811101649196,0.0021895921741958,0.197847130191518,0.176666020026598,0.846307692307692,0.860307692307692,0.858615384615385,0.014,0.0123076923076924,0.909303193729942,0.918380596351189,0.917729687621149,0.00907740262124612,0.00842649389120675,1.944184,6.741853,6.272284
COIL100,20260620,0.6000,7200,1024,100,3,10,700,0.554625893526293,0.34661263699197,0.804399902246987,0.0104216941523048,0.00203848439494283,0.197847130191518,0.187425436039213,0.846307692307692,0.852923076923077,0.850769230769231,0.00661538461538458,0.00446153846153841,0.909303193729942,0.912652754539949,0.912496627438346,0.0033495608100067,0.00319343370840386,1.966522,6.341409,6.195449
COIL100,20260620,0.8000,7200,1024,100,3,10,700,0.242417849496236,0.46215018265596,0,0.00080567423428477,0.00205164472001826,0.197847130191518,0.197041455957233,0.846307692307692,0.848769230769231,0.846307692307692,0.0024615384615384,0,0.909303193729942,0.909206799654207,0.909303193729942,-9.6394075734918e-005,0,1.897138,6.344222,0.000000
COIL100,20260620,1.0000,7200,1024,100,3,10,700,-0.000128983971085202,0.57768772831995,0,-0.0103598259117583,0.00247682956103746,0.197847130191518,0.208206956103276,0.846307692307692,0.839384615384615,0.846307692307692,-0.00692307692307692,0,0.909303193729942,0.903188841831928,0.909303193729942,-0.00611435189801479,0,1.887278,6.273437,0.000000
COIL100,20260621,0.0000,7200,1024,100,3,10,700,1,0,0.931262250946584,0.0681794856248281,0.00468650437347044,0.254124207284628,0.185944721659799,0.854153846153846,0.881538461538461,0.882,0.0273846153846153,0.0278461538461539,0.915748881536838,0.93212796137681,0.932516910468758,0.0163790798399719,0.0167680289319193,1.860887,6.223072,6.255803
COIL100,20260621,0.2000,7200,1024,100,3,10,700,0.970192717561628,0.115327755303077,0.927700660764585,0.0410629501970531,0.00296882416630371,0.254124207284628,0.213061257087574,0.854153846153846,0.875538461538461,0.873692307692308,0.0213846153846153,0.0195384615384615,0.915748881536838,0.928763832931012,0.927701952421643,0.0130149513941736,0.0119530708848049,1.895490,6.221559,6.287491
COIL100,20260621,0.4000,7200,1024,100,3,10,700,0.832647738841118,0.230655510606154,0.90669598318325,0.0253359281749862,0.00236394386850688,0.254124207284628,0.228788279109641,0.854153846153846,0.866461538461539,0.865538461538462,0.0123076923076924,0.0113846153846154,0.915748881536838,0.923224425180043,0.922853146865959,0.00747554364320513,0.00710426532912078,1.890269,6.104477,6.116148
COIL100,20260621,0.6000,7200,1024,100,3,10,700,0.556713641151138,0.345983265909231,0.86115658135926,0.0138240025473529,0.00191937177297278,0.254124207284628,0.240300204737275,0.854153846153846,0.858307692307692,0.857692307692308,0.00415384615384617,0.00353846153846149,0.915748881536838,0.918220386034597,0.918022637177778,0.00247150449775868,0.00227375564093935,1.891124,6.223943,6.215486
COIL100,20260621,0.8000,7200,1024,100,3,10,700,0.245728605078632,0.461311021212309,0.599322041313976,0.00401553447662989,0.00160893615712942,0.254124207284628,0.250108672807998,0.854153846153846,0.849692307692308,0.854615384615385,-0.00446153846153841,0.000461538461538513,0.915748881536838,0.913420110811875,0.916188612534529,-0.00232877072496296,0.000439730997691234,1.899840,6.134218,6.116092
COIL100,20260621,1.0000,7200,1024,100,3,10,700,0.00349973998233928,0.576638776515386,0,-0.00561922901092703,0.00170620307349557,0.254124207284628,0.259743436295555,0.854153846153846,0.835846153846154,0.854153846153846,-0.0183076923076924,0,0.915748881536838,0.904223937119767,0.915748881536838,-0.0115249444170707,0,1.892959,6.160671,0.000000
COIL100,20260622,0.0000,7200,1024,100,3,10,700,1,0,0.902692353292317,0.060188631374984,0.00585681407765589,0.229281066048992,0.169092434674008,0.856153846153846,0.885076923076923,0.881692307692308,0.0289230769230769,0.0255384615384615,0.915204299101936,0.934344125984317,0.932317002627971,0.019139826882381,0.0171127035260357,1.876224,6.210708,6.208997
COIL100,20260622,0.2000,7200,1024,100,3,10,700,0.970251837336802,0.115091999325438,0.938801362663523,0.0354481038348149,0.00216937565085261,0.229281066048992,0.193832962214177,0.856153846153846,0.877692307692308,0.874,0.0215384615384615,0.0178461538461538,0.915204299101936,0.930210111419593,0.927119238043596,0.0150058123176567,0.0119149389416605,1.913664,6.233618,6.315990
COIL100,20260622,0.4000,7200,1024,100,3,10,700,0.833342823619191,0.230183998650876,0.937398819357449,0.0218451956319789,0.00136753503792939,0.229281066048992,0.207435870417013,0.856153846153846,0.868923076923077,0.867846153846154,0.0127692307692308,0.0116923076923077,0.915204299101936,0.923417685113755,0.922869088671954,0.00821338601181909,0.00766478957001815,1.898977,6.199216,6.138701
COIL100,20260622,0.6000,7200,1024,100,3,10,700,0.559048825036432,0.345275997976313,0.899212041967155,0.0122186572459214,0.00123149351371965,0.229281066048992,0.217062408803071,0.856153846153846,0.860461538461539,0.859230769230769,0.00430769230769235,0.00307692307692309,0.915204299101936,0.918735503260255,0.917633710044364,0.00353120415831898,0.00242941094242821,1.896600,6.282489,6.127131
COIL100,20260622,0.8000,7200,1024,100,3,10,700,0.249435453949565,0.460367997301752,0.711962273153263,0.00433259354697247,0.00124795039662079,0.229281066048992,0.224948472502019,0.856153846153846,0.853230769230769,0.853076923076923,-0.00292307692307692,-0.00307692307692309,0.915204299101936,0.913550814806088,0.914021722732591,-0.00165348429584788,-0.00118257636934516,1.222969,6.251082,6.234795
COIL100,20260622,1.0000,7200,1024,100,3,10,700,0.00756971891326148,0.575459996627189,0,-0.00436930650316072,0.0017107538191441,0.229281066048992,0.233650372552153,0.856153846153846,0.843230769230769,0.856153846153846,-0.0129230769230769,0,0.915204299101936,0.907420093581293,0.915204299101936,-0.00778420552064285,0,1.904858,6.223642,0.000000
COIL100,20260623,0.0000,7200,1024,100,3,10,700,1,0,0.951912747943098,0.0565372377890578,0.00271872040416344,0.233672958100921,0.177135720311864,0.857076923076923,0.880923076923077,0.880615384615385,0.0238461538461539,0.0235384615384615,0.911822864049527,0.92666538908356,0.926314241489308,0.0148425250340325,0.0144913774397804,1.934267,6.094929,6.069260
COIL100,20260623,0.2000,7200,1024,100,3,10,700,0.970244794376666,0.115119949573991,0.974858587945351,0.0328388141618183,0.000825614158228312,0.233672958100921,0.200834143939103,0.857076923076923,0.873230769230769,0.873692307692308,0.0161538461538462,0.0166153846153846,0.911822864049527,0.921764699301632,0.921861672530291,0.00994183525210446,0.0100388084807639,1.916133,6.163946,6.296024
COIL100,20260623,0.4000,7200,1024,100,3,10,700,0.83326047539015,0.230239899147982,0.95170421183326,0.0201665196793475,0.000973957962494165,0.233672958100921,0.213506438421574,0.857076923076923,0.868,0.867846153846154,0.0109230769230769,0.0107692307692308,0.911822864049527,0.917738050569111,0.917842991823274,0.00591518651958356,0.00602012777374705,1.932839,6.141158,6.159074
COIL100,20260623,0.6000,7200,1024,100,3,10,700,0.558772578654938,0.345359848721974,0.886504383135408,0.0111096765300203,0.00126089959094074,0.233672958100921,0.222563281570901,0.857076923076923,0.862153846153846,0.862307692307692,0.00507692307692309,0.00523076923076926,0.911822864049527,0.914280071470558,0.914310565314718,0.00245720742103095,0.00248770126519104,1.924523,6.020127,6.101170
COIL100,20260623,0.8000,7200,1024,100,3,10,700,0.248996739416944,0.460479798295965,0.521596787804209,0.00334383545079586,0.0015997016207149,0.233672958100921,0.230329122650126,0.857076923076923,0.856769230769231,0.858615384615385,-0.000307692307692342,0.0015384615384616,0.911822864049527,0.911412880374559,0.911568271770712,-0.000409983674968362,-0.000254592278815413,1.890885,6.165389,6.196186
COIL100,20260623,1.0000,7200,1024,100,3,10,700,0.0070876342961206,0.575599747869956,0,-0.00562090767598305,0.00202008001534164,0.233672958100921,0.239293865776905,0.857076923076923,0.847384615384615,0.857076923076923,-0.00969230769230767,0,0.911822864049527,0.905620083062285,0.911822864049527,-0.00620278098724281,0,1.890057,6.232702,0.000000
COIL100,20260624,0.0000,7200,1024,100,3,10,700,1,0,0.89356903755534,0.0628269095578197,0.00668672845166235,0.238702360185526,0.175875450627706,0.850153846153846,0.877384615384615,0.876153846153846,0.0272307692307693,0.026,0.912976633693934,0.930112625754364,0.928945569635199,0.0171359920604297,0.0159689359412656,2.132576,6.705688,7.846797
COIL100,20260624,0.2000,7200,1024,100,3,10,700,0.970127708295946,0.11559007316843,0.916314145036972,0.0383566761537935,0.00320991123747019,0.238702360185526,0.200345684031733,0.850153846153846,0.872307692307692,0.871538461538461,0.0221538461538462,0.0213846153846153,0.912976633693934,0.927520075289568,0.926266635626039,0.0145434415956338,0.0132900019321047,2.796690,7.926350,7.391807
COIL100,20260624,0.4000,7200,1024,100,3,10,700,0.8318730433612,0.23118014633686,0.919688663874649,0.0253508354949775,0.00203595947049561,0.238702360185526,0.213351524690548,0.850153846153846,0.864153846153846,0.863846153846154,0.014,0.0136923076923077,0.912976633693934,0.920904571410167,0.920821556872026,0.00792793771623312,0.00784492317809204,1.962870,6.314539,6.191604
COIL100,20260624,0.6000,7200,1024,100,3,10,700,0.554101715039585,0.346770219505289,0.91624226832674,0.0161471581699805,0.00135244934128692,0.238702360185526,0.222555202015546,0.850153846153846,0.857230769230769,0.856615384615385,0.00707692307692309,0.00646153846153852,0.912976633693934,0.917412776379259,0.917223390008021,0.00443614268532488,0.004246756314087,1.936676,6.080213,6.070588
COIL100,20260624,0.8000,7200,1024,100,3,10,700,0.241587099110579,0.462360292673719,0.884939079953383,0.00891500675931792,0.00102576887994893,0.238702360185526,0.229787353426208,0.850153846153846,0.852461538461538,0.852307692307692,0.00230769230769234,0.00215384615384617,0.912976633693934,0.914296068584831,0.914413807571054,0.0013194348908967,0.00143717387712028,1.971568,6.072591,6.090329
COIL100,20260624,1.0000,7200,1024,100,3,10,700,-0.00103857957182242,0.577950365842149,0.367672815173742,0.00415401564333469,0.00262669701747406,0.238702360185526,0.234548344542191,0.850153846153846,0.841692307692308,0.850615384615385,-0.00846153846153841,0.000461538461538513,0.912976633693934,0.906901908812037,0.913308387054074,-0.00607472488189642,0.000331753360140463,1.948846,6.142924,6.034720
COIL100,20260625,0.0000,7200,1024,100,3,10,700,1,0,0.942945190171746,0.0490923170909304,0.0028009528156514,0.21237660981409,0.16328429272316,0.850769230769231,0.878307692307692,0.876307692307692,0.0275384615384616,0.0255384615384616,0.912620288592359,0.933152937655645,0.93138316409281,0.0205326490632853,0.0187628755004509,1.855221,6.275211,6.570789
COIL100,20260625,0.2000,7200,1024,100,3,10,700,0.9700659310553,0.115842491962286,0.933804046978664,0.0299669951257183,0.00198369380153267,0.21237660981409,0.182409614688372,0.850769230769231,0.868461538461539,0.866307692307692,0.0176923076923078,0.0155384615384616,0.912620288592359,0.925991388737509,0.924901907171283,0.0133711001451496,0.0122816185789233,1.996240,6.124017,6.196684
COIL100,20260625,0.4000,7200,1024,100,3,10,700,0.831126308200968,0.231684983924571,0.906946606354307,0.0186474478424944,0.00173520830457516,0.21237660981409,0.193729161971596,0.850769230769231,0.862615384615385,0.860615384615385,0.0118461538461538,0.00984615384615384,0.912620288592359,0.922126892062475,0.92058802930127,0.00950660347011534,0.00796774070891115,1.917284,6.042898,6.022814
COIL100,20260625,0.6000,7200,1024,100,3,10,700,0.551574668937477,0.347527475886857,0.862125631162815,0.0100179711376881,0.00138122144763788,0.21237660981409,0.202358638676402,0.850769230769231,0.856923076923077,0.854615384615385,0.00615384615384618,0.00384615384615394,0.912620288592359,0.91804020800625,0.916123762312655,0.00541991941389097,0.00350347372029536,1.916209,6.080298,6.168489
COIL100,20260625,0.8000,7200,1024,100,3,10,700,0.237584868009295,0.463369967849143,0.589683375184362,0.00228028909229593,0.000935640523954782,0.21237660981409,0.210096320721794,0.850769230769231,0.848615384615385,0.850615384615385,-0.00215384615384606,-0.00015384615384606,0.912620288592359,0.911321540810411,0.913217952365178,-0.00129874778194827,0.000597663772818446,1.897798,6.044596,6.062546
COIL100,20260625,1.0000,7200,1024,100,3,10,700,-0.00541537143316422,0.579212459811428,0,-0.00604291475868847,0.000498898821116879,0.21237660981409,0.218419524572779,0.850769230769231,0.838769230769231,0.850769230769231,-0.0119999999999999,0,0.912620288592359,0.90503903597417,0.912620288592359,-0.00758125261818976,0,1.940554,6.146692,0.000000
COIL100,20260626,0.0000,7200,1024,100,3,10,700,1,0,0.895731285742068,0.0552680067405467,0.00576272400243554,0.223354344845541,0.168086338104994,0.837076923076923,0.866923076923077,0.866923076923077,0.0298461538461539,0.0298461538461539,0.904466407579831,0.924038263972063,0.924679496964221,0.0195718563922322,0.02021308938439,1.911688,6.103269,6.251941
COIL100,20260626,0.2000,7200,1024,100,3,10,700,0.970173186060634,0.115406220710536,0.938336286046006,0.0344732869199014,0.00212575090368278,0.223354344845541,0.188881057925639,0.837076923076923,0.861846153846154,0.858615384615385,0.0247692307692308,0.0215384615384616,0.904466407579831,0.922618118173775,0.920651698787754,0.0181517105939446,0.016185291207923,1.891234,6.094741,6.228165
COIL100,20260626,0.4000,7200,1024,100,3,10,700,0.832416151847316,0.230812441421072,0.930136375375983,0.0232531388506085,0.00162454856398905,0.223354344845541,0.200101205994932,0.837076923076923,0.852461538461538,0.852153846153846,0.0153846153846154,0.0150769230769231,0.904466407579831,0.916061525152537,0.915191471685505,0.0115951175727059,0.0107250641056739,1.933223,6.178462,6.074041
COIL100,20260626,0.6000,7200,1024,100,3,10,700,0.555933864930588,0.346218662131608,0.904369337425509,0.0146808416130119,0.00140393861060348,0.223354344845541,0.208673503232529,0.837076923076923,0.844153846153846,0.842923076923077,0.00707692307692309,0.00584615384615383,0.904466407579831,0.909895455677614,0.908928053552221,0.00542904809778322,0.00446164597238974,1.917509,6.014706,6.091876
COIL100,20260626,0.8000,7200,1024,100,3,10,700,0.24449166696777,0.461624882842144,0.825433602667734,0.00706300966740193,0.00123296415196132,0.223354344845541,0.216291335178139,0.837076923076923,0.837076923076923,0.838923076923077,0,0.00184615384615383,0.904466407579831,0.90564041466068,0.906288485727861,0.00117400708084892,0.00182207814803026,1.906951,6.102746,6.125465
COIL100,20260626,1.0000,7200,1024,100,3,10,700,0.00214330331156652,0.57703110355268,0,-0.00113138823870322,0.00121558624437867,0.223354344845541,0.224485733084244,0.837076923076923,0.829230769230769,0.837076923076923,-0.00784615384615384,0,0.904466407579831,0.89899915380825,0.904466407579831,-0.00546725377158108,0,1.917316,6.060338,0.000000
COIL100,20260627,0.0000,7200,1024,100,3,10,700,1,0,0.97244471767434,0.056207006484493,0.00154879993236039,0.220464162596178,0.164257156111685,0.847846153846154,0.870153846153846,0.869384615384615,0.0223076923076924,0.0215384615384616,0.912741089845273,0.925295057190522,0.925022945971629,0.0125539673452489,0.0122818561263568,1.955535,6.012417,6.053992
COIL100,20260627,0.2000,7200,1024,100,3,10,700,0.969939214331719,0.116370557856425,0.95627828586835,0.0333896698683673,0.00145985360093491,0.220464162596178,0.187074492727811,0.847846153846154,0.863538461538462,0.863076923076923,0.0156923076923078,0.0152307692307693,0.912741089845273,0.921528653486954,0.920878445766976,0.00878756364168154,0.0081373559217035,1.905698,6.077058,6.098561
COIL100,20260627,0.4000,7200,1024,100,3,10,700,0.829560152687362,0.232741115712851,0.929164780488441,0.0195438487776523,0.00138439281826572,0.220464162596178,0.200920313818526,0.847846153846154,0.858,0.857076923076923,0.0101538461538462,0.00923076923076926,0.912741089845273,0.917325827049219,0.916453282340513,0.00458473720394659,0.00371219249524013,1.927654,6.241752,6.450289
COIL100,20260627,0.6000,7200,1024,100,3,10,700,0.546244089748375,0.349111673569276,0.813951194582805,0.00858674749991319,0.00159755411477794,0.220464162596178,0.211877415096265,0.847846153846154,0.851538461538462,0.852,0.00369230769230777,0.00415384615384617,0.912741089845273,0.913113038743798,0.913226829141717,0.000371948898525543,0.000485739296444576,1.992394,6.144159,6.346428
COIL100,20260627,0.8000,7200,1024,100,3,10,700,0.229157744741408,0.465482231425702,0,-0.00136753420592505,0.00215885163387034,0.220464162596178,0.221831696802103,0.847846153846154,0.844,0.847846153846154,-0.00384615384615383,0,0.912741089845273,0.90810624714765,0.912741089845273,-0.00463484269762282,0,2.163849,6.390695,0.000000
COIL100,20260627,1.0000,7200,1024,100,3,10,700,-0.0146025991137471,0.581852789282127,0,-0.012539160527762,0.00337544575762375,0.220464162596178,0.23300332312394,0.847846153846154,0.833846153846154,0.847846153846154,-0.014,0,0.912741089845273,0.901681058114955,0.912741089845273,-0.0110600317303174,0,1.954339,7.054965,0.000000
COIL100,20260628,0.0000,7200,1024,100,3,10,700,1,0,0.881388612258123,0.063720345792856,0.00755795864188294,0.226246780044735,0.162526434251879,0.863230769230769,0.888615384615385,0.886769230769231,0.0253846153846153,0.0235384615384615,0.918494177605381,0.936015589574249,0.935607160708488,0.0175214119688678,0.0171129831031072,2.226586,8.670235,8.730767
COIL100,20260628,0.2000,7200,1024,100,3,10,700,0.970104640275274,0.115683960839145,0.918069367838308,0.0395267866564588,0.00323845461808401,0.226246780044735,0.186719993388276,0.863230769230769,0.882769230769231,0.880307692307692,0.0195384615384615,0.0170769230769231,0.918494177605381,0.932906999502039,0.931095533485937,0.0144128218966576,0.0126013558805562,2.236944,8.541487,8.743639
COIL100,20260628,0.4000,7200,1024,100,3,10,700,0.831595438824435,0.231367921678289,0.919006105767926,0.0257846215293153,0.00208839690895943,0.226246780044735,0.200462158515419,0.863230769230769,0.875076923076923,0.874461538461539,0.0118461538461538,0.0112307692307693,0.918494177605381,0.927923523348823,0.927361773610131,0.00942934574344245,0.00886759600474973,2.288905,8.580621,8.559442
COIL100,20260628,0.6000,7200,1024,100,3,10,700,0.553163349486939,0.347051882517434,0.90242429389305,0.0156384304341827,0.00152593089201979,0.226246780044735,0.210608349610552,0.863230769230769,0.868307692307692,0.868461538461539,0.00507692307692309,0.00523076923076926,0.918494177605381,0.923336857385977,0.923004017824165,0.00484267978059616,0.00450984021878431,2.184948,8.697601,8.715630
COIL100,20260628,0.8000,7200,1024,100,3,10,700,0.240100415114002,0.462735843356579,0.805312051378646,0.00682595272575826,0.00132893073356421,0.226246780044735,0.219420827318976,0.863230769230769,0.863076923076923,0.863692307692308,-0.000153846153846171,0.000461538461538402,0.918494177605381,0.920143911303366,0.919807128049321,0.00164973369798527,0.00131295044394042,2.212763,8.683990,8.683664
COIL100,20260628,1.0000,7200,1024,100,3,10,700,-0.00266542083140802,0.578419804195725,0,-0.00226981145297442,0.0016651342215808,0.226246780044735,0.228516591497709,0.863230769230769,0.854769230769231,0.863230769230769,-0.00846153846153852,0,0.918494177605381,0.914644737242395,0.918494177605381,-0.00384944036298596,0,2.285384,8.543790,0.000000
COIL100,20260629,0.0000,7200,1024,100,3,10,700,1,0,0.897517378155317,0.0596186104204235,0.00610987150662175,0.228346496037308,0.168727885616885,0.858153846153846,0.885538461538462,0.881076923076923,0.0273846153846153,0.0229230769230769,0.919725031160746,0.938411304128388,0.93592600221271,0.0186862729676415,0.0162009710519634,2.268820,7.527622,6.570977
COIL100,20260629,0.2000,7200,1024,100,3,10,700,0.97034651382451,0.114719688170831,0.907838203616244,0.0349202066994609,0.00321830897951439,0.228346496037308,0.193426289337847,0.858153846153846,0.878923076923077,0.878461538461539,0.0207692307692308,0.0203076923076924,0.919725031160746,0.934160275446793,0.933371756392151,0.0144352442860469,0.0136467252314049,1.963883,6.267876,6.178236
COIL100,20260629,0.4000,7200,1024,100,3,10,700,0.834438236914425,0.229439376341662,0.910494330187251,0.0213853492853295,0.001914110011963,0.228346496037308,0.206961146751979,0.858153846153846,0.872615384615385,0.870769230769231,0.0144615384615384,0.0126153846153846,0.919725031160746,0.930026509196511,0.928529297020452,0.0103014780357646,0.00880426585970584,1.930863,6.058656,6.176039
COIL100,20260629,0.6000,7200,1024,100,3,10,700,0.56271319093826,0.344159064512494,0.896005168268101,0.011915168480731,0.00123911594121085,0.228346496037308,0.216431327556577,0.858153846153846,0.865384615384615,0.865538461538462,0.00723076923076926,0.00738461538461543,0.919725031160746,0.924262157469353,0.924642245263966,0.00453712630860637,0.00491721410321966,1.913045,6.265629,6.110468
COIL100,20260629,0.8000,7200,1024,100,3,10,700,0.255260083565945,0.458878752683325,0.7430780948572,0.0041824914705933,0.00107457367686834,0.228346496037308,0.224164004566715,0.858153846153846,0.859692307692308,0.860923076923077,0.00153846153846149,0.00276923076923075,0.919725031160746,0.919555558591782,0.920811109909008,-0.000169472568964713,0.0010860787482615,1.945282,6.224895,6.319769
COIL100,20260629,1.0000,7200,1024,100,3,10,700,0.0139801597722911,0.573598440854156,0,-0.00318873506403532,0.00156466869908775,0.228346496037308,0.231535231101344,0.858153846153846,0.851538461538462,0.858153846153846,-0.00661538461538458,0,0.919725031160746,0.913046350582129,0.919725031160746,-0.00667868057861742,0,1.918438,6.237959,0.000000
COIL100,20260630,0.0000,7200,1024,100,3,10,700,1,0,0.87813142562172,0.0566651214228293,0.00690569756477237,0.207215852908691,0.150550731485862,0.852,0.880307692307692,0.876307692307692,0.0283076923076924,0.0243076923076924,0.912010525113491,0.93201444600952,0.92925827508184,0.0200039208960294,0.0172477499683489,1.862358,6.221625,6.220820
COIL100,20260630,0.2000,7200,1024,100,3,10,700,0.970189133478134,0.115342132036396,0.904529248746702,0.0310366239315487,0.00296308980311103,0.207215852908691,0.176179228977142,0.852,0.872307692307692,0.869692307692308,0.0203076923076924,0.0176923076923077,0.912010525113491,0.92605861604125,0.924614836740692,0.0140480909277597,0.0126043116272017,1.907999,6.217766,7.073957
COIL100,20260630,0.4000,7200,1024,100,3,10,700,0.832605315724268,0.230684264072792,0.887157845654656,0.0181297372610773,0.00204579861025503,0.207215852908691,0.189086115647614,0.852,0.863692307692308,0.862461538461539,0.0116923076923077,0.0104615384615385,0.912010525113491,0.920153057347047,0.919182575167112,0.00814253223355632,0.00717205005362154,1.913856,6.125090,6.432986
COIL100,20260630,0.6000,7200,1024,100,3,10,700,0.556570863850863,0.346026396109188,0.803304964122258,0.00870886896738751,0.00171299129399484,0.207215852908691,0.198506983941304,0.852,0.854923076923077,0.854769230769231,0.00292307692307692,0.00276923076923075,0.912010525113491,0.914009893992901,0.914346274482178,0.00199936887941066,0.00233574936868741,1.915331,6.202786,6.096174
COIL100,20260630,0.8000,7200,1024,100,3,10,700,0.245502088595694,0.461368528145585,0,0.000690280263633836,0.00183152339104736,0.207215852908691,0.206525572645057,0.852,0.845846153846154,0.852,-0.00615384615384618,0,0.912010525113491,0.907368484517508,0.912010525113491,-0.00464204059598294,0,1.914004,6.205093,0.000000
COIL100,20260630,1.0000,7200,1024,100,3,10,700,0.00325127747794107,0.576710660181981,0,-0.00767989081128305,0.00241598664535165,0.207215852908691,0.214895743719974,0.852,0.830461538461538,0.852,-0.0215384615384615,0,0.912010525113491,0.897165525271735,0.912010525113491,-0.0148449998417559,0,1.897874,6.145867,0.000000
COIL100,20260631,0.0000,7200,1024,100,3,10,700,1,0,0.809720652892355,0.0467194632591746,0.00888974896617534,0.217332839470932,0.170613376211757,0.851076923076923,0.879538461538461,0.873230769230769,0.0284615384615384,0.0221538461538462,0.915333943947925,0.9340595715999,0.930291136928154,0.0187256276519752,0.0149571929802295,0.896670,6.465579,6.294885
COIL100,20260631,0.2000,7200,1024,100,3,10,700,0.970293476121322,0.114927483152749,0.834812373676462,0.0282099118592249,0.0046599283788216,0.217332839470932,0.189122927611707,0.851076923076923,0.874153846153846,0.867692307692308,0.0230769230769231,0.0166153846153846,0.915333943947925,0.930087913547231,0.925870168664021,0.0147539695993065,0.0105362247160959,1.259346,6.392901,6.277521
COIL100,20260631,0.4000,7200,1024,100,3,10,700,0.833827209333172,0.229854966305499,0.84797539620592,0.0170344868540777,0.00258966111482664,0.217332839470932,0.200298352616854,0.851076923076923,0.864769230769231,0.861846153846154,0.0136923076923077,0.0107692307692308,0.915333943947925,0.923515589162226,0.921837529063025,0.00818164521430131,0.00650358511510063,1.608784,6.289095,6.181850
COIL100,20260631,0.6000,7200,1024,100,3,10,700,0.56067154716891,0.344782449458248,0.840679666543061,0.00880067876920074,0.00140212707615646,0.217332839470932,0.208532160701731,0.851076923076923,0.857076923076923,0.856,0.00600000000000001,0.00492307692307692,0.915333943947925,0.918092745228368,0.918195410264419,0.0027588012804437,0.00286146631649431,0.897329,6.333326,6.239235
COIL100,20260631,0.8000,7200,1024,100,3,10,700,0.252013644189348,0.459709932610997,0.376552564585212,0.00181947928992683,0.0011343496970952,0.217332839470932,0.215513360181005,0.851076923076923,0.848153846153846,0.851538461538462,-0.00292307692307692,0.000461538461538513,0.915333943947925,0.912956972907322,0.916093361096439,-0.00237697104060275,0.000759417148514685,1.567780,6.201269,6.284520
COIL100,20260631,1.0000,7200,1024,100,3,10,700,0.0104049140648837,0.574637415763746,0,-0.00494349162549259,0.00196355141360068,0.217332839470932,0.222276331096424,0.851076923076923,0.839076923076923,0.851076923076923,-0.012,0,0.915333943947925,0.907382891563011,0.915333943947925,-0.00795105238491312,0,1.588420,6.306591,0.000000
COIL100,20260632,0.0000,7200,1024,100,3,10,700,1,0,0.848796733413189,0.0674177402203152,0.0101937825472127,0.221240127095182,0.153822386874867,0.846,0.875692307692308,0.868769230769231,0.0296923076923077,0.0227692307692308,0.912732996168465,0.930129224526301,0.926022464636055,0.0173962283578357,0.0132894684675898,1.900151,6.549272,6.189512
COIL100,20260632,0.2000,7200,1024,100,3,10,700,0.970055157963293,0.115886836220437,0.898790913291732,0.0401557879895552,0.00406413062847374,0.221240127095182,0.181084339105627,0.846,0.866923076923077,0.863230769230769,0.0209230769230769,0.0172307692307693,0.912732996168465,0.924309107743899,0.922750627103867,0.0115761115754338,0.0100176309354016,1.908175,6.275811,6.304450
COIL100,20260632,0.4000,7200,1024,100,3,10,700,0.830994995945634,0.231773672440874,0.906200341522218,0.0248222729513688,0.00232832072548069,0.221240127095182,0.196417854143813,0.846,0.857692307692308,0.856461538461539,0.0116923076923077,0.0104615384615385,0.912732996168465,0.918870476904726,0.918489600947927,0.00613748073626064,0.00575660477946194,1.902885,6.222903,6.180834
COIL100,20260632,0.6000,7200,1024,100,3,10,700,0.551129329100748,0.347660508661311,0.838473139548032,0.0136287964227649,0.00220141669790823,0.221240127095182,0.207611330672417,0.846,0.850923076923077,0.850615384615385,0.00492307692307692,0.00461538461538469,0.912732996168465,0.914819633862287,0.914616264170297,0.002086637693822,0.00188326800183214,1.907318,6.074850,6.162526
COIL100,20260632,0.8000,7200,1024,100,3,10,700,0.236880036852051,0.463547344881748,0.38562883856386,0.00430780663175697,0.00264659216359484,0.221240127095182,0.216932320463425,0.846,0.844307692307692,0.847230769230769,-0.00169230769230766,0.00123076923076926,0.912732996168465,0.909366323376249,0.913145868210582,-0.00336667279221592,0.000412872042116819,1.911708,6.294361,6.461717
COIL100,20260632,1.0000,7200,1024,100,3,10,700,-0.00618526046837577,0.579434181102186,0,-0.00456488022495307,0.0029332631533707,0.221240127095182,0.225805007320135,0.846,0.836153846153846,0.846,-0.00984615384615384,0,0.912732996168465,0.903288597680794,0.912732996168465,-0.00944439848767142,0,1.911683,6.320957,0.000000
COIL100,20260633,0.0000,7200,1024,100,3,10,700,1,0,0.919715352521951,0.0509316378661982,0.00408902859156737,0.206836263134325,0.155904625268127,0.855076923076923,0.878923076923077,0.878307692307692,0.0238461538461539,0.0232307692307693,0.918769826060821,0.933764095658936,0.933867500394086,0.0149942695981151,0.0150976743332648,1.882258,6.033371,6.145497
COIL100,20260633,0.2000,7200,1024,100,3,10,700,0.970163211123703,0.115446407274915,0.947184363255372,0.031638081372875,0.00167098541308676,0.206836263134325,0.17519818176145,0.855076923076923,0.872923076923077,0.870923076923077,0.0178461538461538,0.0158461538461538,0.918769826060821,0.930754047042998,0.929249484258738,0.0119842209821766,0.0104796581979173,1.228525,6.298665,6.462901
COIL100,20260633,0.4000,7200,1024,100,3,10,700,0.832297495848565,0.230892814549829,0.928313197440552,0.018828677418658,0.00134976768056688,0.206836263134325,0.188007585715667,0.855076923076923,0.864153846153846,0.862615384615385,0.00907692307692309,0.00753846153846149,0.918769826060821,0.924025565797701,0.92333274898955,0.00525573973688021,0.00456292292872906,1.950815,6.319867,6.270174
COIL100,20260633,0.6000,7200,1024,100,3,10,700,0.555533998591026,0.346339221824744,0.840796517105953,0.00904866734237508,0.00144057935645573,0.206836263134325,0.19778759579195,0.855076923076923,0.857076923076923,0.856615384615385,0.002,0.0015384615384616,0.918769826060821,0.919584713310716,0.919600908171848,0.000814887249894758,0.000831082111027115,2.177917,6.808009,6.414964
COIL100,20260633,0.8000,7200,1024,100,3,10,700,0.243857539325058,0.461785629099659,0,0.000301153586124714,0.00180470138627229,0.206836263134325,0.206535109548201,0.855076923076923,0.850307692307692,0.855076923076923,-0.00476923076923075,0,0.918769826060821,0.914397021443652,0.918769826060821,-0.00437280461716938,0,1.960438,6.734971,0.000000
COIL100,20260633,1.0000,7200,1024,100,3,10,700,0.00144823827974113,0.577232036374574,0,-0.00935599338608985,0.00301526610654572,0.206836263134325,0.216192256520415,0.855076923076923,0.842769230769231,0.855076923076923,-0.0123076923076924,0,0.918769826060821,0.910087665227973,0.918769826060821,-0.00868216083284845,0,1.987383,6.372007,0.000000
COIL100,20260634,0.0000,7200,1024,100,3,10,700,1,0,0.86485727108801,0.0556029143901389,0.00751432958614311,0.227197734765991,0.171594820375852,0.837230769230769,0.866923076923077,0.863384615384615,0.0296923076923077,0.0261538461538462,0.906931760067617,0.924926348807906,0.922380942415605,0.0179945887402898,0.0154491823479886,1.941770,6.437721,6.399155
COIL100,20260634,0.2000,7200,1024,100,3,10,700,0.970093692836064,0.115728669208078,0.907114585339424,0.0317244412769862,0.00294673788288796,0.227197734765991,0.195473293489005,0.837230769230769,0.860923076923077,0.856615384615385,0.0236923076923077,0.0193846153846154,0.906931760067617,0.921905417166221,0.918786394820022,0.0149736570986042,0.0118546347524059,1.909610,6.515842,6.379878
COIL100,20260634,0.4000,7200,1024,100,3,10,700,0.831463185802064,0.231457338416156,0.918968617961456,0.0193733773361886,0.00156985154030558,0.227197734765991,0.207824357429802,0.837230769230769,0.853076923076923,0.849846153846154,0.0158461538461538,0.0126153846153846,0.906931760067617,0.916880677522242,0.914752627348459,0.00994891745462545,0.00782086728084219,1.955105,6.457794,6.446039
COIL100,20260634,0.6000,7200,1024,100,3,10,700,0.552715854688705,0.347186007624233,0.877921906099724,0.0100261191446437,0.00122396951439517,0.227197734765991,0.217171615621347,0.837230769230769,0.843076923076923,0.842769230769231,0.00584615384615383,0.00553846153846149,0.906931760067617,0.911337605195979,0.910877007865178,0.00440584512836273,0.00394524779756167,1.983449,6.358539,6.339698
COIL100,20260634,0.8000,7200,1024,100,3,10,700,0.239391658344646,0.462914676832311,0.103671104927082,0.00173698291284622,0.00155690797503199,0.227197734765991,0.225460751853145,0.837230769230769,0.835692307692308,0.837230769230769,-0.00153846153846149,0,0.906931760067617,0.907050580571904,0.907149309878973,0.000118820504287909,0.000217549811356132,1.937095,6.355902,6.334687
COIL100,20260634,1.0000,7200,1024,100,3,10,700,-0.0034405706010422,0.578643346040389,0,-0.00671800375054899,0.00219988252345011,0.227197734765991,0.23391573851654,0.837230769230769,0.825692307692308,0.837230769230769,-0.0115384615384615,0,0.906931760067617,0.90137008672673,0.906931760067617,-0.00556167334088675,0,1.910191,6.301781,0.000000
COIL100,20260635,0.0000,7200,1024,100,3,10,700,1,0,0.862959209678527,0.0491723620323449,0.00673861935488612,0.22361821839234,0.174445856359995,0.834615384615385,0.861384615384615,0.856,0.0267692307692308,0.0213846153846153,0.906453779862248,0.923139466944541,0.919367158660609,0.0166856870822925,0.0129133787983605,1.919944,6.473271,6.410386
COIL100,20260635,0.2000,7200,1024,100,3,10,700,0.97031069496484,0.114859809168359,0.921524662964487,0.0323036784606262,0.00253504205468448,0.22361821839234,0.191314539931713,0.834615384615385,0.854307692307692,0.853538461538462,0.0196923076923077,0.0189230769230769,0.906453779862248,0.918309370260414,0.917851219323431,0.0118555903981658,0.0113974394611825,1.937867,6.392927,6.310486
COIL100,20260635,0.4000,7200,1024,100,3,10,700,0.834026303234673,0.229719618336719,0.936421741619518,0.0215940605646424,0.00137291276206261,0.22361821839234,0.202024157827697,0.834615384615385,0.850307692307692,0.849692307692308,0.0156923076923077,0.0150769230769231,0.906453779862248,0.915849888835461,0.915778660376071,0.0093961089732123,0.00932488051382252,1.960513,6.429175,6.471274
COIL100,20260635,0.6000,7200,1024,100,3,10,700,0.561337436482206,0.344579427505078,0.92400581052124,0.013521915031376,0.00102758697301008,0.22361821839234,0.210096303360964,0.834615384615385,0.845384615384615,0.845230769230769,0.0107692307692308,0.0106153846153846,0.906453779862248,0.912633315826219,0.912948685489211,0.00617953596397036,0.0064949056269622,1.940147,6.423274,6.423445
COIL100,20260635,0.8000,7200,1024,100,3,10,700,0.253072156134197,0.459439236673437,0.824572249132214,0.00652583007750667,0.00114481169304234,0.22361821839234,0.217092388314833,0.834615384615385,0.839384615384615,0.840615384615385,0.00476923076923075,0.00600000000000001,0.906453779862248,0.908187274348607,0.909066843820345,0.00173349448635884,0.00261306395809668,1.973025,6.256085,6.525418
COIL100,20260635,1.0000,7200,1024,100,3,10,700,0.011569998747426,0.574299045841797,0,-0.00107085317734378,0.00151839532231591,0.22361821839234,0.224689071569683,0.834615384615385,0.831384615384615,0.834615384615385,-0.00323076923076926,0,0.906453779862248,0.902728611058328,0.906453779862248,-0.00372516880392038,0,1.924888,6.266315,0.000000
COIL100,20260636,0.0000,7200,1024,100,3,10,700,1,0,0.943101614883991,0.0678516643795884,0.003860650130632,0.252477756640767,0.184626092261179,0.848461538461538,0.869846153846154,0.869230769230769,0.0213846153846153,0.0207692307692308,0.912570278611929,0.927421723385888,0.927552005510232,0.0148514447739597,0.014981726898303,1.213236,6.396601,6.328428
COIL100,20260636,0.2000,7200,1024,100,3,10,700,0.970234210737116,0.115162019272637,0.959030529818849,0.0396419367580505,0.00162410914593201,0.252477756640767,0.212835819882717,0.848461538461538,0.863384615384615,0.861230769230769,0.0149230769230769,0.0127692307692308,0.912570278611929,0.923627496961056,0.922215622053456,0.0110572183491273,0.00964534344152779,1.251569,6.406179,6.455585
COIL100,20260636,0.4000,7200,1024,100,3,10,700,0.833136498266497,0.230324038545275,0.95340801220674,0.0235044486829403,0.00109511898612285,0.252477756640767,0.228973307957827,0.848461538461538,0.853230769230769,0.853384615384615,0.00476923076923075,0.00492307692307692,0.912570278611929,0.917082446066878,0.916845947249814,0.00451216745494942,0.0042756686378852,1.906516,6.395666,6.494288
COIL100,20260636,0.6000,7200,1024,100,3,10,700,0.558356477237851,0.345486057817913,0.901644975599055,0.0121969534778812,0.0011996316569342,0.252477756640767,0.240280803162886,0.848461538461538,0.848769230769231,0.847846153846154,0.000307692307692231,-0.000615384615384684,0.912570278611929,0.913744494660649,0.91327375115626,0.00117421604871992,0.000703472544330896,0.553737,6.327283,6.354929
COIL100,20260636,0.8000,7200,1024,100,3,10,700,0.248336020252509,0.46064807709055,0.412964007557845,0.00264518134109005,0.00155281665375627,0.252477756640767,0.249832575299677,0.848461538461538,0.843230769230769,0.847692307692308,-0.00523076923076926,-0.000769230769230744,0.912570278611929,0.910348096969976,0.912047107449956,-0.00222218164195309,-0.00052317116197298,1.256959,6.397967,6.504112
COIL100,20260636,1.0000,7200,1024,100,3,10,700,0.00636179734600359,0.575810096363187,0,-0.00790478129938422,0.0020689066208292,0.252477756640767,0.260382537940151,0.848461538461538,0.831538461538462,0.848461538461538,-0.0169230769230769,0,0.912570278611929,0.902009816175416,0.912570278611929,-0.0105604624365123,0,1.567023,6.445072,0.000000
