dataset,seed,method,graph_seconds,calibration_seconds,factorization_seconds,total_seconds,wall_seconds,component_gap,theta,delta_cv,se_cv,unlabeled_ACC,unlabeled_NMI,objective_nonincrease,execution_order
PIE,20260617,GNMFLD,2.003305900,0.000000000,8.988324700,10.991630600,10.992097700,0.000467100,NaN,NaN,NaN,0.935758513931889,0.945400007238091,1,1
PIE,20260617,GOCNMF,2.086023000,0.000000000,2.193179000,4.279202000,4.279218400,0.000016400,NaN,NaN,NaN,0.931888544891641,0.951235603957988,1,2
PIE,20260617,CGC-GOCNMF,2.049194700,0.331910600,2.172299200,4.553404500,4.553425300,0.000020800,0,-0.00403617013428344,0.0022555840095089,0.931888544891641,0.951235603957988,1,3
YaleB,20260617,GNMFLD,1.232334200,0.000000000,4.984503500,6.216837700,6.216851400,0.000013700,NaN,NaN,NaN,0.621399176954732,0.625509112028225,1,3
YaleB,20260617,GOCNMF,1.286498100,0.000000000,1.193133900,2.479632000,2.479649300,0.000017300,NaN,NaN,NaN,0.712391403749428,0.724436491419813,1,1
YaleB,20260617,CGC-GOCNMF,1.245414600,0.048789800,1.183437800,2.477642200,2.477660800,0.000018600,0,-0.0250162631934364,0.00842588530846352,0.712391403749428,0.724436491419813,1,2
COIL20,20260617,GNMFLD,0.360158700,0.000000000,1.826857400,2.187016100,2.187028500,0.000012400,NaN,NaN,NaN,0.89,0.913828207409854,1,3
COIL20,20260617,GOCNMF,0.365846900,0.000000000,0.498880700,0.864727600,0.864744700,0.000017100,NaN,NaN,NaN,0.926923076923077,0.938371261210093,1,1
COIL20,20260617,CGC-GOCNMF,0.370693000,0.015989400,0.476917800,0.863600200,0.863616500,0.000016300,0.746882250563517,0.0344989525506084,0.00873229722752602,0.940769230769231,0.949210730072386,1,2
COIL100,20260617,GNMFLD,16.753507100,0.000000000,31.155288100,47.908795200,47.908811900,0.000016700,NaN,NaN,NaN,0.822923076923077,0.896185538823303,1,2
COIL100,20260617,GOCNMF,17.005565700,0.000000000,7.341968500,24.347534200,24.347553400,0.000019200,NaN,NaN,NaN,0.854153846153846,0.913453612695297,1,3
COIL100,20260617,CGC-GOCNMF,16.807903700,3.775538200,7.365421700,27.948863600,27.948907500,0.000043900,0.921406413519803,0.0489348351706242,0.00384596419987661,0.879538461538461,0.931473580217045,1,1
Optdigits,20260617,GNMFLD,7.985393200,0.000000000,0.537394600,8.522787800,8.522803700,0.000015900,NaN,NaN,NaN,0.983606557377049,0.95800855381687,1,2
Optdigits,20260617,GOCNMF,8.011737700,0.000000000,0.124308400,8.136046100,8.136061500,0.000015400,NaN,NaN,NaN,0.983804068733952,0.958481127575565,1,1
Optdigits,20260617,CGC-GOCNMF,8.813182100,0.206916900,0.121352600,9.141451600,9.141470800,0.000019200,0.948015109681834,0.0101810154126637,0.000529258969554882,0.985384159589176,0.962890013257037,1,3
MNIST,20260617,GNMFLD,15.164521700,0.000000000,5.230686100,20.395207800,20.395225000,0.000017200,NaN,NaN,NaN,0.941279162037772,0.865859839067215,1,2
MNIST,20260617,GOCNMF,15.120753600,0.000000000,1.386528000,16.507281600,16.507304600,0.000023000,NaN,NaN,NaN,0.942866211712427,0.869318676812437,1,1
MNIST,20260617,CGC-GOCNMF,15.220632900,0.372762400,1.372306900,16.965702200,16.965721800,0.000019600,0.961951987685453,0.0281460860981721,0.00107090263046955,0.947151245833995,0.87838885003704,1,3
