dataset,method,runs,graph_mean,graph_sd,calibration_mean,calibration_sd,factorization_mean,factorization_sd,total_mean,total_sd,wall_mean,wall_sd,ACC_mean,NMI_mean,theta_mean,objective_pass
PIE,GNMFLD,1,2.003305900,0.000000000,0.000000000,0.000000000,8.988324700,0.000000000,10.991630600,0.000000000,10.992097700,0.000000000,0.935758513931889,0.945400007238091,NaN,1
PIE,GOCNMF,1,2.086023000,0.000000000,0.000000000,0.000000000,2.193179000,0.000000000,4.279202000,0.000000000,4.279218400,0.000000000,0.931888544891641,0.951235603957988,NaN,1
PIE,CGC-GOCNMF,1,2.049194700,0.000000000,0.331910600,0.000000000,2.172299200,0.000000000,4.553404500,0.000000000,4.553425300,0.000000000,0.931888544891641,0.951235603957988,0,1
YaleB,GNMFLD,1,1.232334200,0.000000000,0.000000000,0.000000000,4.984503500,0.000000000,6.216837700,0.000000000,6.216851400,0.000000000,0.621399176954732,0.625509112028225,NaN,1
YaleB,GOCNMF,1,1.286498100,0.000000000,0.000000000,0.000000000,1.193133900,0.000000000,2.479632000,0.000000000,2.479649300,0.000000000,0.712391403749428,0.724436491419813,NaN,1
YaleB,CGC-GOCNMF,1,1.245414600,0.000000000,0.048789800,0.000000000,1.183437800,0.000000000,2.477642200,0.000000000,2.477660800,0.000000000,0.712391403749428,0.724436491419813,0,1
COIL20,GNMFLD,1,0.360158700,0.000000000,0.000000000,0.000000000,1.826857400,0.000000000,2.187016100,0.000000000,2.187028500,0.000000000,0.89,0.913828207409854,NaN,1
COIL20,GOCNMF,1,0.365846900,0.000000000,0.000000000,0.000000000,0.498880700,0.000000000,0.864727600,0.000000000,0.864744700,0.000000000,0.926923076923077,0.938371261210093,NaN,1
COIL20,CGC-GOCNMF,1,0.370693000,0.000000000,0.015989400,0.000000000,0.476917800,0.000000000,0.863600200,0.000000000,0.863616500,0.000000000,0.940769230769231,0.949210730072386,0.746882250563517,1
COIL100,GNMFLD,1,16.753507100,0.000000000,0.000000000,0.000000000,31.155288100,0.000000000,47.908795200,0.000000000,47.908811900,0.000000000,0.822923076923077,0.896185538823303,NaN,1
COIL100,GOCNMF,1,17.005565700,0.000000000,0.000000000,0.000000000,7.341968500,0.000000000,24.347534200,0.000000000,24.347553400,0.000000000,0.854153846153846,0.913453612695297,NaN,1
COIL100,CGC-GOCNMF,1,16.807903700,0.000000000,3.775538200,0.000000000,7.365421700,0.000000000,27.948863600,0.000000000,27.948907500,0.000000000,0.879538461538461,0.931473580217045,0.921406413519803,1
Optdigits,GNMFLD,1,7.985393200,0.000000000,0.000000000,0.000000000,0.537394600,0.000000000,8.522787800,0.000000000,8.522803700,0.000000000,0.983606557377049,0.95800855381687,NaN,1
Optdigits,GOCNMF,1,8.011737700,0.000000000,0.000000000,0.000000000,0.124308400,0.000000000,8.136046100,0.000000000,8.136061500,0.000000000,0.983804068733952,0.958481127575565,NaN,1
Optdigits,CGC-GOCNMF,1,8.813182100,0.000000000,0.206916900,0.000000000,0.121352600,0.000000000,9.141451600,0.000000000,9.141470800,0.000000000,0.985384159589176,0.962890013257037,0.948015109681834,1
MNIST,GNMFLD,1,15.164521700,0.000000000,0.000000000,0.000000000,5.230686100,0.000000000,20.395207800,0.000000000,20.395225000,0.000000000,0.941279162037772,0.865859839067215,NaN,1
MNIST,GOCNMF,1,15.120753600,0.000000000,0.000000000,0.000000000,1.386528000,0.000000000,16.507281600,0.000000000,16.507304600,0.000000000,0.942866211712427,0.869318676812437,NaN,1
MNIST,CGC-GOCNMF,1,15.220632900,0.000000000,0.372762400,0.000000000,1.372306900,0.000000000,16.965702200,0.000000000,16.965721800,0.000000000,0.947151245833995,0.87838885003704,0.961951987685453,1
