dataset,seed,method,alpha,parameter_source,graph_seconds,calibration_seconds,factorization_seconds,total_seconds,unlabeled_ACC,unlabeled_NMI,objective_initial,objective_final,objective_nonincrease
PIE,20260617,ERDNMF,400,original-authors-code,0,0,19.068978800,19.068978800,0.794891640866873,0.858220140269691,852686226.201633,86.7567020751603,1
PIE,20260618,ERDNMF,400,original-authors-code,0,0,19.055112200,19.055112200,0.770897832817337,0.86104424219858,861866277.739372,87.4183753634731,1
PIE,20260619,ERDNMF,400,original-authors-code,0,0,19.007822700,19.007822700,0.781733746130031,0.85744861972709,852389318.108492,88.7607573558406,1
PIE,20260620,ERDNMF,400,original-authors-code,0,0,18.984198800,18.984198800,0.759287925696594,0.844027473576025,851298705.59242,88.0376318185419,1
PIE,20260621,ERDNMF,400,original-authors-code,0,0,19.011022300,19.011022300,0.781733746130031,0.852640575092023,851215120.94175,88.9504181495707,1
PIE,20260622,ERDNMF,400,original-authors-code,0,0,18.958864600,18.958864600,0.765866873065015,0.836003679048618,852505554.06454,92.5216509051735,1
PIE,20260623,ERDNMF,400,original-authors-code,0,0,19.155082000,19.155082000,0.795278637770898,0.874870205006105,854781034.492803,88.1525017508438,1
PIE,20260624,ERDNMF,400,original-authors-code,0,0,19.107092200,19.107092200,0.755804953560371,0.84727748840874,852740469.959376,84.4576429760515,1
PIE,20260625,ERDNMF,400,original-authors-code,0,0,19.002576000,19.002576000,0.785603715170279,0.848684694089665,847645807.934896,96.3086574964709,1
PIE,20260626,ERDNMF,400,original-authors-code,0,0,19.317478000,19.317478000,0.751160990712074,0.845042155873205,854984575.155108,95.2046194762561,1
PIE,20260627,ERDNMF,400,original-authors-code,0,0,18.962244900,18.962244900,0.76625386996904,0.844262073780156,850725874.472874,94.6843877403987,1
PIE,20260628,ERDNMF,400,original-authors-code,0,0,18.963810500,18.963810500,0.755804953560371,0.837365869959876,853241016.772077,88.6582941145555,1
PIE,20260629,ERDNMF,400,original-authors-code,0,0,19.001239000,19.001239000,0.75077399380805,0.838720826139481,853310496.587243,86.1786439806182,1
PIE,20260630,ERDNMF,400,original-authors-code,0,0,18.979130000,18.979130000,0.765866873065015,0.847669931018553,848871343.094458,68.5473088929762,1
PIE,20260631,ERDNMF,400,original-authors-code,0,0,18.924622500,18.924622500,0.772445820433437,0.848998498518545,849164610.484307,95.6524068780787,1
PIE,20260632,ERDNMF,400,original-authors-code,0,0,19.002765800,19.002765800,0.785603715170279,0.850818624704866,860961732.24935,94.6822316355778,1
PIE,20260633,ERDNMF,400,original-authors-code,0,0,18.982404000,18.982404000,0.780572755417957,0.850790135436936,848576305.771808,69.2483940995708,1
PIE,20260634,ERDNMF,400,original-authors-code,0,0,18.945191200,18.945191200,0.766640866873065,0.840498792181009,843913006.720381,92.3603337792282,1
PIE,20260635,ERDNMF,400,original-authors-code,0,0,18.983254300,18.983254300,0.791021671826625,0.864455597044715,843176602.706289,76.4744198787964,1
PIE,20260636,ERDNMF,400,original-authors-code,0,0,18.931426400,18.931426400,0.766640866873065,0.841640533178962,855054663.780846,96.0869217331883,1
YaleB,20260617,ERDNMF,1000,labeled-only-CV,0,0,12.467392600,12.467392600,0.23411065386374,0.396487507388572,227469723.192688,293.578074873807,1
YaleB,20260618,ERDNMF,1000,labeled-only-CV,0,0,12.323449100,12.323449100,0.236396890717878,0.37113517948532,228806454.137054,286.177981600947,1
YaleB,20260619,ERDNMF,1000,labeled-only-CV,0,0,12.447050500,12.447050500,0.256058527663466,0.395614485210435,227472219.368708,293.403015621244,1
YaleB,20260620,ERDNMF,1000,labeled-only-CV,0,0,12.392635000,12.392635000,0.232738911751257,0.379966317576585,226533942.093262,287.085761403231,1
YaleB,20260621,ERDNMF,1000,labeled-only-CV,0,0,12.322184400,12.322184400,0.239597622313672,0.386803535714392,226836100.800885,296.555582419099,1
YaleB,20260622,ERDNMF,1000,labeled-only-CV,0,0,12.404981700,12.404981700,0.263374485596708,0.388415623128178,225393313.825719,294.01393942219,1
YaleB,20260623,ERDNMF,1000,labeled-only-CV,0,0,12.286469700,12.286469700,0.217649748513946,0.376142304819773,227203962.825826,294.769879582311,1
YaleB,20260624,ERDNMF,1000,labeled-only-CV,0,0,12.368981800,12.368981800,0.26291723822588,0.39311187377038,227151468.259149,290.240405040004,1
YaleB,20260625,ERDNMF,1000,labeled-only-CV,0,0,14.064111500,14.064111500,0.245084590763603,0.382602003351153,225438753.674738,292.680810278682,1
YaleB,20260626,ERDNMF,1000,labeled-only-CV,0,0,17.681754900,17.681754900,0.260631001371742,0.393564410030356,226290593.469784,289.447949667211,1
YaleB,20260627,ERDNMF,1000,labeled-only-CV,0,0,11.303083500,11.303083500,0.251028806584362,0.384000849509544,225797700.629218,291.020452413364,1
YaleB,20260628,ERDNMF,1000,labeled-only-CV,0,0,11.021332800,11.021332800,0.221764974851395,0.368892211852296,225975156.405157,290.166490545873,1
YaleB,20260629,ERDNMF,1000,labeled-only-CV,0,0,11.330399700,11.330399700,0.239597622313672,0.379545248421803,228814078.154516,294.017508687962,1
YaleB,20260630,ERDNMF,1000,labeled-only-CV,0,0,10.885230300,10.885230300,0.240054869684499,0.381110021372957,225207259.466041,292.816581886096,1
YaleB,20260631,ERDNMF,1000,labeled-only-CV,0,0,10.948938500,10.948938500,0.242798353909465,0.383618874918676,226136891.180217,294.541374082859,1
YaleB,20260632,ERDNMF,1000,labeled-only-CV,0,0,10.830686300,10.830686300,0.249657064471879,0.396330066728409,229294398.877892,293.775644923716,1
YaleB,20260633,ERDNMF,1000,labeled-only-CV,0,0,11.024562900,11.024562900,0.230452674897119,0.369930794221823,227116542.283163,290.717187007768,1
YaleB,20260634,ERDNMF,1000,labeled-only-CV,0,0,11.024117900,11.024117900,0.249199817101052,0.388478179141484,224581087.212859,291.97182041053,1
YaleB,20260635,ERDNMF,1000,labeled-only-CV,0,0,10.912410200,10.912410200,0.277091906721536,0.398541795427972,223154387.935667,291.750430621212,1
YaleB,20260636,ERDNMF,1000,labeled-only-CV,0,0,10.945049900,10.945049900,0.274805669867398,0.387250673543444,228467498.30874,293.677666983409,1
COIL20,20260617,ERDNMF,800,original-authors-code,0,0,5.313777400,5.313777400,0.718461538461538,0.772847007743065,38335403.0975339,185.183064769754,1
COIL20,20260618,ERDNMF,800,original-authors-code,0,0,5.213628300,5.213628300,0.684615384615385,0.749062486196892,38348765.9955047,183.914529753602,1
COIL20,20260619,ERDNMF,800,original-authors-code,0,0,5.321427200,5.321427200,0.658461538461538,0.744750743746487,38381542.8306497,185.736643265328,1
COIL20,20260620,ERDNMF,800,original-authors-code,0,0,5.155729700,5.155729700,0.668461538461538,0.751163414971855,37939090.5686552,187.020632429488,1
COIL20,20260621,ERDNMF,800,original-authors-code,0,0,5.265265100,5.265265100,0.660769230769231,0.721312499656642,38411722.4754161,185.394283984401,1
COIL20,20260622,ERDNMF,800,original-authors-code,0,0,5.280958500,5.280958500,0.703076923076923,0.79427695552548,37800337.1535833,184.687965093934,1
COIL20,20260623,ERDNMF,800,original-authors-code,0,0,5.219023400,5.219023400,0.662307692307692,0.742138914175767,38079688.9361592,186.809429335748,1
COIL20,20260624,ERDNMF,800,original-authors-code,0,0,5.202706600,5.202706600,0.703846153846154,0.763139309758702,38370116.916592,186.995058780939,1
COIL20,20260625,ERDNMF,800,original-authors-code,0,0,5.160995800,5.160995800,0.711538461538462,0.785521746496473,37642718.969294,183.949645984031,1
COIL20,20260626,ERDNMF,800,original-authors-code,0,0,5.262476700,5.262476700,0.695384615384615,0.775934797029086,37738520.1926332,184.282698087161,1
COIL20,20260627,ERDNMF,800,original-authors-code,0,0,5.168052600,5.168052600,0.680769230769231,0.751228359489536,37717487.4820064,184.531125983109,1
COIL20,20260628,ERDNMF,800,original-authors-code,0,0,5.187406700,5.187406700,0.671538461538462,0.744499203745154,37848847.4554329,184.083050454796,1
COIL20,20260629,ERDNMF,800,original-authors-code,0,0,5.233467500,5.233467500,0.672307692307692,0.74793357742979,38472875.321265,184.125240613465,1
COIL20,20260630,ERDNMF,800,original-authors-code,0,0,5.226172000,5.226172000,0.68,0.755970522705167,37843066.0489513,184.581359635208,1
COIL20,20260631,ERDNMF,800,original-authors-code,0,0,5.194642000,5.194642000,0.683846153846154,0.751670667452942,37863081.7340878,184.71871564472,1
COIL20,20260632,ERDNMF,800,original-authors-code,0,0,5.475788700,5.475788700,0.674615384615385,0.756461811491148,38501138.4175478,184.213298212006,1
COIL20,20260633,ERDNMF,800,original-authors-code,0,0,5.200453400,5.200453400,0.673076923076923,0.753519695223709,37994169.3005494,184.732823462561,1
COIL20,20260634,ERDNMF,800,original-authors-code,0,0,5.246971600,5.246971600,0.681538461538462,0.755320949110526,37570111.2826299,184.736409694746,1
COIL20,20260635,ERDNMF,800,original-authors-code,0,0,5.220770500,5.220770500,0.673076923076923,0.767555966367291,37293510.2498562,185.595853953339,1
COIL20,20260636,ERDNMF,800,original-authors-code,0,0,5.177332700,5.177332700,0.71,0.77387480594241,38445765.0883761,186.199613049243,1
COIL100,20260617,ERDNMF,1000,original-authors-code,0,0,51.782028200,51.782028200,0.547384615384615,0.727963007143113,4627004018.8428,492.684112741021,1
COIL100,20260618,ERDNMF,1000,original-authors-code,0,0,65.140342300,65.140342300,0.550307692307692,0.72680028458534,4653472245.22048,493.458728575687,1
COIL100,20260619,ERDNMF,1000,original-authors-code,0,0,70.477301500,70.477301500,0.557076923076923,0.725300384005696,4624318934.42295,494.103885003096,1
COIL100,20260620,ERDNMF,1000,original-authors-code,0,0,59.127576300,59.127576300,0.552461538461538,0.725567584859409,4631941514.96562,490.388495569221,1
COIL100,20260621,ERDNMF,1000,original-authors-code,0,0,50.788187500,50.788187500,0.527076923076923,0.711908432568761,4641877527.134,494.675269436628,1
COIL100,20260622,ERDNMF,1000,original-authors-code,0,0,50.722928000,50.722928000,0.534923076923077,0.717341934550737,4632535685.26317,493.357982693383,1
COIL100,20260623,ERDNMF,1000,original-authors-code,0,0,50.681813800,50.681813800,0.549538461538462,0.723077280646005,4650925536.54235,495.161049501942,1
COIL100,20260624,ERDNMF,1000,original-authors-code,0,0,51.279400900,51.279400900,0.546923076923077,0.722495336996987,4632751091.92961,494.315581970256,1
COIL100,20260625,ERDNMF,1000,original-authors-code,0,0,51.206895700,51.206895700,0.559076923076923,0.730944355069747,4602360004.91772,494.846011943643,1
COIL100,20260626,ERDNMF,1000,original-authors-code,0,0,51.386836300,51.386836300,0.551846153846154,0.722933283864759,4647113883.64982,495.83490453232,1
COIL100,20260627,ERDNMF,1000,original-authors-code,0,0,50.868087900,50.868087900,0.562153846153846,0.727522177050835,4629451086.56948,498.238592133379,1
COIL100,20260628,ERDNMF,1000,original-authors-code,0,0,51.157410600,51.157410600,0.556307692307692,0.727280906578885,4636631998.6117,496.14522316002,1
COIL100,20260629,ERDNMF,1000,original-authors-code,0,0,51.165088400,51.165088400,0.531230769230769,0.717450381906989,4643733698.49156,496.669813705758,1
COIL100,20260630,ERDNMF,1000,original-authors-code,0,0,51.551813300,51.551813300,0.557846153846154,0.72875748295762,4624380374.87762,492.642418783411,1
COIL100,20260631,ERDNMF,1000,original-authors-code,0,0,69.833991700,69.833991700,0.561846153846154,0.734188359612435,4611863921.85917,495.662321627581,1
COIL100,20260632,ERDNMF,1000,original-authors-code,0,0,71.174036600,71.174036600,0.550769230769231,0.729822869676367,4655557114.42413,497.629029101052,1
COIL100,20260633,ERDNMF,1000,original-authors-code,0,0,69.999042500,69.999042500,0.566307692307692,0.738976260624619,4621915905.07759,490.903874568785,1
COIL100,20260634,ERDNMF,1000,original-authors-code,0,0,70.075176100,70.075176100,0.533692307692308,0.707355319144188,4598568542.63032,501.849646230248,1
COIL100,20260635,ERDNMF,1000,original-authors-code,0,0,69.799509500,69.799509500,0.552769230769231,0.732488432023592,4588841640.43695,489.580682935488,1
COIL100,20260636,ERDNMF,1000,original-authors-code,0,0,70.516852200,70.516852200,0.53,0.718458999104136,4646637921.31582,494.383268527043,1
Optdigits,20260617,ERDNMF,600,original-authors-code,0,0,1.847866500,1.847866500,0.814931858581868,0.704205386666638,2322285.82716927,748.628129928601,1
Optdigits,20260618,ERDNMF,600,original-authors-code,0,0,1.856082900,1.856082900,0.817499506221608,0.70328921745188,2229892.44605193,749.192423728412,1
Optdigits,20260619,ERDNMF,600,original-authors-code,0,0,1.899632300,1.899632300,0.831325301204819,0.720866601152474,2217953.63203703,752.802838496521,1
Optdigits,20260620,ERDNMF,600,original-authors-code,0,0,1.887888700,1.887888700,0.835473039699783,0.723877746209971,2406091.42429015,752.689492425693,1
Optdigits,20260621,ERDNMF,600,original-authors-code,0,0,1.885814600,1.885814600,0.817301994864705,0.705630021914698,2407524.08825751,750.571816474883,1
Optdigits,20260622,ERDNMF,600,original-authors-code,0,0,1.862595600,1.862595600,0.806636381591942,0.700689807132092,2173533.4174744,748.545352607381,1
Optdigits,20260623,ERDNMF,600,original-authors-code,0,0,1.871302400,1.871302400,0.832115346632431,0.724756753073028,2189482.94261964,752.477785593195,1
Optdigits,20260624,ERDNMF,600,original-authors-code,0,0,1.880051500,1.880051500,0.814931858581868,0.701566653377077,2475406.62093925,750.444468448195,1
Optdigits,20260625,ERDNMF,600,original-authors-code,0,0,1.874265400,1.874265400,0.816709460793996,0.699181326102203,2226300.32942755,749.571342861085,1
Optdigits,20260626,ERDNMF,600,original-authors-code,0,0,1.836981600,1.836981600,0.828955164921983,0.716285175408906,2454988.13083566,748.913329984138,1
Optdigits,20260627,ERDNMF,600,original-authors-code,0,0,1.874218400,1.874218400,0.829745210349595,0.717284762696027,2280214.30065172,752.646674192254,1
Optdigits,20260628,ERDNMF,600,original-authors-code,0,0,1.842491000,1.842491000,0.833497926130752,0.725001226766615,2190146.21478517,751.622044798026,1
Optdigits,20260629,ERDNMF,600,original-authors-code,0,0,1.884059400,1.884059400,0.822437290144183,0.711242176626527,2486348.04691032,749.903282632813,1
Optdigits,20260630,ERDNMF,600,original-authors-code,0,0,1.844153600,1.844153600,0.817104483507802,0.707900918029812,2171311.44662848,751.342860156912,1
Optdigits,20260631,ERDNMF,600,original-authors-code,0,0,1.831057900,1.831057900,0.818684574363026,0.703192478080765,2321790.74543267,748.239088999771,1
Optdigits,20260632,ERDNMF,600,original-authors-code,0,0,1.889520300,1.889520300,0.80979656330239,0.696545844455309,2359912.91708828,750.092416671458,1
Optdigits,20260633,ERDNMF,600,original-authors-code,0,0,1.949192500,1.949192500,0.826387517282244,0.717433904546619,2370027.07614524,752.235964510913,1
Optdigits,20260634,ERDNMF,600,original-authors-code,0,0,1.898546900,1.898546900,0.82026466521825,0.711435483532796,2272436.26490792,750.743689317624,1
Optdigits,20260635,ERDNMF,600,original-authors-code,0,0,1.908302300,1.908302300,0.844756073474225,0.728792199462916,2315517.91796318,753.288768313267,1
Optdigits,20260636,ERDNMF,600,original-authors-code,0,0,1.880625800,1.880625800,0.815524392652577,0.707837598678192,2227019.33378738,750.799659472613,1
MNIST,20260617,ERDNMF,1000,labeled-only-CV,0,0,25.409874500,25.409874500,0.535946675130932,0.449192917389794,36414661.7275853,2742.4456226856,1
MNIST,20260618,ERDNMF,1000,labeled-only-CV,0,0,25.486034500,25.486034500,0.566418028884304,0.459258263097582,37323366.9376415,2740.39782767146,1
MNIST,20260619,ERDNMF,1000,labeled-only-CV,0,0,25.304126900,25.304126900,0.547373432788446,0.449559119512602,37077572.0890763,2744.76842717243,1
MNIST,20260620,ERDNMF,1000,labeled-only-CV,0,0,25.261731700,25.261731700,0.587684494524679,0.468712983448987,36867032.6542354,2757.07884302879,1
MNIST,20260621,ERDNMF,1000,labeled-only-CV,0,0,26.106682200,26.106682200,0.57816219647675,0.462637389029059,37215114.3795872,2742.98328623347,1
MNIST,20260622,ERDNMF,1000,labeled-only-CV,0,0,25.632376600,25.632376600,0.538009839707983,0.446282380723073,36015036.4167949,2742.48725006123,1
MNIST,20260623,ERDNMF,1000,labeled-only-CV,0,0,25.899145400,25.899145400,0.565941913981908,0.458761950824255,36496154.8210085,2731.75605093412,1
MNIST,20260624,ERDNMF,1000,labeled-only-CV,0,0,25.593548800,25.593548800,0.54515156324393,0.458992631765179,36758672.278622,2745.40486015071,1
MNIST,20260625,ERDNMF,1000,labeled-only-CV,0,0,25.391655200,25.391655200,0.559911125218219,0.453756335721563,35884589.6501329,2745.29997213411,1
MNIST,20260626,ERDNMF,1000,labeled-only-CV,0,0,25.616554200,25.616554200,0.53388351055388,0.443575702131379,35814022.2952449,2743.73164823229,1
MNIST,20260627,ERDNMF,1000,labeled-only-CV,0,0,25.601398100,25.601398100,0.539438184415172,0.443843023619895,36564694.6474044,2747.35228429328,1
MNIST,20260628,ERDNMF,1000,labeled-only-CV,0,0,26.026453300,26.026453300,0.576892556737026,0.467282818607152,36280363.888465,2741.05533988907,1
MNIST,20260629,ERDNMF,1000,labeled-only-CV,0,0,25.671349100,25.671349100,0.574511982225044,0.465068308658529,36893037.2058881,2744.56297882688,1
MNIST,20260630,ERDNMF,1000,labeled-only-CV,0,0,25.512574100,25.512574100,0.570703063005872,0.464129580388238,36215785.7553125,2738.84500738139,1
MNIST,20260631,ERDNMF,1000,labeled-only-CV,0,0,25.375800900,25.375800900,0.573718457387716,0.469491836503529,36699910.0825032,2748.30853764018,1
MNIST,20260632,ERDNMF,1000,labeled-only-CV,0,0,25.712171900,25.712171900,0.575305507062371,0.467614137361042,36459385.4427453,2740.968350397,1
MNIST,20260633,ERDNMF,1000,labeled-only-CV,0,0,18.376031900,18.376031900,0.580701475956197,0.467248541285931,36279915.7694828,2742.53931120151,1
MNIST,20260634,ERDNMF,1000,labeled-only-CV,0,0,18.553935900,18.553935900,0.569909538168545,0.462072309103187,35836968.8929438,2745.28782656018,1
MNIST,20260635,ERDNMF,1000,labeled-only-CV,0,0,20.835932700,20.835932700,0.569592128233614,0.460290957759594,36308514.5805496,2737.38926887975,1
MNIST,20260636,ERDNMF,1000,labeled-only-CV,0,0,20.860938600,20.860938600,0.539596889382638,0.444581026231331,36789778.8569121,2746.2435757377,1
