dataset,F,kappa,runs,theta_mean,theta_sd,fallbacks,delta_mean,se_mean,base_ACC_mean,model_ACC_mean,dACC_mean,ACC_losses,base_NMI_mean,model_NMI_mean,dNMI_mean,NMI_losses
PIE,3,0,20,0,0,20,-0.00730759519364497,0.00342901028957485,0.939183436532508,0.939183436532508,0,0,0.955219981730911,0.955219981730911,0,0
PIE,3,0.5,20,0,0,20,-0.00730759519364497,0.00342901028957485,0.939183436532508,0.939183436532508,0,0,0.955219981730911,0.955219981730911,0,0
PIE,3,1,20,0,0,20,-0.00730759519364497,0.00342901028957485,0.939183436532508,0.939183436532508,0,0,0.955219981730911,0.955219981730911,0,0
PIE,3,1.5,20,0,0,20,-0.00730759519364497,0.00342901028957485,0.939183436532508,0.939183436532508,0,0,0.955219981730911,0.955219981730911,0,0
PIE,5,0,20,0,0,20,-0.00413117098037879,0.00313273878616747,0.939183436532508,0.939183436532508,0,0,0.955219981730911,0.955219981730911,0,0
PIE,5,0.5,20,0,0,20,-0.00413117098037879,0.00313273878616747,0.939183436532508,0.939183436532508,0,0,0.955219981730911,0.955219981730911,0,0
PIE,5,1,20,0,0,20,-0.00413117098037879,0.00313273878616747,0.939183436532508,0.939183436532508,0,0,0.955219981730911,0.955219981730911,0,0
PIE,5,1.5,20,0,0,20,-0.00413117098037879,0.00313273878616747,0.939183436532508,0.939183436532508,0,0,0.955219981730911,0.955219981730911,0,0
PIE,10,0,20,0,0,20,-0.00418004540489918,0.00366814070137926,0.939183436532508,0.939183436532508,0,0,0.955219981730911,0.955219981730911,0,0
PIE,10,0.5,20,0,0,20,-0.00418004540489918,0.00366814070137926,0.939183436532508,0.939183436532508,0,0,0.955219981730911,0.955219981730911,0,0
PIE,10,1,20,0,0,20,-0.00418004540489918,0.00366814070137926,0.939183436532508,0.939183436532508,0,0,0.955219981730911,0.955219981730911,0,0
PIE,10,1.5,20,0,0,20,-0.00418004540489918,0.00366814070137926,0.939183436532508,0.939183436532508,0,0,0.955219981730911,0.955219981730911,0,0
YaleB,3,0,20,0.1,0.307793505625546,18,-0.0140651714319594,0.0079567692419865,0.73212162780064,0.727846364883402,-0.00427526291723823,2,0.733365665033077,0.729689792419518,-0.00367587261355835,2
YaleB,3,0.5,20,0.0402494571167141,0.180001044340871,19,-0.0140651714319594,0.0079567692419865,0.73212162780064,0.730887059899406,-0.00123456790123457,1,0.733365665033077,0.732145860073591,-0.00121980495948555,1
YaleB,3,1,20,0.0304989142334283,0.136395290931763,19,-0.0140651714319594,0.0079567692419865,0.73212162780064,0.731595793324188,-0.000525834476451764,1,0.733365665033077,0.732836298397517,-0.000529366635559558,1
YaleB,3,1.5,20,0.0207483713501424,0.0927895375226551,19,-0.0140651714319594,0.0079567692419865,0.73212162780064,0.731915866483768,-0.000205761316872427,1,0.733365665033077,0.733168908659645,-0.000196756373432139,1
YaleB,5,0,20,0.1,0.307793505625546,18,-0.014504738222379,0.0088932288779375,0.73212162780064,0.727846364883402,-0.00427526291723823,2,0.733365665033077,0.729689792419518,-0.00367587261355835,2
YaleB,5,0.5,20,0.0265832560360634,0.118883935119839,19,-0.014504738222379,0.0088932288779375,0.73212162780064,0.731710105166895,-0.00041152263374486,1,0.733365665033077,0.732953967941452,-0.000411697091624541,1
YaleB,5,1,20,0.00316651207212671,0.0141610724896981,19,-0.014504738222379,0.0088932288779375,0.73212162780064,0.732167352537723,4.57247370827585e-005,0,0.733365665033077,0.733377066473642,1.14014405655172e-005,0
YaleB,5,1.5,20,0,0,20,-0.014504738222379,0.0088932288779375,0.73212162780064,0.73212162780064,0,0,0.733365665033077,0.733365665033077,0,0
YaleB,10,0,20,0.05,0.223606797749979,19,-0.0143312257213867,0.00876876739385335,0.73212162780064,0.729332418838592,-0.00278920896204847,1,0.733365665033077,0.731183903155856,-0.00218176187722071,1
YaleB,10,0.5,20,0.0256891896285244,0.114885548592526,19,-0.0143312257213867,0.00876876739385335,0.73212162780064,0.731732967535437,-0.000388660265203478,1,0.733365665033077,0.732966307143422,-0.000399357889654622,1
YaleB,10,1,20,0.00137837925704872,0.00616429943507317,19,-0.0143312257213867,0.00876876739385335,0.73212162780064,0.732144490169181,2.28623685413765e-005,0,0.733365665033077,0.733356537150601,-9.12788247584562e-006,1
YaleB,10,1.5,20,0,0,20,-0.0143312257213867,0.00876876739385335,0.73212162780064,0.73212162780064,0,0,0.733365665033077,0.733365665033077,0,0
COIL100,3,0,20,1,0,0,0.0611830980498914,0.00451589342755136,0.850584615384615,0.877676923076923,0.0270923076923077,0,0.913084286067775,0.930769578983932,0.0176852929161575,0
COIL100,3,0.5,20,0.962390390486726,0.0237463697539066,0,0.0611830980498914,0.00451589342755136,0.850584615384615,0.877792307692308,0.0272076923076923,0,0.913084286067775,0.931029699597677,0.0179454135299021,0
COIL100,3,1,20,0.924780780973453,0.0474927395078131,0,0.0611830980498914,0.00451589342755136,0.850584615384615,0.876138461538462,0.0255538461538462,0,0.913084286067775,0.929877642731442,0.0167933566636675,0
COIL100,3,1.5,20,0.887171171460179,0.0712391092617197,0,0.0611830980498914,0.00451589342755136,0.850584615384615,0.874715384615385,0.0241307692307692,0,0.913084286067775,0.929085190565846,0.0160009044980715,0
COIL100,5,0,20,1,0,0,0.0573610616326012,0.00550417816866539,0.850584615384615,0.877676923076923,0.0270923076923077,0,0.913084286067775,0.930769578983932,0.0176852929161575,0
COIL100,5,0.5,20,0.951700182715234,0.0194614364017987,0,0.0573610616326012,0.00550417816866539,0.850584615384615,0.877430769230769,0.0268461538461539,0,0.913084286067775,0.93082585154342,0.0177415654756446,0
COIL100,5,1,20,0.903400365430469,0.0389228728035974,0,0.0573610616326012,0.00550417816866539,0.850584615384615,0.8753,0.0247153846153846,0,0.913084286067775,0.929365672247211,0.016281386179436,0
COIL100,5,1.5,20,0.855100548145703,0.0583843092053961,0,0.0573610616326012,0.00550417816866539,0.850584615384615,0.873476923076923,0.0228923076923077,0,0.913084286067775,0.928121544280206,0.0150372582124315,0
COIL100,10,0,20,1,0,0,0.0555930549555646,0.00505310743403731,0.850584615384615,0.877676923076923,0.0270923076923077,0,0.913084286067775,0.930769578983932,0.0176852929161575,0
COIL100,10,0.5,20,0.954148356018265,0.0137975271206695,0,0.0555930549555646,0.00505310743403731,0.850584615384615,0.877607692307692,0.0270230769230769,0,0.913084286067775,0.930912457339929,0.017828171272154,0
COIL100,10,1,20,0.90829671203653,0.0275950542413391,0,0.0555930549555646,0.00505310743403731,0.850584615384615,0.875838461538462,0.0252538461538462,0,0.913084286067775,0.92973811199664,0.0166538259288648,0
COIL100,10,1.5,20,0.862445068054795,0.0413925813620086,0,0.0555930549555646,0.00505310743403731,0.850584615384615,0.873638461538461,0.0230538461538462,0,0.913084286067775,0.928300357372502,0.0152160713047275,0
