dataset,seed,p,alpha,labeled_count,theta,delta_cv,se_cv,binary_cv_brier,local_cv_brier,hard_choice,base_ACC,local_ACC,hard_ACC,shrink_ACC,local_dACC,hard_dACC,shrink_dACC,base_NMI,local_NMI,hard_NMI,shrink_NMI,local_dNMI,hard_dNMI,shrink_dNMI
PIE,20260617,3,1000,272,0,-0.00403617013428344,0.0022555840095089,0.132315539922334,0.136351710056617,0,0.939241486068111,0.916795665634675,0.939241486068111,0.939241486068111,-0.0224458204334365,0,0,0.956012644862861,0.945303397245035,0.956012644862861,0.956012644862861,-0.0107092476178264,0,0
PIE,20260618,3,1000,272,0,-0.00278407789378165,0.00559718413176175,0.14763952114499,0.150423599038772,0,0.954721362229102,0.944272445820433,0.954721362229102,0.954721362229102,-0.0104489164086687,0,0,0.962214362905925,0.958009208990438,0.962214362905925,0.962214362905925,-0.00420515391548748,0,0
PIE,20260619,3,1000,272,0,-0.00452305689173541,0.000360772108540112,0.119249291946256,0.123772348837991,0,0.930727554179567,0.907894736842105,0.930727554179567,0.930727554179567,-0.0228328173374612,0,0,0.947583984071251,0.93597601002195,0.947583984071251,0.947583984071251,-0.0116079740493008,0,0
PIE,20260620,3,1000,272,0,-0.0119154621913305,0.00343710438318358,0.099793360726006,0.111708822917336,0,0.952399380804954,0.931888544891641,0.952399380804954,0.952399380804954,-0.0205108359133127,0,0,0.963283269215802,0.951989389088102,0.963283269215802,0.963283269215802,-0.0112938801277003,0,0
PIE,20260621,3,1000,272,0,-0.00355433867327301,0.0031022192126607,0.11105191744706,0.114606256120333,0,0.941176470588235,0.923761609907121,0.941176470588235,0.941176470588235,-0.0174148606811145,0,0,0.95471882127824,0.946321694708134,0.95471882127824,0.95471882127824,-0.00839712657010572,0,0
PIE,20260622,3,1000,272,0,-0.00141518490141075,0.00329722403121239,0.1010989251599,0.102514110061311,0,0.95046439628483,0.936532507739938,0.95046439628483,0.95046439628483,-0.0139318885448916,0,0,0.963290646285099,0.955128515362898,0.963290646285099,0.963290646285099,-0.00816213092220186,0,0
PIE,20260623,3,1000,272,0,-0.00378937763610606,0.00400756346577515,0.125435583431288,0.129224961067394,0,0.963235294117647,0.954334365325077,0.963235294117647,0.963235294117647,-0.00890092879256965,0,0,0.968562837351835,0.962936650845374,0.968562837351835,0.968562837351835,-0.00562618650646129,0,0
PIE,20260624,3,1000,272,0,-0.0036360234106982,0.00378075106663244,0.112951270494657,0.116587293905355,0,0.941950464396285,0.921439628482972,0.941950464396285,0.941950464396285,-0.0205108359133127,0,0,0.957958801470528,0.946196937605976,0.957958801470528,0.957958801470528,-0.0117618638645512,0,0
PIE,20260625,3,1000,272,0,-0.00465852159303793,0.00485200607904989,0.13793900249442,0.142597524087458,0,0.922987616099071,0.914473684210526,0.922987616099071,0.922987616099071,-0.00851393188854488,0,0,0.950683696182868,0.945732762445709,0.950683696182868,0.950683696182868,-0.00495093373715905,0,0
PIE,20260626,3,1000,272,0,-0.00825568927030981,0.00484728112496486,0.135957956767729,0.144213646038039,0,0.937693498452012,0.922213622291022,0.937693498452012,0.937693498452012,-0.0154798761609907,0,0,0.953329106833579,0.944811207036279,0.953329106833579,0.953329106833579,-0.0085178997973,0,0
PIE,20260627,3,1000,272,0,-0.000496825276227508,0.00329020590520797,0.140337816454793,0.14083464173102,0,0.937306501547988,0.912151702786378,0.937306501547988,0.937306501547988,-0.02515479876161,0,0,0.954235578201673,0.943361461118923,0.954235578201673,0.954235578201673,-0.0108741170827502,0,0
PIE,20260628,3,1000,272,0,-0.00588238489760227,0.00426275173579821,0.143542867205253,0.149425252102855,0,0.952012383900929,0.943885448916409,0.952012383900929,0.952012383900929,-0.00812693498452011,0,0,0.962549263432486,0.959422478179784,0.962549263432486,0.962549263432486,-0.00312678525270194,0,0
PIE,20260629,3,1000,272,0,-0.00561272685317951,0.00184229253431445,0.0929199439238116,0.0985326707769912,0,0.938467492260062,0.911764705882353,0.938467492260062,0.938467492260062,-0.026702786377709,0,0,0.952568219219811,0.941046528725954,0.952568219219811,0.952568219219811,-0.0115216904938568,0,0
PIE,20260630,3,1000,272,0,-0.00188655416143834,0.00114958078123885,0.108954107229056,0.110840661390494,0,0.948142414860681,0.940015479876161,0.948142414860681,0.948142414860681,-0.00812693498452011,0,0,0.960442146753517,0.957197015413977,0.960442146753517,0.960442146753517,-0.00324513133954019,0,0
PIE,20260631,3,1000,272,0,-0.00259310560654847,0.00168659341629264,0.131152851357247,0.133745956963795,0,0.941176470588235,0.921052631578947,0.941176470588235,0.941176470588235,-0.0201238390092879,0,0,0.958326386122757,0.946010254714965,0.958326386122757,0.958326386122757,-0.0123161314077914,0,0
PIE,20260632,3,1000,272,0,-0.002270594530075,0.00303541618600793,0.103781802537917,0.106052397067992,0,0.939628482972136,0.919891640866873,0.939628482972136,0.939628482972136,-0.0197368421052632,0,0,0.953474341545985,0.945159985506222,0.953474341545985,0.953474341545985,-0.00831435603976327,0,0
PIE,20260633,3,1000,272,0,-0.00152894350847673,0.0020258855270557,0.117659474802551,0.119188418311028,0,0.923761609907121,0.91640866873065,0.923761609907121,0.923761609907121,-0.00735294117647056,0,0,0.946365833519597,0.944336910365131,0.946365833519597,0.946365833519597,-0.00202892315446657,0,0
PIE,20260634,3,1000,272,0,-0.00572433892432518,0.00327075689168666,0.122804311491911,0.128528650416236,0,0.904024767801858,0.889705882352941,0.904024767801858,0.904024767801858,-0.0143188854489165,0,0,0.935383684616426,0.929096358793862,0.935383684616426,0.935383684616426,-0.00628732582256442,0,0
PIE,20260635,3,1000,272,0,-0.00734559388730762,0.00245212724861865,0.117697915787042,0.125043509674349,0,0.941176470588235,0.931501547987616,0.941176470588235,0.941176470588235,-0.0096749226006192,0,0,0.956516789443881,0.953190852368114,0.956516789443881,0.956516789443881,-0.00332593707576667,0,0
PIE,20260636,3,1000,272,0,-0.000714449366428432,0.0041014758838386,0.137563790403551,0.138278239769979,0,0.923374613003096,0.912151702786378,0.923374613003096,0.923374613003096,-0.0112229102167183,0,0,0.946899221304107,0.941022291829642,0.946899221304107,0.946899221304107,-0.00587692947446583,0,0
YaleB,20260617,2,1000,227,0,-0.0250162631934364,0.00842588530846352,0.404859890142357,0.429876153335793,0,0.714220393232739,0.686785550983082,0.714220393232739,0.714220393232739,-0.0274348422496571,0,0,0.724036516616512,0.699494461579611,0.724036516616512,0.724036516616512,-0.0245420550369005,0,0
YaleB,20260618,2,1000,227,0,-0.0181841164503191,0.012657079189903,0.40005458652718,0.418238702977499,0,0.731595793324188,0.695016003657979,0.731595793324188,0.731595793324188,-0.0365797896662093,0,0,0.724586170249077,0.700437255905983,0.724586170249077,0.724586170249077,-0.0241489143430944,0,0
YaleB,20260619,2,1000,227,0.0633302414425343,0.0151419300369438,0.0141829879517982,0.402937176944388,0.387795246907445,1,0.724279835390947,0.668495656149977,0.668495656149977,0.725194330132602,-0.0557841792409693,-0.0557841792409693,0.00091449474165517,0.738096777402999,0.694461539858585,0.694461539858585,0.738324806214309,-0.0436352375444142,-0.0436352375444142,0.000228028811310343
YaleB,20260620,2,1000,227,0,-0.0182969612873063,0.00881096018037256,0.413949662362619,0.432246623649926,0,0.734796524919982,0.6986739826246,0.734796524919982,0.734796524919982,-0.0361225422953818,0,0,0.737631581931344,0.710884497921409,0.737631581931344,0.737631581931344,-0.0267470840099351,0,0
YaleB,20260621,2,1000,227,0,-0.0162125484237025,0.005957640949155,0.392628230998329,0.408840779422031,0,0.757201646090535,0.70827617741198,0.757201646090535,0.757201646090535,-0.0489254686785551,0,0,0.74640162210697,0.716994537064951,0.74640162210697,0.74640162210697,-0.0294070850420192,0,0
YaleB,20260622,2,1000,227,0,-0.0106988707437482,0.00869266441868305,0.428566176188341,0.43926504693209,0,0.734796524919982,0.687242798353909,0.734796524919982,0.734796524919982,-0.0475537265660723,0,0,0.733811818785037,0.693913352137092,0.733811818785037,0.733811818785037,-0.0398984666479445,0,0
YaleB,20260623,2,1000,227,0,0.000463071269171711,0.0123649023326519,0.424259727152174,0.423796655883003,1,0.733424782807499,0.703703703703704,0.703703703703704,0.733424782807499,-0.0297210791037952,-0.0297210791037952,0,0.735577043576543,0.70569482884979,0.70569482884979,0.735577043576543,-0.0298822147267527,-0.0298822147267527,0
YaleB,20260624,2,1000,227,0,-0.0249535641599323,0.00764658535303768,0.434773066740308,0.45972663090024,0,0.738454503886603,0.6986739826246,0.738454503886603,0.738454503886603,-0.0397805212620027,0,0,0.737398544116393,0.708344350364806,0.737398544116393,0.737398544116393,-0.0290541937515865,0,0
YaleB,20260625,2,1000,227,0,-0.00927526095898035,0.0115605473191568,0.394629042923156,0.403904303882137,0,0.740740740740741,0.689986282578875,0.740740740740741,0.740740740740741,-0.0507544581618655,0,0,0.739375496982502,0.701868262982325,0.739375496982502,0.739375496982502,-0.0375072340001777,0,0
YaleB,20260626,2,1000,227,0,-0.0245474455927042,0.00569645896705164,0.436649676308433,0.461197121901137,0,0.728852309099223,0.687700045724737,0.728852309099223,0.728852309099223,-0.0411522633744856,0,0,0.73803977830859,0.700592629177448,0.73803977830859,0.73803977830859,-0.0374471491311427,0,0
YaleB,20260627,2,1000,227,0,-0.0103980585768995,0.0072306756859172,0.434451274432595,0.444849333009494,0,0.689529035208048,0.654320987654321,0.689529035208048,0.689529035208048,-0.0352080475537265,0,0,0.703052348099621,0.676906386493842,0.703052348099621,0.703052348099621,-0.0261459616057796,0,0
YaleB,20260628,2,1000,227,0,-0.0224708974286335,0.00479055876105206,0.429408193296612,0.451879090725246,0,0.745770461819845,0.713763145861911,0.745770461819845,0.745770461819845,-0.0320073159579333,0,0,0.737250708737758,0.709621131276577,0.737250708737758,0.737250708737758,-0.0276295774611804,0,0
YaleB,20260629,2,1000,227,0,-0.0137684550538456,0.0123377570145179,0.375953005557902,0.389721460611748,0,0.744855967078189,0.71787837219936,0.744855967078189,0.744855967078189,-0.0269775948788294,0,0,0.741608109825387,0.719847450156767,0.741608109825387,0.741608109825387,-0.0217606596686197,0,0
YaleB,20260630,2,1000,227,0,-0.0172329477962593,0.0115400001277652,0.463856445177178,0.481089392973438,0,0.727937814357567,0.682213077274806,0.727937814357567,0.727937814357567,-0.0457247370827618,0,0,0.727900537835592,0.699343043045562,0.727900537835592,0.727900537835592,-0.0285574947900298,0,0
YaleB,20260631,2,1000,227,0,-0.0081571967274637,0.00875163383531115,0.398933149140503,0.407090345867967,0,0.726108824874257,0.687242798353909,0.726108824874257,0.726108824874257,-0.0388660265203475,0,0,0.726667175475585,0.696781066023712,0.726667175475585,0.726667175475585,-0.0298861094518731,0,0
YaleB,20260632,2,1000,227,0,-0.0162830086503623,0.00645634900675195,0.486433030226504,0.502716038876866,0,0.742112482853224,0.685871056241427,0.742112482853224,0.742112482853224,-0.056241426611797,0,0,0.74814394034923,0.706564660365247,0.74814394034923,0.74814394034923,-0.0415792799839831,0,0
YaleB,20260633,2,1000,227,0,-0.0230570005590497,0.00790198474519929,0.436908082727183,0.459965083286233,0,0.75628715134888,0.716963877457705,0.75628715134888,0.75628715134888,-0.0393232738911751,0,0,0.742948680041738,0.712052486946664,0.742948680041738,0.742948680041738,-0.0308961930950749,0,0
YaleB,20260634,2,1000,227,0,-0.0083117791130388,0.00673188373350149,0.405656033482142,0.413967812595181,0,0.731138545953361,0.669410150891632,0.731138545953361,0.731138545953361,-0.0617283950617284,0,0,0.731071973110031,0.686369009583338,0.731071973110031,0.731071973110031,-0.0447029635266928,0,0
YaleB,20260635,2,1000,227,0,-0.0293589194000144,0.00940110042861098,0.448717768050909,0.478076687450924,0,0.728852309099223,0.692729766803841,0.728852309099223,0.728852309099223,-0.0361225422953818,0,0,0.726612384316496,0.69323175213278,0.726612384316496,0.726612384316496,-0.0333806321837165,0,0
YaleB,20260636,2,1000,227,0,-0.0094764716379988,0.00672692224984953,0.443499130237032,0.452975601875031,0,0.711476909007773,0.679926840420668,0.711476909007773,0.711476909007773,-0.0315500685871056,0,0,0.727102092794126,0.690444661522789,0.727102092794126,0.727102092794126,-0.0366574312713374,0,0
COIL20,20260617,3,10,140,0.746882250563517,0.0344989525506084,0.00873229722752602,0.114343037651297,0.0798440851006886,1,0.925384615384615,0.943076923076923,0.943076923076923,0.939230769230769,0.0176923076923077,0.0176923076923077,0.0138461538461538,0.937703455115219,0.951562618719857,0.951562618719857,0.948992683612397,0.0138591636046375,0.0138591636046375,0.0112892284971771
COIL20,20260618,3,10,140,0.637758138316594,0.047944388521886,0.0173674645554405,0.0840147791243749,0.0360703906024889,1,0.921538461538462,0.943846153846154,0.943846153846154,0.93,0.0223076923076924,0.0223076923076924,0.00846153846153852,0.94029036868859,0.955001107593379,0.955001107593379,0.945797128441679,0.0147107389047895,0.0147107389047895,0.0055067597530889
COIL20,20260619,3,10,140,0.768171139025098,0.0472791638954745,0.0109606747137336,0.12028425224974,0.0730050883542657,1,0.920769230769231,0.958461538461538,0.958461538461538,0.949230769230769,0.0376923076923077,0.0376923076923077,0.0284615384615384,0.926513491640592,0.960863181655211,0.960863181655211,0.952471800605453,0.0343496900146189,0.0343496900146189,0.0259583089648603
COIL20,20260620,3,10,140,0.679923052469945,0.0313567004571821,0.0100365569669491,0.0965417475357639,0.0651850470785818,1,0.93,0.949230769230769,0.949230769230769,0.943846153846154,0.0192307692307692,0.0192307692307692,0.0138461538461538,0.938583839127181,0.958063056686864,0.958063056686864,0.952769292230033,0.0194792175596832,0.0194792175596832,0.0141854531028522
COIL20,20260621,3,10,140,0.803480639662502,0.0305569339711121,0.00600502911787811,0.101640341861333,0.0710834078902207,1,0.91,0.943076923076923,0.943076923076923,0.936153846153846,0.033076923076923,0.033076923076923,0.0261538461538461,0.928389417739643,0.950597508590513,0.950597508590513,0.946109838602629,0.0222080908508699,0.0222080908508699,0.017720420862986
COIL20,20260622,3,10,140,0.827110770763338,0.035399445140973,0.00612018278582832,0.102397011115032,0.0669975659740586,1,0.907692307692308,0.938461538461538,0.938461538461538,0.924615384615385,0.0307692307692308,0.0307692307692308,0.0169230769230769,0.925403521787277,0.948722629857413,0.948722629857413,0.938384336871948,0.0233191080701367,0.0233191080701367,0.0129808150846709
COIL20,20260623,3,10,140,0.813778340121391,0.0693875856438423,0.0129214713735655,0.158512973112913,0.0891253874690707,1,0.919230769230769,0.938461538461538,0.938461538461538,0.938461538461538,0.0192307692307693,0.0192307692307693,0.0192307692307693,0.928456784111391,0.945205141910362,0.945205141910362,0.944818094108186,0.0167483577989715,0.0167483577989715,0.0163613099967953
COIL20,20260624,3,10,140,0.878934779952275,0.0476498754140486,0.00576874265224848,0.151347159957397,0.103697284543348,1,0.933076923076923,0.961538461538462,0.961538461538462,0.957692307692308,0.0284615384615385,0.0284615384615385,0.0246153846153847,0.940774580236969,0.963526236198744,0.963526236198744,0.961654680669723,0.0227516559617746,0.0227516559617746,0.0208801004327545
COIL20,20260625,3,10,140,0.640479590593134,0.0275813287886198,0.00991605061806998,0.0945578574861017,0.0669765286974819,1,0.887692307692308,0.931538461538462,0.931538461538462,0.906153846153846,0.0438461538461539,0.0438461538461539,0.0184615384615385,0.930791911591151,0.95912137466709,0.95912137466709,0.942025974047022,0.0283294630759385,0.0283294630759385,0.0112340624558712
COIL20,20260626,3,10,140,0.613548679106184,0.0348114384731205,0.0134529263801512,0.108919587123149,0.0741081486500289,1,0.922307692307692,0.957692307692308,0.957692307692308,0.930769230769231,0.0353846153846155,0.0353846153846155,0.00846153846153852,0.938048088583057,0.967486644289643,0.967486644289643,0.94406378214952,0.0294385557065855,0.0294385557065855,0.00601569356646281
COIL20,20260627,3,10,140,0.869526562777603,0.035348550366314,0.00461204686712199,0.0880573900185247,0.0527088396522107,1,0.920769230769231,0.953846153846154,0.953846153846154,0.947692307692308,0.0330769230769231,0.0330769230769231,0.0269230769230769,0.935515356313543,0.963307801987931,0.963307801987931,0.958112747789482,0.0277924456743881,0.0277924456743881,0.0225973914759395
COIL20,20260628,3,10,140,0.754974093674257,0.0360697201387192,0.00883801586790556,0.0774211272304691,0.0413514070917499,1,0.927692307692308,0.955384615384615,0.955384615384615,0.946153846153846,0.0276923076923077,0.0276923076923077,0.0184615384615384,0.937701621641028,0.955672463509407,0.955672463509407,0.951111405216949,0.0179708418683782,0.0179708418683782,0.0134097835759206
COIL20,20260629,3,10,140,0.853402159287437,0.037109219361481,0.00544013142892196,0.109686497460549,0.0725772780990676,1,0.933846153846154,0.961538461538462,0.961538461538462,0.953846153846154,0.0276923076923077,0.0276923076923077,0.02,0.946059791706099,0.959576007760218,0.959576007760218,0.954554988851185,0.013516216054119,0.013516216054119,0.00849519714508618
COIL20,20260630,3,10,140,0.725650386882628,0.0628155150945732,0.0172334122639646,0.148852701028059,0.0860371859334856,1,0.921538461538462,0.954615384615385,0.954615384615385,0.940769230769231,0.0330769230769231,0.0330769230769231,0.0192307692307693,0.942435400373233,0.967484626694827,0.967484626694827,0.959824317223221,0.0250492263215943,0.0250492263215943,0.0173889168499879
COIL20,20260631,3,10,140,0.828177409799315,0.0352201373352633,0.00605161522416878,0.107741847007062,0.072521709671799,1,0.92,0.953076923076923,0.953076923076923,0.94,0.033076923076923,0.033076923076923,0.0199999999999999,0.935915953089362,0.956943126638874,0.956943126638874,0.948313438287894,0.0210271735495126,0.0210271735495126,0.0123974851985326
COIL20,20260632,3,10,140,0.774345701863607,0.0487248761970637,0.0109949777400311,0.139262067618069,0.0905371914210054,1,0.913846153846154,0.934615384615385,0.934615384615385,0.924615384615385,0.0207692307692308,0.0207692307692308,0.0107692307692308,0.942599710709132,0.948955287554527,0.948955287554527,0.947246970702917,0.00635557684539467,0.00635557684539467,0.00464725999378468
COIL20,20260633,3,10,140,0.836012321008986,0.0391088818433108,0.00641337476141835,0.13011093484408,0.0910020530007691,1,0.921538461538462,0.949230769230769,0.949230769230769,0.941538461538462,0.0276923076923077,0.0276923076923077,0.02,0.933269895751724,0.954615924142161,0.954615924142161,0.949105193846759,0.0213460283904373,0.0213460283904373,0.0158352980950345
COIL20,20260634,3,10,140,0.765893386454787,0.0312116810855266,0.00730686096198582,0.101673935574095,0.0704622544885685,1,0.913076923076923,0.956153846153846,0.956153846153846,0.94,0.043076923076923,0.043076923076923,0.0269230769230768,0.921463018225226,0.954903266449474,0.954903266449474,0.941814555950256,0.0334402482242476,0.0334402482242476,0.0203515377250296
COIL20,20260635,3,10,140,0.80480318203649,0.0684706969380075,0.0133652621660429,0.139770213899227,0.0712995169612191,1,0.926153846153846,0.957692307692308,0.957692307692308,0.950769230769231,0.0315384615384616,0.0315384615384616,0.0246153846153847,0.943841069630806,0.964260219728257,0.964260219728257,0.96092435683007,0.020419150097451,0.020419150097451,0.0170832871992644
COIL20,20260636,3,10,140,0.768060453128576,0.0581395564516372,0.0134848623786983,0.129360105482424,0.0712205490307865,1,0.921538461538462,0.947692307692308,0.947692307692308,0.932307692307692,0.0261538461538462,0.0261538461538462,0.0107692307692308,0.941737259028859,0.963803243596898,0.963803243596898,0.951301735189315,0.0220659845680384,0.0220659845680384,0.00956447616045608
COIL100,20260617,3,10,700,0.921406413519803,0.0489348351706242,0.00384596419987661,0.209612052416368,0.160677217245743,1,0.856307692307692,0.884769230769231,0.884769230769231,0.884,0.0284615384615384,0.0284615384615384,0.0276923076923077,0.914478166152504,0.934115894997926,0.934115894997926,0.933888649761589,0.0196377288454221,0.0196377288454221,0.0194104836090854
COIL100,20260618,3,10,700,0.905396764821064,0.0571333998557276,0.00540500446312356,0.212441045797074,0.155307645941346,1,0.856769230769231,0.882,0.882,0.879384615384615,0.0252307692307693,0.0252307692307693,0.0226153846153847,0.917247200645219,0.936169005262112,0.936169005262112,0.934206998788925,0.0189218046168934,0.0189218046168934,0.0169597981437066
COIL100,20260619,3,10,700,0.910994786536721,0.0556218151195759,0.0049506315279329,0.22323162661604,0.167609811496464,1,0.853230769230769,0.884153846153846,0.884153846153846,0.883230769230769,0.0309230769230769,0.0309230769230769,0.03,0.912054377829511,0.931604821339132,0.931604821339132,0.931641728245025,0.019550443509621,0.019550443509621,0.0195873504155143
COIL100,20260620,3,10,700,0.933463509893108,0.0595317280595663,0.0039610322350815,0.197847130191518,0.138315402131951,1,0.846307692307692,0.875538461538461,0.875538461538461,0.873230769230769,0.0292307692307692,0.0292307692307692,0.0269230769230769,0.909303193729942,0.927883726426567,0.927883726426567,0.926124090351002,0.0185805326966246,0.0185805326966246,0.01682089662106
COIL100,20260621,3,10,700,0.931262250946584,0.0681794856248281,0.00468650437347044,0.254124207284628,0.185944721659799,1,0.854153846153846,0.881538461538461,0.881538461538461,0.882,0.0273846153846153,0.0273846153846153,0.0278461538461539,0.915748881536838,0.93212796137681,0.93212796137681,0.932516910468758,0.0163790798399719,0.0163790798399719,0.0167680289319193
COIL100,20260622,3,10,700,0.902692353292317,0.060188631374984,0.00585681407765589,0.229281066048992,0.169092434674008,1,0.856153846153846,0.885076923076923,0.885076923076923,0.881692307692308,0.0289230769230769,0.0289230769230769,0.0255384615384615,0.915204299101936,0.934344125984317,0.934344125984317,0.932317002627971,0.019139826882381,0.019139826882381,0.0171127035260357
COIL100,20260623,3,10,700,0.951912747943098,0.0565372377890578,0.00271872040416344,0.233672958100921,0.177135720311864,1,0.857076923076923,0.880923076923077,0.880923076923077,0.880615384615385,0.0238461538461539,0.0238461538461539,0.0235384615384615,0.911822864049527,0.92666538908356,0.92666538908356,0.926314241489308,0.0148425250340325,0.0148425250340325,0.0144913774397804
COIL100,20260624,3,10,700,0.89356903755534,0.0628269095578197,0.00668672845166235,0.238702360185526,0.175875450627706,1,0.850153846153846,0.877384615384615,0.877384615384615,0.876153846153846,0.0272307692307693,0.0272307692307693,0.026,0.912976633693934,0.930112625754364,0.930112625754364,0.928945569635199,0.0171359920604297,0.0171359920604297,0.0159689359412656
COIL100,20260625,3,10,700,0.942945190171746,0.0490923170909304,0.0028009528156514,0.21237660981409,0.16328429272316,1,0.850769230769231,0.878307692307692,0.878307692307692,0.876307692307692,0.0275384615384616,0.0275384615384616,0.0255384615384616,0.912620288592359,0.933152937655645,0.933152937655645,0.93138316409281,0.0205326490632853,0.0205326490632853,0.0187628755004509
COIL100,20260626,3,10,700,0.895731285742068,0.0552680067405467,0.00576272400243554,0.223354344845541,0.168086338104994,1,0.837076923076923,0.866923076923077,0.866923076923077,0.866923076923077,0.0298461538461539,0.0298461538461539,0.0298461538461539,0.904466407579831,0.924038263972063,0.924038263972063,0.924679496964221,0.0195718563922322,0.0195718563922322,0.02021308938439
COIL100,20260627,3,10,700,0.97244471767434,0.056207006484493,0.00154879993236039,0.220464162596178,0.164257156111685,1,0.847846153846154,0.870153846153846,0.870153846153846,0.869384615384615,0.0223076923076924,0.0223076923076924,0.0215384615384616,0.912741089845273,0.925295057190522,0.925295057190522,0.925022945971629,0.0125539673452489,0.0125539673452489,0.0122818561263568
COIL100,20260628,3,10,700,0.881388612258123,0.063720345792856,0.00755795864188294,0.226246780044735,0.162526434251879,1,0.863230769230769,0.888615384615385,0.888615384615385,0.886769230769231,0.0253846153846153,0.0253846153846153,0.0235384615384615,0.918494177605381,0.936015589574249,0.936015589574249,0.935607160708488,0.0175214119688678,0.0175214119688678,0.0171129831031072
COIL100,20260629,3,10,700,0.897517378155317,0.0596186104204235,0.00610987150662175,0.228346496037308,0.168727885616885,1,0.858153846153846,0.885538461538462,0.885538461538462,0.881076923076923,0.0273846153846153,0.0273846153846153,0.0229230769230769,0.919725031160746,0.938411304128388,0.938411304128388,0.93592600221271,0.0186862729676415,0.0186862729676415,0.0162009710519634
COIL100,20260630,3,10,700,0.87813142562172,0.0566651214228293,0.00690569756477237,0.207215852908691,0.150550731485862,1,0.852,0.880307692307692,0.880307692307692,0.876307692307692,0.0283076923076924,0.0283076923076924,0.0243076923076924,0.912010525113491,0.93201444600952,0.93201444600952,0.92925827508184,0.0200039208960294,0.0200039208960294,0.0172477499683489
COIL100,20260631,3,10,700,0.809720652892355,0.0467194632591746,0.00888974896617534,0.217332839470932,0.170613376211757,1,0.851076923076923,0.879538461538461,0.879538461538461,0.873230769230769,0.0284615384615384,0.0284615384615384,0.0221538461538462,0.915333943947925,0.9340595715999,0.9340595715999,0.930291136928154,0.0187256276519752,0.0187256276519752,0.0149571929802295
COIL100,20260632,3,10,700,0.848796733413189,0.0674177402203152,0.0101937825472127,0.221240127095182,0.153822386874867,1,0.846,0.875692307692308,0.875692307692308,0.868769230769231,0.0296923076923077,0.0296923076923077,0.0227692307692308,0.912732996168465,0.930129224526301,0.930129224526301,0.926022464636055,0.0173962283578357,0.0173962283578357,0.0132894684675898
COIL100,20260633,3,10,700,0.919715352521951,0.0509316378661982,0.00408902859156737,0.206836263134325,0.155904625268127,1,0.855076923076923,0.878923076923077,0.878923076923077,0.878307692307692,0.0238461538461539,0.0238461538461539,0.0232307692307693,0.918769826060821,0.933764095658936,0.933764095658936,0.933867500394086,0.0149942695981151,0.0149942695981151,0.0150976743332648
COIL100,20260634,3,10,700,0.86485727108801,0.0556029143901389,0.00751432958614311,0.227197734765991,0.171594820375852,1,0.837230769230769,0.866923076923077,0.866923076923077,0.863384615384615,0.0296923076923077,0.0296923076923077,0.0261538461538462,0.906931760067617,0.924926348807906,0.924926348807906,0.922380942415605,0.0179945887402898,0.0179945887402898,0.0154491823479886
COIL100,20260635,3,10,700,0.862959209678527,0.0491723620323449,0.00673861935488612,0.22361821839234,0.174445856359995,1,0.834615384615385,0.861384615384615,0.861384615384615,0.856,0.0267692307692308,0.0267692307692308,0.0213846153846153,0.906453779862248,0.923139466944541,0.923139466944541,0.919367158660609,0.0166856870822925,0.0166856870822925,0.0129133787983605
COIL100,20260636,3,10,700,0.943101614883991,0.0678516643795884,0.003860650130632,0.252477756640767,0.184626092261179,1,0.848461538461538,0.869846153846154,0.869846153846154,0.869230769230769,0.0213846153846153,0.0213846153846153,0.0207692307692308,0.912570278611929,0.927421723385888,0.927421723385888,0.927552005510232,0.0148514447739597,0.0148514447739597,0.014981726898303
Optdigits,20260617,4,10,557,0.948015109681834,0.0101810154126637,0.000529258969554882,0.0309788790419575,0.0207978636292938,1,0.983804068733952,0.985976693659885,0.985976693659885,0.985581670946079,0.00217262492593329,0.00217262492593329,0.00177760221212719,0.958481127575565,0.964144721709878,0.964144721709878,0.963277947062328,0.00566359413431261,0.00566359413431261,0.00479681948676247
Optdigits,20260618,4,10,557,0.905355351039607,0.00931325206732302,0.000881449472591439,0.03376733912327,0.024454087055947,1,0.984396602804661,0.986964250444401,0.986964250444401,0.986766739087498,0.00256764763973927,0.00256764763973927,0.00237013628283633,0.959859905502319,0.966270952652248,0.966270952652248,0.965770142229082,0.00641104714992846,0.00641104714992846,0.00591023672676227
Optdigits,20260619,4,10,557,0.855270506458473,0.00748805933701092,0.00108374303545449,0.0457364315332323,0.0382483721962213,1,0.982026466521825,0.98498913687537,0.98498913687537,0.983804068733952,0.00296267035354536,0.00296267035354536,0.00177760221212719,0.955919191849068,0.963563034522397,0.963563034522397,0.960999500753852,0.00764384267332829,0.00764384267332829,0.00508030890478384
Optdigits,20260620,4,10,557,0.915466103809905,0.0101886639848868,0.000861287463614176,0.0482683130192971,0.0380796490344104,1,0.984791625518467,0.989136875370334,0.989136875370334,0.988741852656528,0.00434524985186646,0.00434524985186646,0.00395022713806037,0.960591672521629,0.971107055111612,0.971107055111612,0.969959450876544,0.0105153825899832,0.0105153825899832,0.00936777835491531
Optdigits,20260621,4,10,557,0.809717906655531,0.011066844243639,0.00210582228939682,0.0416950069130603,0.0306281626694213,1,0.982421489235631,0.98498913687537,0.98498913687537,0.984396602804661,0.00256764763973938,0.00256764763973938,0.00197511356903024,0.956216150891114,0.961839414489242,0.961839414489242,0.960566385499546,0.00562326359812837,0.00562326359812837,0.00435023460843198
Optdigits,20260622,4,10,557,0.891736975119541,0.00866743800536982,0.000938363056425189,0.0364844824385682,0.0278170444331983,1,0.983211534663243,0.985976693659885,0.985976693659885,0.985779182302982,0.00276515899664231,0.00276515899664231,0.00256764763973927,0.958664485298291,0.964505351341911,0.964505351341911,0.964086800315078,0.00584086604361933,0.00584086604361933,0.00542231501678625
Optdigits,20260623,4,10,557,0.892035813344778,0.0133075462761402,0.00143673841008021,0.0527509889487272,0.0394434426725869,1,0.986766739087498,0.988741852656528,0.988741852656528,0.988544341299625,0.00197511356903013,0.00197511356903013,0.00177760221212719,0.965527647100381,0.970981424770363,0.970981424770363,0.97031655465042,0.00545377766998212,0.00545377766998212,0.00478890755003891
Optdigits,20260624,4,10,557,0.879267058335637,0.00958103205648763,0.00115674618436032,0.0373084105812704,0.0277273785247828,1,0.983804068733952,0.986766739087498,0.986766739087498,0.986964250444401,0.00296267035354536,0.00296267035354536,0.0031601817104483,0.958361780439965,0.965748342173455,0.965748342173455,0.966042387856568,0.00738656173348939,0.00738656173348939,0.00768060741660248
Optdigits,20260625,4,10,557,0.870533381714088,0.00838075110081539,0.0010850275037185,0.0405874094374624,0.032206658336647,1,0.983211534663243,0.986371716373691,0.986371716373691,0.985976693659885,0.0031601817104483,0.0031601817104483,0.00276515899664231,0.958106585993733,0.966431751044865,0.966431751044865,0.965607952402467,0.00832516505113245,0.00832516505113245,0.00750136640873422
Optdigits,20260626,4,10,557,0.879485656726052,0.00955619478422839,0.00115165853861921,0.0328638376998628,0.0233076429156344,1,0.982421489235631,0.986174205016788,0.986174205016788,0.985384159589176,0.00375271578115743,0.00375271578115743,0.00296267035354536,0.955415933921468,0.964408012942075,0.964408012942075,0.962598961903111,0.0089920790206075,0.0089920790206075,0.00718302798164394
Optdigits,20260627,4,10,557,0.849178629415978,0.0105846797867639,0.00159639591263273,0.0471580767203934,0.0365733969336295,1,0.985779182302982,0.988741852656528,0.988741852656528,0.987951807228916,0.00296267035354525,0.00296267035354525,0.00217262492593318,0.963318202109959,0.970288237682993,0.970288237682993,0.968441671197196,0.00697003557303411,0.00697003557303411,0.00512346908723726
Optdigits,20260628,4,10,557,0.891056368632274,0.0108373250313599,0.00118065754322871,0.0525459866944985,0.0417086616631386,1,0.983409046020146,0.986371716373691,0.986371716373691,0.985779182302982,0.00296267035354536,0.00296267035354536,0.00237013628283633,0.959462614738426,0.966136689383458,0.966136689383458,0.964549429679575,0.00667407464503256,0.00667407464503256,0.00508681494114915
Optdigits,20260629,4,10,557,0.878619799964486,0.00939782998037506,0.00114071048291768,0.0425319889386021,0.033134158958227,1,0.982619000592534,0.986569227730595,0.986569227730595,0.985581670946079,0.00395022713806048,0.00395022713806048,0.00296267035354536,0.956743240865731,0.96560350261352,0.96560350261352,0.963683044493927,0.00886026174778909,0.00886026174778909,0.00693980362819635
Optdigits,20260630,4,10,557,0.874283376776543,0.0115833213393253,0.00145621604449219,0.0382921039745266,0.0267087826352012,1,0.984001580090855,0.987161761801304,0.987161761801304,0.986569227730595,0.0031601817104483,0.0031601817104483,0.00256764763973927,0.958594762566216,0.966404061561967,0.966404061561967,0.965174920199851,0.00780929899575145,0.00780929899575145,0.0065801576336354
Optdigits,20260631,4,10,557,0.887596655429667,0.010596347125194,0.00119106485710004,0.0407591275241057,0.0301627803989117,1,0.98301402330634,0.986174205016788,0.986174205016788,0.986371716373691,0.0031601817104483,0.0031601817104483,0.00335769306735134,0.956763945450255,0.964625954479683,0.964625954479683,0.964976665256096,0.00786200902942769,0.00786200902942769,0.00821271980584026
Optdigits,20260632,4,10,557,0.882498974618984,0.0131549091558412,0.00154571531460546,0.0457639107793105,0.0326090016234693,1,0.984594114161564,0.986569227730595,0.986569227730595,0.985779182302982,0.00197511356903024,0.00197511356903024,0.00118506814141817,0.959540184712535,0.965725795646897,0.965725795646897,0.964112900506834,0.00618561093436221,0.00618561093436221,0.00457271579429919
Optdigits,20260633,4,10,557,0.765213244682438,0.00954865587004194,0.00224189792937114,0.0445929314666577,0.0350442755966157,1,0.982223977878728,0.986174205016788,0.986174205016788,0.985384159589176,0.00395022713806037,0.00395022713806037,0.0031601817104483,0.956392712311002,0.965887083593574,0.965887083593574,0.964102057313681,0.00949437128257236,0.00949437128257236,0.00770934500267928
Optdigits,20260634,4,10,557,0.890480561518718,0.0109329883217588,0.00119737474192143,0.0443605758543153,0.0334275875325565,1,0.981828955164922,0.985186648232273,0.985186648232273,0.984594114161564,0.00335769306735134,0.00335769306735134,0.00276515899664231,0.955436694847373,0.962673497748784,0.962673497748784,0.961419848401498,0.00723680290141082,0.00723680290141082,0.0059831535541246
Optdigits,20260635,4,10,557,0.847502577718185,0.00765168913448111,0.00116686286911014,0.0388244411237918,0.0311727519893107,1,0.984396602804661,0.987161761801304,0.987161761801304,0.986964250444401,0.00276515899664231,0.00276515899664231,0.00256764763973927,0.96073975479887,0.966688439469739,0.966688439469739,0.966428511219199,0.00594868467086906,0.00594868467086906,0.00568875642032918
Optdigits,20260636,4,10,557,0.913413609775855,0.0115261486566636,0.000998007605367381,0.050229376052761,0.0387032273960974,1,0.984791625518467,0.988346829942722,0.988346829942722,0.98755678451511,0.00355520442425439,0.00355520442425439,0.00276515899664231,0.961368390332551,0.969585990946499,0.969585990946499,0.96795733299351,0.00821760061394772,0.00821760061394772,0.00658894266095933
MNIST,20260617,4,10,695,0.961951987685453,0.0281460860981721,0.00107090263046955,0.206285418987478,0.178139332889306,1,0.942866211712427,0.94730995080146,0.94730995080146,0.94730995080146,0.0044437390890335,0.0044437390890335,0.0044437390890335,0.869318676812437,0.878529830203477,0.878529830203477,0.878683793147263,0.00921115339104039,0.00921115339104039,0.00936511633482651
MNIST,20260618,4,10,695,0.884578482713938,0.0238271812819798,0.00275016941621616,0.183911324194232,0.160084142912252,1,0.934454848436756,0.941120457070306,0.941120457070306,0.93921599746072,0.00666560863355026,0.00666560863355026,0.00476114902396441,0.854739557262691,0.867280983979668,0.867280983979668,0.863808498137963,0.0125414267169767,0.0125414267169767,0.00906894087527188
MNIST,20260619,4,10,695,0.97822114885249,0.0297386820691191,0.000647674330106473,0.184822655071017,0.155083973001898,1,0.934137438501825,0.941913981907634,0.941913981907634,0.941913981907634,0.00777654340580869,0.00777654340580869,0.00777654340580869,0.856532939570012,0.872415715866639,0.872415715866639,0.872529692122562,0.0158827762966269,0.0158827762966269,0.01599675255255
MNIST,20260620,4,10,695,0.952233098735073,0.0286937266969891,0.00137061041005789,0.213009761018098,0.184316034321109,1,0.93889858752579,0.946516425964133,0.946516425964133,0.945881606094271,0.00761783843834307,0.00761783843834307,0.00698301856848116,0.862663430532633,0.877543608790458,0.877543608790458,0.875888274027949,0.0148801782578257,0.0148801782578257,0.0132248434953168
MNIST,20260621,4,10,695,0.947448666955545,0.0262975653786892,0.00138197211647382,0.17702762005504,0.150730054676351,1,0.933185208697032,0.942231391842565,0.942231391842565,0.941120457070306,0.0090461831455324,0.0090461831455324,0.00793524837327408,0.852722291634441,0.86983789941987,0.86983789941987,0.86735510450948,0.017115607785429,0.017115607785429,0.0146328128750394
MNIST,20260622,4,10,695,0.909646452073029,0.0304694101677814,0.00275301931190117,0.190987863930408,0.160518453762627,1,0.937787652753531,0.944929376289478,0.944929376289478,0.944611966354547,0.00714172353594666,0.00714172353594666,0.00682431360101576,0.859413329149892,0.874274871196112,0.874274871196112,0.873642964219074,0.0148615420462206,0.0148615420462206,0.0142296350691824
MNIST,20260623,4,10,695,0.954068950911936,0.0249893963426298,0.00114778919009443,0.161890744232847,0.136901347890217,1,0.932709093794636,0.941279162037772,0.941279162037772,0.94064434216791,0.008570068243136,0.008570068243136,0.00793524837327408,0.852210440810091,0.868572165239798,0.868572165239798,0.867375837291754,0.0163617244297067,0.0163617244297067,0.0151653964816624
MNIST,20260624,4,10,695,0.954593255025051,0.0285800908552479,0.00129772889682512,0.190935572632289,0.162355481777041,1,0.936994127916204,0.945881606094271,0.945881606094271,0.945246786224409,0.00888747817806701,0.00888747817806701,0.0082526583082051,0.859033994935378,0.875452874051169,0.875452874051169,0.874598982744041,0.0164188791157911,0.0164188791157911,0.0155649878086629
MNIST,20260625,4,10,695,0.908625569114808,0.0259346084710267,0.00236976008927034,0.165761016929097,0.13982640845807,1,0.933661323599429,0.944294556419616,0.944294556419616,0.942072686875099,0.0106332328201872,0.0106332328201872,0.00841136327567049,0.8502221488449,0.872670107124241,0.872670107124241,0.868053517727234,0.0224479582793411,0.0224479582793411,0.0178313688823344
MNIST,20260626,4,10,695,0.973773734439652,0.0314091742198638,0.000823745344121399,0.199904771265571,0.168495597045707,1,0.939692112363117,0.946516425964133,0.946516425964133,0.946516425964133,0.00682431360101565,0.00682431360101565,0.00682431360101565,0.864536885668417,0.877731790318729,0.877731790318729,0.877915942025314,0.0131949046503123,0.0131949046503123,0.0133790563568971
MNIST,20260627,4,10,695,0.964169653909518,0.0273990039064602,0.000981715792502947,0.201988447082374,0.174589443175914,1,0.935565783209014,0.945881606094271,0.945881606094271,0.94556419615934,0.0103158228852563,0.0103158228852563,0.00999841295032544,0.858046362661561,0.87743450910931,0.87743450910931,0.876686740839148,0.0193881464477491,0.0193881464477491,0.0186403781775873
MNIST,20260628,4,10,695,0.9469921340169,0.0267226046949792,0.00141650824839081,0.183670813763599,0.15694820906862,1,0.934613553404222,0.943024916679892,0.943024916679892,0.942231391842565,0.00841136327567049,0.00841136327567049,0.00761783843834307,0.856367497315235,0.872888139814974,0.872888139814974,0.871347179536103,0.0165206424997396,0.0165206424997396,0.0149796822208679
MNIST,20260629,4,10,695,0.948861492636466,0.0282642147805932,0.00144538975568188,0.201280974243732,0.173016759463139,1,0.934137438501825,0.94381844151722,0.94381844151722,0.943183621647358,0.00968100301539443,0.00968100301539443,0.00904618314553252,0.854941339181839,0.874635737271683,0.874635737271683,0.873376749652147,0.0196943980898441,0.0196943980898441,0.0184354104703077
MNIST,20260630,4,10,695,0.96747492457888,0.0309917379200394,0.00100800861328085,0.182482012703891,0.151490274783851,1,0.931122044119981,0.941279162037772,0.941279162037772,0.941279162037772,0.0101571179177907,0.0101571179177907,0.0101571179177907,0.85152466755144,0.869573334868915,0.869573334868915,0.869572156942834,0.0180486673174749,0.0180486673174749,0.0180474893913948
MNIST,20260631,4,10,695,0.903903443049767,0.0312516001180049,0.00300317117052575,0.194507083086564,0.16325548296856,1,0.935565783209014,0.943024916679892,0.943024916679892,0.942231391842565,0.00745913347087768,0.00745913347087768,0.00666560863355026,0.855443515698355,0.870898608050678,0.870898608050678,0.869002237873217,0.0154550923523229,0.0154550923523229,0.0135587221748621
MNIST,20260632,4,10,695,0.962678153979975,0.0291798631262834,0.00108904635848455,0.189177424596615,0.159997561470331,1,0.934613553404222,0.943183621647358,0.943183621647358,0.942707506744961,0.008570068243136,0.008570068243136,0.00809395334073948,0.854661913416273,0.871818843100619,0.871818843100619,0.870507209059389,0.0171569296843463,0.0171569296843463,0.015845295643116
MNIST,20260633,4,10,695,0.953126734069427,0.030518960535121,0.00143052335308739,0.191353560607992,0.160834600072871,1,0.934137438501825,0.941437867005237,0.941437867005237,0.94064434216791,0.00730042850341217,0.00730042850341217,0.00650690366608475,0.859581042662154,0.872199469649824,0.872199469649824,0.870511289679684,0.01261842698767,0.01261842698767,0.0109302470175294
MNIST,20260634,4,10,695,0.954810236319755,0.0257323523743366,0.00116283892273307,0.193362549972394,0.167630197598057,1,0.934930963339152,0.941437867005237,0.941437867005237,0.940961752102841,0.00650690366608475,0.00650690366608475,0.00603078876368834,0.855793759668376,0.86805377649464,0.86805377649464,0.867234059548425,0.0122600168262637,0.0122600168262637,0.0114402998800491
MNIST,20260635,4,10,695,0.881273715740327,0.0283054692706166,0.00336060319072668,0.185935192161,0.157629722890384,1,0.934613553404222,0.945246786224409,0.945246786224409,0.943977146484685,0.0106332328201872,0.0106332328201872,0.00936359308046342,0.856544929329638,0.876248847040742,0.876248847040742,0.873759756380892,0.0197039177111039,0.0197039177111039,0.0172148270512542
MNIST,20260636,4,10,695,0.945407801374932,0.0294476321701858,0.00160761098447273,0.19594335253409,0.166495720363904,1,0.935407078241549,0.941437867005237,0.941437867005237,0.940485637200444,0.00603078876368823,0.00603078876368823,0.00507855895889542,0.859974523522857,0.870813456087162,0.870813456087162,0.869182936646286,0.010838932564305,0.010838932564305,0.00920841312342924
