"dataset","method","runs","unlabeled_ACC_mean","unlabeled_ACC_sd","unlabeled_NMI_mean","unlabeled_NMI_sd","all_ACC_mean","all_ACC_sd","all_NMI_mean","all_NMI_sd","labeled_ACC_mean","theta_mean","objective_nonincrease_pass","run_seconds_mean"
"PIE","GNMFLD","3","0.928663570691434","0.0103432720770903","0.942454593647363","0.00558969827528213","0.935457516339869","0.00935819854593885","0.946370393601559","0.00532523526204519","1","NaN","1","17.232128"
"PIE","GOCNMF","3","0.951625386996904","0.00972125130578982","0.9623586667264","0.00478549065813358","0.956232492997199","0.0087954178480956","0.964895227680592","0.00453305184878483","1","NaN","1","39.465340"
"PIE","CGC-GOCNMF","3","0.951625386996904","0.00972125130578982","0.9623586667264","0.00478549065813358","0.956232492997199","0.0087954178480956","0.964895227680592","0.00453305184878483","1","0","1","0.000000"
"YaleB","GNMFLD","3","0.610120408474318","0.0098635510973104","0.619183054441541","0.00561296407320113","0.646782656724662","0.00893603407200415","0.64286880882279","0.00525975977777603","1","NaN","1","3.494121"
"YaleB","GOCNMF","3","0.726566072245085","0.0104768534406855","0.7333139001207","0.0057298830218443","0.752278376139188","0.00949166465400961","0.750434918905522","0.00522502459929542","1","NaN","1","10.182345"
"YaleB","CGC-GOCNMF","3","0.726870903825636","0.0103900179650384","0.733291298346522","0.00569189277153304","0.752554542943938","0.0094129947346889","0.750434081981871","0.0052236612332613","1","0.0211100804808394","1","2.288701"
"COIL20","GNMFLD","3","0.892307692307692","0.0136090815484263","0.916355648235389","0.00877103498870023","0.902777777777778","0.0122859763978848","0.920100696699638","0.00863741670346534","1","NaN","1","2.530056"
"COIL20","GOCNMF","3","0.925128205128205","0.00512179086036879","0.939102003682955","0.00177783162944347","0.932407407407407","0.00462383897116623","0.942177759568795","0.00132063776633153","1","NaN","1","3.675186"
"COIL20","CGC-GOCNMF","3","0.943846153846154","0.0142463532134248","0.955046295583924","0.00854637575014855","0.949305555555556","0.0128612910954529","0.957311581935063","0.00837830180943393","1","0.717603842635069","1","3.438323"
"Optdigits","GNMFLD","3","0.984923299756403","0.00128508929461736","0.960769413992182","0.00258475011932185","0.986417556346382","0.0011577236830334","0.964036038255545","0.00238199716447106","1","NaN","1","0.312412"
"Optdigits","GOCNMF","3","0.983606557377049","0.000592534070709083","0.958231519732201","0.0010002945971903","0.985231316725979","0.000533807829181498","0.961695172472232","0.000924506118946999","1","NaN","1","0.292917"
"Optdigits","CGC-GOCNMF","3","0.986042530778853","0.000456132940303864","0.964356808265561","0.000818479440487217","0.987425860023725","0.000410925458497915","0.96731430411128","0.000755888105435653","1","0.902880322393305","1","0.291444"
"MNIST","GNMFLD","3","0.935301274929905","0.00517761021345479","0.85682263435834","0.00792263695694711","0.941728606822946","0.00466325356703529","0.86830327037359","0.00736235760244237","1","NaN","1","2.583306"
"MNIST","GOCNMF","3","0.93688832460456","0.00504205789872244","0.859625455704712","0.00836494061889327","0.943157995044788","0.00454116735561039","0.870897270837271","0.00775476342538303","1","NaN","1","2.719055"
"MNIST","CGC-GOCNMF","3","0.94297201502407","0.00372308909906636","0.872117900455827","0.0064666510335724","0.948637316561845","0.00335322818942498","0.88241041081711","0.00597868498416272","1","0.941583873083961","1","2.795714"
"COIL100","GNMFLD","3","0.816871794871795","0.00487071513001038","0.894484684408994","0.00139659020321754","0.834675925925926","0.00439717338125938","0.899972895464871","0.00136024483627724","1","NaN","1","50.101481"
"COIL100","GOCNMF","3","0.864717948717949","0.00102435817207374","0.921597702438895","0.0013896850444317","0.87787037037037","0.000924767794233266","0.925840906056788","0.00125288811902352","1","NaN","1","129.930868"
"COIL100","CGC-GOCNMF","3","0.894205128205128","0.00444914281574234","0.942154761942291","0.0016626071889267","0.904490740740741","0.0040165872642118","0.945136490260668","0.00159156414636644","1","0.912599321603694","1","133.591519"
