label_fraction,pilot_seed,fold,alpha,available_labeled_count,training_labeled_count,validation_labeled_count,validation_ACC,validation_NMI,training_labeled_ACC,objective_initial,objective_final,objective_nonincrease,run_seconds
0.050000,20260711,1,1,90,72,18,0.333333333333333,0.509448961229947,0.708333333333333,4526409.53403612,115.33391765655,1,8.267037
0.050000,20260711,2,1,90,72,18,0.166666666666667,0.447538382349509,0.611111111111111,4590908.8919341,113.776863400748,1,8.098132
0.050000,20260711,3,1,90,72,18,0.222222222222222,0.429097348926083,0.638888888888889,4501698.21720975,114.65279782473,1,8.389902
0.050000,20260711,4,1,90,72,18,0.166666666666667,0.468209582177908,0.680555555555556,4572119.27329709,115.423594362151,1,7.434531
0.050000,20260711,5,1,90,72,18,0.166666666666667,0.370471422695894,0.694444444444444,4581654.01142394,112.360509398082,1,7.083442
0.050000,20260711,1,10,90,72,18,0.388888888888889,0.53378017326041,0.930555555555556,4526508.02504788,125.32716854077,1,7.104602
0.050000,20260711,2,10,90,72,18,0.111111111111111,0.40462353284047,0.930555555555556,4590994.62530335,126.602154327227,1,8.207713
0.050000,20260711,3,10,90,72,18,0.388888888888889,0.472845676581186,0.958333333333333,4501784.64954857,128.340778891109,1,6.945668
0.050000,20260711,4,10,90,72,18,0.277777777777778,0.537652052933996,0.805555555555556,4572204.64699042,122.720079339726,1,7.038311
0.050000,20260711,5,10,90,72,18,0.166666666666667,0.448743790192205,0.888888888888889,4581742.00832308,124.22211113625,1,7.143056
0.050000,20260711,1,100,90,72,18,0.388888888888889,0.595116904025366,1,4527492.93516539,131.993673297595,1,7.869266
0.050000,20260711,2,100,90,72,18,0.222222222222222,0.334367292668459,1,4591851.95899577,132.083741611399,1,12.917257
0.050000,20260711,3,100,90,72,18,0.166666666666667,0.398248424529862,1,4502648.97293677,131.894664295605,1,12.798073
0.050000,20260711,4,100,90,72,18,0.388888888888889,0.561740115190287,1,4573058.38392373,131.465866915632,1,12.746779
0.050000,20260711,5,100,90,72,18,0.166666666666667,0.416511790078588,1,4582621.97731448,132.041560246677,1,12.716771
0.050000,20260711,1,1000,90,72,18,0.388888888888889,0.587462741354112,1,4537342.03634057,130.92346562635,1,13.077442
0.050000,20260711,2,1000,90,72,18,0.333333333333333,0.473311604347484,1,4600425.29591997,132.469539607591,1,12.602975
0.050000,20260711,3,1000,90,72,18,0.222222222222222,0.447499501061509,1,4511292.20681873,132.105931426657,1,15.181668
0.050000,20260711,4,1000,90,72,18,0.222222222222222,0.45655866428214,1,4581595.75325685,132.590638353265,1,15.663315
0.050000,20260711,5,1000,90,72,18,0.166666666666667,0.425361784414062,1,4591421.66722845,131.211428182219,1,15.703197
0.050000,20260711,1,10000,90,72,18,0.388888888888889,0.587462741354112,1,4635833.04809236,130.936662124343,0,16.757660
0.050000,20260711,2,10000,90,72,18,0.333333333333333,0.473311604347484,1,4686158.66516199,132.25903532838,0,14.385344
0.050000,20260711,3,10000,90,72,18,0.333333333333333,0.442096800455258,1,4597724.54563835,132.028682970236,0,8.493695
0.050000,20260711,4,10000,90,72,18,0.222222222222222,0.487600852160911,1,4666969.44658808,132.368188312883,0,8.386244
0.050000,20260711,5,10000,90,72,18,0.166666666666667,0.512667197166728,1,4679418.56636811,131.686763275381,0,8.253095
0.100000,20260711,1,1,180,144,36,0.305555555555556,0.279203029013089,0.597222222222222,4496482.29542074,117.488556914763,1,8.293001
0.100000,20260711,2,1,180,144,36,0.0277777777777778,0.367718258209212,0.506944444444444,4633194.85028675,114.599037557321,1,8.302739
0.100000,20260711,3,1,180,144,36,0.166666666666667,0.297732064276522,0.534722222222222,4463712.55504802,117.868537592793,1,8.857806
0.100000,20260711,4,1,180,144,36,0.305555555555556,0.297106459083488,0.555555555555556,4562898.59081883,113.924727012469,1,8.673354
0.100000,20260711,5,1,180,144,36,0.388888888888889,0.416973844924585,0.590277777777778,4497618.65918929,116.508804523729,1,8.339960
0.100000,20260711,1,10,180,144,36,0.361111111111111,0.283415842985916,0.784722222222222,4496575.08149148,129.756840597933,1,8.248091
0.100000,20260711,2,10,180,144,36,0.0555555555555556,0.319267203770308,0.486111111111111,4633279.86256735,117.768711485403,1,8.357085
0.100000,20260711,3,10,180,144,36,0.0833333333333333,0.356917104084151,0.833333333333333,4463800.36433387,130.007847960429,1,8.162538
0.100000,20260711,4,10,180,144,36,0.277777777777778,0.302361139714868,0.583333333333333,4562988.1727311,118.791180445763,1,8.255914
0.100000,20260711,5,10,180,144,36,0.444444444444444,0.3579617517087,0.479166666666667,4497707.42149203,118.453536635376,1,8.190383
0.100000,20260711,1,100,180,144,36,0.361111111111111,0.320460412272014,1,4497502.94219894,146.677873718668,1,8.287677
0.100000,20260711,2,100,180,144,36,0.194444444444444,0.239322103764363,1,4634129.98537331,145.531857873526,1,8.343784
0.100000,20260711,3,100,180,144,36,0.222222222222222,0.19588914283968,1,4464678.45719238,146.556575330448,1,8.160439
0.100000,20260711,4,100,180,144,36,0.361111111111111,0.385841095708423,1,4563883.9918538,145.714204391542,1,8.325908
0.100000,20260711,5,100,180,144,36,0.25,0.341556116081577,1,4498595.0445194,145.337169091195,1,8.147067
0.100000,20260711,1,1000,180,144,36,0.333333333333333,0.23468299365308,1,4506781.54927356,147.563593072374,1,8.377674
0.100000,20260711,2,1000,180,144,36,0.222222222222222,0.372826473592937,1,4642631.21343292,144.267904967756,1,8.792321
0.100000,20260711,3,1000,180,144,36,0.222222222222222,0.221440580802492,1,4473459.38577745,146.635646579925,1,8.641867
0.100000,20260711,4,1000,180,144,36,0.388888888888889,0.351811318639024,1,4572842.18308076,146.033397673359,1,8.492114
0.100000,20260711,5,1000,180,144,36,0.305555555555556,0.383300328161037,1,4507471.2747931,145.288582159305,1,8.488546
0.100000,20260711,1,10000,180,144,36,0.305555555555556,0.305613508694689,1,4599567.6200197,146.672656270038,0,7.731060
0.100000,20260711,2,10000,180,144,36,0.222222222222222,0.371219471212237,1,4727643.4940291,144.213565829878,0,7.021271
0.100000,20260711,3,10000,180,144,36,0.194444444444444,0.185250954276038,1,4561268.67162817,146.60825140389,0,7.008654
0.100000,20260711,4,10000,180,144,36,0.333333333333333,0.297986195307524,1,4662424.09535042,146.068529037615,0,7.002621
0.100000,20260711,5,10000,180,144,36,0.333333333333333,0.429279152580182,1,4596233.57753016,144.881630059043,0,6.967447
0.200000,20260711,1,1,360,288,72,0.208333333333333,0.103934859824567,0.399305555555556,4509853.48316124,115.135902858333,1,6.882768
0.200000,20260711,2,1,360,288,72,0.152777777777778,0.111958303460423,0.427083333333333,4553547.89460063,115.430895491632,1,6.973896
0.200000,20260711,3,1,360,288,72,0.138888888888889,0.103166854294954,0.413194444444444,4531833.10895004,117.44316891607,1,6.923257
0.200000,20260711,4,1,360,288,72,0.138888888888889,0.109926118951133,0.447916666666667,4482764.00884849,115.652908324552,1,7.053354
0.200000,20260711,5,1,360,288,72,0.138888888888889,0.17978613085906,0.430555555555556,4498500.62002398,115.003325338958,1,6.960122
0.200000,20260711,1,10,360,288,72,0.125,0.150401775701196,0.680555555555556,4509936.15753014,129.203694750342,1,6.990939
0.200000,20260711,2,10,360,288,72,0.208333333333333,0.134700260189397,0.701388888888889,4553635.07492212,135.083292700399,1,7.053088
0.200000,20260711,3,10,360,288,72,0.194444444444444,0.163399887639398,0.486111111111111,4531926.83138277,121.437524409077,1,6.989712
0.200000,20260711,4,10,360,288,72,0.263888888888889,0.180370845884316,0.628472222222222,4482859.77798435,129.6347368795,1,6.923158
0.200000,20260711,5,10,360,288,72,0.111111111111111,0.22622169516325,0.569444444444444,4498593.09701099,120.728124563518,1,6.980601
0.200000,20260711,1,100,360,288,72,0.194444444444444,0.138665595378717,0.989583333333333,4510762.90121914,165.89041949937,1,6.984413
0.200000,20260711,2,100,360,288,72,0.291666666666667,0.159455782295702,0.996527777777778,4554506.87813704,166.512163591229,1,6.985911
0.200000,20260711,3,100,360,288,72,0.152777777777778,0.257297227240767,0.989583333333333,4532864.05571005,165.371104645374,1,6.970047
0.200000,20260711,4,100,360,288,72,0.263888888888889,0.186322420071874,0.989583333333333,4483817.46934295,167.093348360478,1,7.124711
0.200000,20260711,5,100,360,288,72,0.291666666666667,0.17988428377278,1,4499517.86688117,165.357305303276,1,6.988961
0.200000,20260711,1,1000,360,288,72,0.180555555555556,0.114995055347238,1,4519030.33810915,166.318715064865,1,7.011526
0.200000,20260711,2,1000,360,288,72,0.277777777777778,0.233680106192931,1,4563224.91028627,167.149184874432,1,7.039472
0.200000,20260711,3,1000,360,288,72,0.138888888888889,0.210871808401753,1,4542236.29898291,166.040638148432,1,6.959588
0.200000,20260711,4,1000,360,288,72,0.291666666666667,0.219900054906226,1,4493394.38292893,167.470864615525,1,7.212391
0.200000,20260711,5,1000,360,288,72,0.263888888888889,0.182618533620746,1,4508765.56558295,165.486903665839,1,7.012490
0.200000,20260711,1,10000,360,288,72,0.194444444444444,0.117037864360982,1,4601704.70700927,166.588274024203,0,7.033037
0.200000,20260711,2,10000,360,288,72,0.277777777777778,0.222017245618243,1,4650405.23177853,167.293771005477,0,7.014683
0.200000,20260711,3,10000,360,288,72,0.138888888888889,0.199621945238949,1,4635958.73171151,165.955901392292,0,7.040317
0.200000,20260711,4,10000,360,288,72,0.291666666666667,0.214727523817451,1,4589163.51878868,167.727741054355,0,6.985849
0.200000,20260711,5,10000,360,288,72,0.263888888888889,0.182618533620746,1,4601242.55260068,165.462772272289,0,7.062507
