label_fraction,seed,method,labeled_count,alpha,ACC,NMI,ARI,labeled_ACC,objective_initial,objective_final,objective_nonincrease,run_seconds
0.050000,20260731,ERDNMF,90,1000,0.259649122807018,0.0680370214296911,0.0494241470006596,1,4419827.91410973,135.548746993586,1,7.876986
0.050000,20260732,ERDNMF,90,1000,0.297076023391813,0.0870054366916622,0.0569347072573794,1,4552770.61072411,136.841456739059,1,8.353177
0.050000,20260733,ERDNMF,90,1000,0.191228070175439,0.0623748123039303,0.0410841994401101,1,4517791.97676374,136.097926840818,1,7.955294
0.050000,20260734,ERDNMF,90,1000,0.211695906432749,0.0630590579370129,0.0403232398383086,1,4580075.28811036,133.94212416979,1,8.204348
0.050000,20260735,ERDNMF,90,1000,0.207602339181287,0.0981325054196529,0.0613490871767617,1,4548753.25190411,136.416476432462,1,7.946475
0.050000,20260736,ERDNMF,90,1000,0.252046783625731,0.0769392231040586,0.0481801447028679,1,4476134.63794613,136.034546002532,1,8.019697
0.050000,20260737,ERDNMF,90,1000,0.225146198830409,0.0759798136530166,0.0503849078360483,1,4760008.80911637,135.257119486104,1,7.893527
0.050000,20260738,ERDNMF,90,1000,0.233918128654971,0.0945081129973835,0.0588710200760847,1,4501597.87891834,133.633926536121,1,8.104094
0.050000,20260739,ERDNMF,90,1000,0.249707602339181,0.0716752271191834,0.0517924993805063,1,4624398.49372835,134.144698378673,1,7.820893
0.050000,20260740,ERDNMF,90,1000,0.21812865497076,0.0525279860366304,0.0328156347366437,1,4609267.73344019,136.988145043507,1,8.065601
0.050000,20260741,ERDNMF,90,1000,0.234502923976608,0.0485028710565436,0.0320936596582596,1,4475659.02247459,135.329701332562,1,7.917257
0.050000,20260742,ERDNMF,90,1000,0.249707602339181,0.0741621633377462,0.0430968239394293,1,4438892.67363504,134.907262644766,1,8.256888
0.050000,20260743,ERDNMF,90,1000,0.223976608187135,0.0694532912526263,0.0420794547685766,1,4391621.91635683,135.829896654747,1,7.650797
0.050000,20260744,ERDNMF,90,1000,0.23625730994152,0.0660053209855595,0.0381529081150749,1,4624741.04751048,134.253279920958,1,6.869024
0.050000,20260745,ERDNMF,90,1000,0.218713450292398,0.0672041407060924,0.0424492873540445,1,4627533.74650943,136.329090971677,1,7.267918
0.050000,20260746,ERDNMF,90,1000,0.229239766081871,0.0551540744972753,0.0354399355698688,1,4456283.51415191,138.103257272398,1,6.809629
0.050000,20260747,ERDNMF,90,1000,0.27953216374269,0.0868658316624846,0.056618880004187,1,4438215.10236812,135.496605648175,1,6.826049
0.050000,20260748,ERDNMF,90,1000,0.207017543859649,0.0884572359277334,0.0548411335325471,1,4482389.04460406,136.091523926562,1,7.607827
0.050000,20260749,ERDNMF,90,1000,0.22280701754386,0.0554205482296013,0.0364697105914527,1,4277796.2695451,136.580159089752,1,6.986304
0.050000,20260750,ERDNMF,90,1000,0.204093567251462,0.0572999688190799,0.036462924451887,1,4532668.01143304,135.992664362203,1,7.581038
0.100000,20260731,ERDNMF,180,1000,0.224074074074074,0.0688728492110612,0.0491500198693395,1,4419179.45907314,149.911334189657,1,6.939739
0.100000,20260732,ERDNMF,180,1000,0.187654320987654,0.0623668587864738,0.0448585073050788,1,4552149.05778681,153.602473655808,1,6.796636
0.100000,20260733,ERDNMF,180,1000,0.292592592592593,0.0962329224740731,0.058749496280542,1,4516949.20444501,151.284894215856,1,6.737081
0.100000,20260734,ERDNMF,180,1000,0.241358024691358,0.0578997775933235,0.0406136265085096,1,4580502.0043992,150.536918161304,1,6.801198
0.100000,20260735,ERDNMF,180,1000,0.230864197530864,0.101426181670955,0.0626851565909205,1,4549059.0444555,152.817134127595,1,6.720352
0.100000,20260736,ERDNMF,180,1000,0.198765432098765,0.056978902399329,0.0372001896531016,1,4476115.31429709,153.149956148074,1,8.633347
0.100000,20260737,ERDNMF,180,1000,0.238271604938272,0.0918405203958441,0.061844946347456,1,4759875.65802063,151.236605898105,1,8.391658
0.100000,20260738,ERDNMF,180,1000,0.265432098765432,0.0811283231339873,0.0513308532692206,1,4501495.73867108,153.563113330215,1,8.148963
0.100000,20260739,ERDNMF,180,1000,0.241358024691358,0.133699970985857,0.0819418889384052,1,4624002.40375874,152.939579974449,1,8.255299
0.100000,20260740,ERDNMF,180,1000,0.262345679012346,0.0654072204364203,0.0445006115858973,1,4609316.84067224,153.574593204782,1,8.157168
0.100000,20260741,ERDNMF,180,1000,0.25,0.0676982962447786,0.0390870067526261,1,4476414.23790539,152.298878980958,1,8.173984
0.100000,20260742,ERDNMF,180,1000,0.243827160493827,0.0781006330284985,0.0475551648899053,1,4438898.0482646,150.823368685202,1,7.935043
0.100000,20260743,ERDNMF,180,1000,0.251234567901235,0.0753687084146932,0.0454939924464461,1,4392040.71243711,152.42866693027,1,9.015109
0.100000,20260744,ERDNMF,180,1000,0.222222222222222,0.0620185921103561,0.0382494172701816,1,4624687.67991708,148.854108036804,1,9.543847
0.100000,20260745,ERDNMF,180,1000,0.254320987654321,0.0644181699077614,0.0476054791612231,1,4627284.59030583,153.902164904325,1,7.052186
0.100000,20260746,ERDNMF,180,1000,0.260493827160494,0.0705963317105898,0.0364682287577729,1,4455820.63148372,152.14646974115,1,7.167359
0.100000,20260747,ERDNMF,180,1000,0.240740740740741,0.091265625954536,0.0613116337375721,1,4438669.61698081,151.307041588875,1,6.978937
0.100000,20260748,ERDNMF,180,1000,0.247530864197531,0.0619721372301715,0.0427189790373144,1,4482338.12594557,152.0496529107,1,6.872071
0.100000,20260749,ERDNMF,180,1000,0.232098765432099,0.0854830478953117,0.0545307905899845,1,4278415.80691731,150.926544006269,1,7.328537
0.100000,20260750,ERDNMF,180,1000,0.238271604938272,0.0497588702020542,0.0312817786793139,1,4532087.88037951,154.802441397836,1,6.917751
0.200000,20260731,ERDNMF,360,1000,0.244444444444444,0.0587281222724658,0.0412673956498477,1,4419623.06870074,170.536528940498,1,6.830394
0.200000,20260732,ERDNMF,360,1000,0.279166666666667,0.0947523780734411,0.0512312180176365,1,4552022.98682397,171.448174577386,1,7.747112
0.200000,20260733,ERDNMF,360,1000,0.272222222222222,0.0785136480627447,0.0465888906214051,1,4517245.78115727,169.582446674715,1,6.889981
0.200000,20260734,ERDNMF,360,1000,0.225,0.0655576953239345,0.0444121019840331,1,4580339.97135952,169.875539757397,1,6.830673
0.200000,20260735,ERDNMF,360,1000,0.231944444444444,0.0908310596091574,0.0574445829431407,1,4548808.3896349,172.573587378208,1,6.821124
0.200000,20260736,ERDNMF,360,1000,0.251388888888889,0.0778502043509374,0.0531911409478294,1,4476178.18083966,174.446662976359,1,6.722802
0.200000,20260737,ERDNMF,360,1000,0.269444444444444,0.085190560055589,0.0572602062904243,1,4759627.5643357,176.433054124484,1,6.849334
0.200000,20260738,ERDNMF,360,1000,0.238194444444444,0.0804458047244627,0.0526919896983931,1,4501912.13326668,174.930275576747,1,6.742873
0.200000,20260739,ERDNMF,360,1000,0.226388888888889,0.0893426516913017,0.062286576058916,1,4623804.77697218,175.321496218196,1,7.181774
0.200000,20260740,ERDNMF,360,1000,0.247222222222222,0.0920758264438943,0.0502908407283036,1,4609209.95139624,172.910419786229,1,7.017429
0.200000,20260741,ERDNMF,360,1000,0.245833333333333,0.0758578568285153,0.0471823402407059,1,4476346.99534963,174.441518032091,1,6.667362
0.200000,20260742,ERDNMF,360,1000,0.261111111111111,0.0879121486534696,0.0534497911968621,1,4439307.16349366,171.940333961437,1,6.772592
0.200000,20260743,ERDNMF,360,1000,0.270833333333333,0.0861345841928804,0.0565617979870898,1,4392134.94655892,175.736636229041,1,6.708239
0.200000,20260744,ERDNMF,360,1000,0.2375,0.0840719930552489,0.0549915636217536,1,4625175.8617647,169.441933996476,1,6.915419
0.200000,20260745,ERDNMF,360,1000,0.256944444444444,0.0627678465731752,0.0439357799656209,1,4627674.98836411,173.72498514237,1,7.068550
0.200000,20260746,ERDNMF,360,1000,0.261111111111111,0.0747762266811837,0.048934728897354,1,4455510.11869714,172.556665035014,1,6.738243
0.200000,20260747,ERDNMF,360,1000,0.297916666666667,0.0952822720503378,0.0644971173675571,1,4438667.7739847,170.824818614506,1,6.810432
0.200000,20260748,ERDNMF,360,1000,0.234027777777778,0.0761977645952343,0.0521868048051513,1,4482257.83222863,175.482287910361,1,6.653143
0.200000,20260749,ERDNMF,360,1000,0.276388888888889,0.0798265737416785,0.0529379760494603,1,4278286.81496358,170.514686110011,1,6.693725
0.200000,20260750,ERDNMF,360,1000,0.291666666666667,0.0746881272262821,0.0483084313444847,1,4532510.86578584,172.32408970975,1,6.830449
