label_fraction,seed,method,labeled_count,theta,delta_cv,se_cv,fallback,ACC,NMI,ARI,labeled_ACC,objective_initial,objective_final,objective_nonincrease,run_seconds
0.050000,20260731,GNMFLD,90,NaN,NaN,NaN,0,0.273099415204678,0.0971338669592684,0.0238477120527392,1,6210559.27852043,5312.65596296657,1,3.587007
0.050000,20260731,GOCNMF,90,0,-0.0155879472415117,0.00584292058136117,1,0.285380116959064,0.106549402469506,0.0269912179962165,1,4313630.91752889,5515.92373877304,1,0.939321
0.050000,20260731,CGC-GOCNMF,90,0,-0.0155879472415117,0.00584292058136117,1,0.285380116959064,0.106549402469506,0.0269912179962165,1,4313630.91752889,5515.92373877304,1,0.000000
0.050000,20260732,GNMFLD,90,NaN,NaN,NaN,0,0.27953216374269,0.099613920483242,0.0360283152990869,1,6484145.9815838,6070.36493382888,1,3.560525
0.050000,20260732,GOCNMF,90,0,0.0339590457368755,0.00913882253639553,1,0.285964912280702,0.100860126054245,0.0361937631103144,1,4435877.67942258,6242.53646235301,1,0.920221
0.050000,20260732,CGC-GOCNMF,90,0.730886945198467,0.0339590457368755,0.00913882253639553,0,0.339181286549708,0.14882529694199,0.0741982444642798,1,4435591.26143296,5738.93124957905,1,0.914492
0.050000,20260733,GNMFLD,90,NaN,NaN,NaN,0,0.345614035087719,0.158731471379886,0.101054332092372,1,6318105.57355131,4793.44278427139,1,3.554390
0.050000,20260733,GOCNMF,90,0,-0.00369092343738515,0.00562205550769538,1,0.346783625730994,0.159323423931437,0.104687670131573,1,4412053.54710891,4948.61993087945,1,0.919716
0.050000,20260733,CGC-GOCNMF,90,0,-0.00369092343738515,0.00562205550769538,1,0.346783625730994,0.159323423931437,0.104687670131573,1,4412053.54710891,4948.61993087945,1,0.000000
0.050000,20260734,GNMFLD,90,NaN,NaN,NaN,0,0.392397660818713,0.180826445004813,0.12843967164175,1,6496652.42879205,4905.18977122379,1,3.647938
0.050000,20260734,GOCNMF,90,0,0.00273777092038687,0.0141765881190855,1,0.393567251461988,0.182922729233649,0.129430846761525,1,4454806.66460388,5065.55901363791,1,1.087966
0.050000,20260734,CGC-GOCNMF,90,0,0.00273777092038687,0.0141765881190855,1,0.393567251461988,0.182922729233649,0.129430846761525,1,4454806.66460388,5065.55901363791,1,0.000000
0.050000,20260735,GNMFLD,90,NaN,NaN,NaN,0,0.350877192982456,0.181061800297694,0.107339530385308,1,6486470.58993184,4516.10959238455,1,3.562601
0.050000,20260735,GOCNMF,90,0,0.00411419802287079,0.00302096638192023,1,0.360233918128655,0.187721621117581,0.108819735550682,1,4414447.80794158,4681.7740581372,1,0.915680
0.050000,20260735,CGC-GOCNMF,90,0.265721687403788,0.00411419802287079,0.00302096638192023,0,0.358479532163743,0.190075138159014,0.11249140683765,1,4414406.49919529,4583.32134240056,1,0.923343
0.050000,20260736,GNMFLD,90,NaN,NaN,NaN,0,0.273099415204678,0.133275016490194,0.0247831487363396,1,6389148.96705032,5405.14575750002,1,3.537727
0.050000,20260736,GOCNMF,90,0,0.0208329470290157,0.0121533465687484,1,0.276608187134503,0.135000354382062,0.0285304377988792,1,4352204.92429328,5595.15048861401,1,0.926040
0.050000,20260736,CGC-GOCNMF,90,0.416628547472356,0.0208329470290157,0.0121533465687484,0,0.290643274853801,0.145101180529358,0.0326021732736552,1,4352143.59722538,5404.05998788026,1,0.925882
0.050000,20260737,GNMFLD,90,NaN,NaN,NaN,0,0.230409356725146,0.124783949854213,0.0294542642674677,1,6755642.11756372,5788.33361427765,1,3.499443
0.050000,20260737,GOCNMF,90,0,0.0466708299134171,0.0282108266226851,1,0.233333333333333,0.134667097279135,0.0346193594067601,1,4625103.10347865,5964.48659835817,1,1.069706
0.050000,20260737,CGC-GOCNMF,90,0.395536212340312,0.0466708299134171,0.0282108266226851,0,0.252631578947368,0.164535511860113,0.0468974010065643,1,4625021.20687878,5728.0640389185,1,0.906502
0.050000,20260738,GNMFLD,90,NaN,NaN,NaN,0,0.383040935672515,0.1869225234549,0.144358521516676,1,6416276.54510381,4637.76411360311,1,3.474719
0.050000,20260738,GOCNMF,90,0,-0.0206321848884185,0.00649783789217322,1,0.38187134502924,0.182663656401982,0.141843489751797,1,4378919.81914097,4796.53960466275,1,0.908970
0.050000,20260738,CGC-GOCNMF,90,0,-0.0206321848884185,0.00649783789217322,1,0.38187134502924,0.182663656401982,0.141843489751797,1,4378919.81914097,4796.53960466275,1,0.000000
0.050000,20260739,GNMFLD,90,NaN,NaN,NaN,0,0.36140350877193,0.162224895476244,0.105922041573517,1,6575106.99538908,4675.81962500921,1,3.531205
0.050000,20260739,GOCNMF,90,0,0.0276024994170589,0.0236478428325788,1,0.360818713450292,0.165649398428408,0.107135445480336,1,4491483.30387885,4827.0670110928,1,0.904939
0.050000,20260739,CGC-GOCNMF,90,0.14327168437638,0.0276024994170589,0.0236478428325788,0,0.361988304093567,0.169152848628397,0.108828547554232,1,4491490.22289667,4781.63749212305,1,0.906369
0.050000,20260740,GNMFLD,90,NaN,NaN,NaN,0,0.372514619883041,0.176372858250881,0.108371631619488,1,6547295.66435003,4750.81136844657,1,3.535779
0.050000,20260740,GOCNMF,90,0,0.0220094489979405,0.00848599052388114,1,0.373684210526316,0.175435365781695,0.111983377976034,1,4470556.22841747,4899.33293103498,1,0.926537
0.050000,20260740,CGC-GOCNMF,90,0.614438756523382,0.0220094489979405,0.00848599052388114,0,0.394152046783626,0.209565640959308,0.131431122888952,1,4470865.23461612,4587.34304344778,1,1.046770
0.050000,20260741,GNMFLD,90,NaN,NaN,NaN,0,0.374269005847953,0.184844488059002,0.108596747487261,1,6272806.96525253,4492.01683886265,1,3.518480
0.050000,20260741,GOCNMF,90,0,-0.016726550086411,0.00929229473711336,1,0.385964912280702,0.192036433451866,0.123010855560083,1,4374118.68967657,4648.3993880336,1,0.906096
0.050000,20260741,CGC-GOCNMF,90,0,-0.016726550086411,0.00929229473711336,1,0.385964912280702,0.192036433451866,0.123010855560083,1,4374118.68967657,4648.3993880336,1,0.000000
0.050000,20260742,GNMFLD,90,NaN,NaN,NaN,0,0.31812865497076,0.139715925734237,0.0828872609478746,1,6312105.72305228,5047.64120123857,1,3.473853
0.050000,20260742,GOCNMF,90,0,-0.0107059788946346,0.00714763080562905,1,0.319883040935672,0.139032403983105,0.0836469877898319,1,4324523.4914497,5188.02761596773,1,0.906780
0.050000,20260742,CGC-GOCNMF,90,0,-0.0107059788946346,0.00714763080562905,1,0.319883040935672,0.139032403983105,0.0836469877898319,1,4324523.4914497,5188.02761596773,1,0.000000
0.050000,20260743,GNMFLD,90,NaN,NaN,NaN,0,0.366666666666667,0.145202432104916,0.0926002440689841,1,6214648.68884464,4743.40892756423,1,3.528827
0.050000,20260743,GOCNMF,90,0,0.0276785583628051,0.0169238273787847,1,0.393567251461988,0.160702287707481,0.113495276941353,1,4275625.14805801,4891.95717113253,1,0.952307
0.050000,20260743,CGC-GOCNMF,90,0.388558206068739,0.0276785583628051,0.0169238273787847,0,0.387719298245614,0.1672576072533,0.114199631263327,1,4275638.37406047,4691.70977782883,1,0.909045
0.050000,20260744,GNMFLD,90,NaN,NaN,NaN,0,0.339766081871345,0.147431156967907,0.064210004807355,1,6462499.64969214,5749.30989730772,1,3.597983
0.050000,20260744,GOCNMF,90,0,0.00085942123674132,0.00800034934208,1,0.340350877192982,0.149791590822774,0.0667526153515584,1,4508505.15262158,5910.40760428246,1,0.934519
0.050000,20260744,CGC-GOCNMF,90,0,0.00085942123674132,0.00800034934208,1,0.340350877192982,0.149791590822774,0.0667526153515584,1,4508505.15262158,5910.40760428246,1,0.000000
0.050000,20260745,GNMFLD,90,NaN,NaN,NaN,0,0.291228070175439,0.126237155511296,0.0373712329668024,1,6501961.78202933,7223.30586409476,1,3.514716
0.050000,20260745,GOCNMF,90,0,0.0460917089672971,0.0132798710885707,1,0.292397660818713,0.127420026578391,0.0374006861970379,1,4516737.29906139,7555.16921962626,1,0.897971
0.050000,20260745,CGC-GOCNMF,90,0.711881564252846,0.0460917089672971,0.0132798710885707,0,0.333333333333333,0.154866994234298,0.0519848149862119,1,4516699.60082986,7071.73861043204,1,0.911093
0.050000,20260746,GNMFLD,90,NaN,NaN,NaN,0,0.321052631578947,0.151894236208589,0.0654005506469259,1,6383881.05261137,5403.32460143252,1,3.478084
0.050000,20260746,GOCNMF,90,0,0.0179016211987951,0.0157410250808395,1,0.317543859649123,0.149706048509366,0.0684385589318322,1,4339895.75348106,5558.99853595443,1,0.921240
0.050000,20260746,CGC-GOCNMF,90,0.120692762625378,0.0179016211987951,0.0157410250808395,0,0.319883040935672,0.151126392266028,0.0705927003976458,1,4339906.73055223,5519.96204170967,1,0.930948
0.050000,20260747,GNMFLD,90,NaN,NaN,NaN,0,0.268421052631579,0.12733352933496,0.0209610913653267,1,6263755.18247339,6404.5522685645,1,3.679128
0.050000,20260747,GOCNMF,90,0,0.0370257910979325,0.0111049955019085,1,0.269005847953216,0.131856987333181,0.022832454688859,1,4324848.9030254,6560.92571902659,1,0.914290
0.050000,20260747,CGC-GOCNMF,90,0.700074051826847,0.0370257910979325,0.0111049955019085,0,0.300584795321637,0.146822953649704,0.0308215775689023,1,4324310.67801895,6108.44237866736,1,0.914650
0.050000,20260748,GNMFLD,90,NaN,NaN,NaN,0,0.342690058479532,0.173573669383547,0.110461393437958,1,6319006.41680071,5269.88250043215,1,3.458802
0.050000,20260748,GOCNMF,90,0,0.0167287948885798,0.0131762995954481,1,0.346198830409357,0.176594836358187,0.113357504647037,1,4370319.62308515,5410.90015274142,1,0.951806
0.050000,20260748,CGC-GOCNMF,90,0.212358111674673,0.0167287948885798,0.0131762995954481,0,0.347368421052632,0.181971248770193,0.118504780117639,1,4370349.79463297,5275.62287930371,1,0.904140
0.050000,20260749,GNMFLD,90,NaN,NaN,NaN,0,0.369005847953216,0.181786378005742,0.127453003540657,1,6087610.49174871,5051.30358381263,1,3.544638
0.050000,20260749,GOCNMF,90,0,0.0274814506801816,0.0142618669321537,1,0.371345029239766,0.181450455602391,0.129356449149106,1,4168219.04725491,5181.98619578804,1,0.903127
0.050000,20260749,CGC-GOCNMF,90,0.481036605449698,0.0274814506801816,0.0142618669321537,0,0.383625730994152,0.201052881873773,0.138982625512407,1,4168386.53361405,5047.32911628618,1,0.926177
0.050000,20260750,GNMFLD,90,NaN,NaN,NaN,0,0.214619883040936,0.108957354486902,0.0274978627954326,1,6421770.33558479,5189.09280238251,1,3.633242
0.050000,20260750,GOCNMF,90,0,0.0409590533344318,0.0105636453969769,1,0.221637426900585,0.113426272682863,0.0302410460621357,1,4424995.70817435,5355.66679799283,1,0.965141
0.050000,20260750,CGC-GOCNMF,90,0.742092540305449,0.0409590533344318,0.0105636453969769,0,0.247953216374269,0.156776383786544,0.0368021793480154,1,4425011.26728198,4928.98018105538,1,0.907025
0.100000,20260731,GNMFLD,180,NaN,NaN,NaN,0,0.383333333333333,0.158742417295613,0.0888448864395296,1,7907489.48824646,9458.3304336575,1,3.498776
0.100000,20260731,GOCNMF,180,0,0.0296378004009258,0.0106381013309931,1,0.378395061728395,0.15424337597225,0.0827880075694716,1,4121106.0843443,9634.65912499934,1,0.919592
0.100000,20260731,CGC-GOCNMF,180,0.641063061796556,0.0296378004009258,0.0106381013309931,0,0.396913580246914,0.186439105300044,0.100534453625089,1,4120999.13492417,8774.95998289698,1,0.916589
0.100000,20260732,GNMFLD,180,NaN,NaN,NaN,0,0.302469135802469,0.120942889160083,0.0326071899779666,1,8192801.43127141,11817.4558808829,1,3.533642
0.100000,20260732,GOCNMF,180,0,0.0376849109085717,0.0134882719505803,1,0.298148148148148,0.116691204808426,0.0297918356232986,1,4255447.03967117,12094.4041951435,1,0.903805
0.100000,20260732,CGC-GOCNMF,180,0.642077647913126,0.0376849109085717,0.0134882719505803,0,0.333950617283951,0.16342010083543,0.0450893757501264,1,4255537.06910554,11367.0782331326,1,0.893457
0.100000,20260733,GNMFLD,180,NaN,NaN,NaN,0,0.402469135802469,0.201635286868493,0.130904035408955,1,7980070.13583442,9329.04014329656,1,3.582041
0.100000,20260733,GOCNMF,180,0,0.0177734016800914,0.00789927343728445,1,0.403086419753086,0.201021221779429,0.13116408218324,1,4223424.71037356,9449.97429793581,1,0.943802
0.100000,20260733,CGC-GOCNMF,180,0.555556466934931,0.0177734016800914,0.00789927343728445,0,0.415432098765432,0.220820868412565,0.135425220273328,1,4222956.53184978,8620.95685428125,1,0.909610
0.100000,20260734,GNMFLD,180,NaN,NaN,NaN,0,0.435802469135802,0.202881113577675,0.151964076388687,1,8298515.81075353,8837.79361396839,1,3.522742
0.100000,20260734,GOCNMF,180,0,0.0183247625389831,0.00967450366146663,1,0.43641975308642,0.204043727763622,0.153066217115055,1,4277264.86288091,8920.30298260781,1,0.912863
0.100000,20260734,CGC-GOCNMF,180,0.472052986177277,0.0183247625389831,0.00967450366146663,0,0.457407407407407,0.227984585487005,0.172612984521415,1,4277285.72337393,8552.25823354736,1,0.909249
0.100000,20260735,GNMFLD,180,NaN,NaN,NaN,0,0.333950617283951,0.159354207795804,0.0639595684704828,1,8340582.43784136,10021.7145948952,1,3.460116
0.100000,20260735,GOCNMF,180,0,0.0283342472280869,0.00167991292008129,1,0.332098765432099,0.159676735845387,0.0625684995776892,1,4213690.04455963,10180.9168867735,1,0.924650
0.100000,20260735,CGC-GOCNMF,180,0.940710868139245,0.0283342472280869,0.00167991292008129,0,0.401234567901235,0.206890167262777,0.10460293004876,1,4213055.44881434,8895.86345620468,1,1.057127
0.100000,20260736,GNMFLD,180,NaN,NaN,NaN,0,0.394444444444444,0.19884577987007,0.10327415029777,1,8131416.76794813,9714.30863691507,1,3.545570
0.100000,20260736,GOCNMF,180,0,0.0168242870271353,0.00876822532983474,1,0.392592592592593,0.199922036747172,0.100834898970847,1,4174241.75747684,9882.85209605044,1,0.917940
0.100000,20260736,CGC-GOCNMF,180,0.478835250748351,0.0168242870271353,0.00876822532983474,0,0.404320987654321,0.211872592760166,0.108491511240624,1,4173897.63111514,9395.68397751344,1,0.919925
0.100000,20260737,GNMFLD,180,NaN,NaN,NaN,0,0.296296296296296,0.125765697053856,0.043182891795921,1,8700402.5195044,11784.8726490785,1,3.491818
0.100000,20260737,GOCNMF,180,0,0.0312592760991356,0.010361996496819,1,0.296913580246914,0.124716170447444,0.0417999083517896,1,4404098.65569342,12086.9134831318,1,0.925599
0.100000,20260737,CGC-GOCNMF,180,0.668514508654744,0.0312592760991356,0.010361996496819,0,0.32962962962963,0.163194746457267,0.0600499928397863,1,4404170.51298275,11224.3211455604,1,0.943889
0.100000,20260738,GNMFLD,180,NaN,NaN,NaN,0,0.410493827160494,0.195355694672463,0.137337934579065,1,8225030.38069018,9330.20967625151,1,3.515533
0.100000,20260738,GOCNMF,180,0,0.0157327704602567,0.0125704199505238,1,0.408641975308642,0.19306809769963,0.134273898026962,1,4181264.61954263,9432.19454629431,1,0.915866
0.100000,20260738,CGC-GOCNMF,180,0.201004045518969,0.0157327704602567,0.0125704199505238,0,0.412345679012346,0.2018900271665,0.137380850834929,1,4181274.98700228,9272.29108376799,1,1.033364
0.100000,20260739,GNMFLD,180,NaN,NaN,NaN,0,0.400617283950617,0.178840739752018,0.115261831532142,1,8402821.1017947,9902.53838038086,1,3.538733
0.100000,20260739,GOCNMF,180,0,0.0354702027741554,0.0111725140730382,1,0.398765432098765,0.178257425326977,0.113991977525808,1,4286176.04984321,10043.565899812,1,0.917281
0.100000,20260739,CGC-GOCNMF,180,0.685016909991311,0.0354702027741554,0.0111725140730382,0,0.446296296296296,0.237740586669336,0.152484262883617,1,4286226.5124048,9264.8957430323,1,0.931539
0.100000,20260740,GNMFLD,180,NaN,NaN,NaN,0,0.401234567901235,0.191644123799474,0.12126070234276,1,8457539.72680568,9511.64525891131,1,3.557745
0.100000,20260740,GOCNMF,180,0,0.0568990489280696,0.00999161369781267,1,0.401234567901235,0.190747100529683,0.120701930817061,1,4254284.94123503,9627.06292285111,1,0.934628
0.100000,20260740,CGC-GOCNMF,180,0.824397527093224,0.0568990489280696,0.00999161369781267,0,0.426543209876543,0.232366446278531,0.146528212411952,1,4254392.85430943,8318.28309536789,1,0.915962
0.100000,20260741,GNMFLD,180,NaN,NaN,NaN,0,0.377777777777778,0.171926729945503,0.103969123313594,1,8131528.01128633,9247.53015711285,1,3.525483
0.100000,20260741,GOCNMF,180,0,0.0305744704376835,0.0161946924541805,1,0.37283950617284,0.169806830313691,0.10049778560839,1,4189324.5801702,9407.09528000328,1,1.058618
0.100000,20260741,CGC-GOCNMF,180,0.470319772596279,0.0305744704376835,0.0161946924541805,0,0.398765432098765,0.199101910184605,0.12086211207715,1,4189342.15976516,8855.75599582474,1,0.906309
0.100000,20260742,GNMFLD,180,NaN,NaN,NaN,0,0.384567901234568,0.172155225630616,0.110674412726112,1,8082224.88496876,9648.94060698021,1,3.467314
0.100000,20260742,GOCNMF,180,0,0.0264668950164425,0.00626252039873372,1,0.383950617283951,0.172791591887551,0.110945302541175,1,4134889.30694876,9769.58225831526,1,0.923831
0.100000,20260742,CGC-GOCNMF,180,0.763382882848814,0.0264668950164425,0.00626252039873372,0,0.407407407407407,0.206137812289825,0.131789906496001,1,4134823.38386278,8898.66331313574,1,0.897378
0.100000,20260743,GNMFLD,180,NaN,NaN,NaN,0,0.373456790123457,0.155704747313283,0.0907368948195999,1,8083083.91342911,10528.9199897618,1,3.509393
0.100000,20260743,GOCNMF,180,0,0.0336405508105907,0.00536949810621976,1,0.369753086419753,0.151374446721326,0.0846296198680495,1,4078728.98255712,10712.6610041969,1,0.893841
0.100000,20260743,CGC-GOCNMF,180,0.84038614181878,0.0336405508105907,0.00536949810621976,0,0.414197530864198,0.217808295113195,0.124512049555643,1,4078840.22720577,9544.33306216582,1,0.916106
0.100000,20260744,GNMFLD,180,NaN,NaN,NaN,0,0.329012345679012,0.129387259285193,0.0599977674602615,1,8201979.74128416,11047.2761126455,1,3.538750
0.100000,20260744,GOCNMF,180,0,0.0128004391543295,0.00674007331271663,1,0.325925925925926,0.126838697836582,0.0576206566078108,1,4323543.44623156,11311.3226356392,1,1.012947
0.100000,20260744,CGC-GOCNMF,180,0.473449837817718,0.0128004391543295,0.00674007331271663,0,0.338888888888889,0.143047287935441,0.0663483115770388,1,4323475.2541135,10701.4503724391,1,0.915677
0.100000,20260745,GNMFLD,180,NaN,NaN,NaN,0,0.398148148148148,0.185876077806813,0.111887960333696,1,8215646.65832255,12196.5924430041,1,3.507870
0.100000,20260745,GOCNMF,180,0,0.0377319732144731,0.0127229042648743,1,0.388888888888889,0.179022268975512,0.102555211197181,1,4339156.08871254,12608.7066910562,1,0.931578
0.100000,20260745,CGC-GOCNMF,180,0.662808404093902,0.0377319732144731,0.0127229042648743,0,0.416049382716049,0.20878164108075,0.119136813991948,1,4339213.3202186,11728.9636272004,1,0.909389
0.100000,20260746,GNMFLD,180,NaN,NaN,NaN,0,0.417283950617284,0.200210031628984,0.131308285418565,1,8172296.66212404,10109.8661908706,1,3.441448
0.100000,20260746,GOCNMF,180,0,0.0416136350318988,0.00438343534392452,1,0.414197530864198,0.199026813160028,0.128860393032968,1,4149955.71962157,10248.7269353456,1,0.949794
0.100000,20260746,CGC-GOCNMF,180,0.894663483721996,0.0416136350318988,0.00438343534392452,0,0.448148148148148,0.233799270392505,0.159333952070992,1,4149674.54385421,8997.63485621601,1,0.918528
0.100000,20260747,GNMFLD,180,NaN,NaN,NaN,0,0.359259259259259,0.166546003733669,0.0701203708276296,1,8014305.35860831,11475.6510070599,1,3.639720
0.100000,20260747,GOCNMF,180,0,0.0454743719267412,0.00865657996950903,1,0.35679012345679,0.165911783581647,0.0679473168374206,1,4150452.12467204,11697.7826378304,1,0.910124
0.100000,20260747,CGC-GOCNMF,180,0.809638273103481,0.0454743719267412,0.00865657996950903,0,0.401234567901235,0.211046878515106,0.0983195138621409,1,4149867.75057218,10447.6997393733,1,0.915545
0.100000,20260748,GNMFLD,180,NaN,NaN,NaN,0,0.383333333333333,0.197696479586799,0.135679559734485,1,8073161.24008078,9795.4730620362,1,3.468707
0.100000,20260748,GOCNMF,180,0,0.0193298688791988,0.00962388751927026,1,0.383333333333333,0.197696479586799,0.135679559734485,1,4186445.86148914,9919.3071124269,1,0.921866
0.100000,20260748,CGC-GOCNMF,180,0.502123497090729,0.0193298688791988,0.00962388751927026,0,0.394444444444444,0.209394707432287,0.138894882198946,1,4186421.4180556,9202.31552264846,1,0.926059
0.100000,20260749,GNMFLD,180,NaN,NaN,NaN,0,0.402469135802469,0.176450253111809,0.120046055277782,1,7904793.93403422,9861.82904179082,1,3.525361
0.100000,20260749,GOCNMF,180,0,0.0226816414417585,0.00941164169734368,1,0.401851851851852,0.175391752932049,0.117951658097397,1,3993143.17170962,9995.06215383146,1,0.910870
0.100000,20260749,CGC-GOCNMF,180,0.585054647763887,0.0226816414417585,0.00941164169734368,0,0.414814814814815,0.200379266082329,0.13594292937127,1,3993008.47737695,9279.83854072682,1,0.913368
0.100000,20260750,GNMFLD,180,NaN,NaN,NaN,0,0.364814814814815,0.184596285273702,0.0793470478585705,1,8168008.47740909,9324.11609197578,1,3.673190
0.100000,20260750,GOCNMF,180,0,0.0483460328105038,0.00934471507828154,1,0.358024691358025,0.180641710247061,0.0752481414776643,1,4243323.69364249,9466.85272221594,1,0.933396
0.100000,20260750,CGC-GOCNMF,180,0.806711853381871,0.0483460328105038,0.00934471507828154,0,0.405555555555556,0.230866186400519,0.111934618577611,1,4243046.45238185,8359.26593808353,1,0.902803
0.200000,20260731,GNMFLD,360,NaN,NaN,NaN,0,0.383333333333333,0.163425640465899,0.095278084837899,1,11557505.8247829,19586.9188717352,1,3.499786
0.200000,20260731,GOCNMF,360,0,0.0608386494581673,0.0104634691209621,1,0.377083333333333,0.160760210412676,0.089332953970358,1,3748545.7914174,20017.9379538092,1,0.931101
0.200000,20260731,CGC-GOCNMF,360,0.82801279755303,0.0608386494581673,0.0104634691209621,0,0.436805555555556,0.231044907567423,0.13173313332709,1,3748323.10260497,17684.7556716809,1,0.914807
0.200000,20260732,GNMFLD,360,NaN,NaN,NaN,0,0.4125,0.1840151976276,0.102405738601433,1,11674794.1138074,20509.8437087026,1,3.557643
0.200000,20260732,GOCNMF,360,0,0.047201261615541,0.0142639401328411,1,0.410416666666667,0.185930360796483,0.101044071043055,1,3880871.71743325,20955.2479745816,1,0.911043
0.200000,20260732,CGC-GOCNMF,360,0.697805955929265,0.047201261615541,0.0142639401328411,0,0.444444444444444,0.228612527584398,0.124912448143106,1,3880488.32007489,18962.166213574,1,0.930484
0.200000,20260733,GNMFLD,360,NaN,NaN,NaN,0,0.426388888888889,0.194412760848467,0.134000796622703,1,11621473.1134497,19827.9282301925,1,3.707968
0.200000,20260733,GOCNMF,360,0,0.0461559703432406,0.0087253255525899,1,0.422222222222222,0.195003523510456,0.128704128064325,1,3822951.2522308,20242.4107488063,1,0.969335
0.200000,20260733,CGC-GOCNMF,360,0.810959980091336,0.0461559703432406,0.0087253255525899,0,0.479861111111111,0.263245278229707,0.173910169984591,1,3822185.15726678,17837.0173541625,1,0.963748
0.200000,20260734,GNMFLD,360,NaN,NaN,NaN,0,0.433333333333333,0.195836541862885,0.120989528091795,1,11866984.3430205,18894.3262936697,1,3.516262
0.200000,20260734,GOCNMF,360,0,0.0422876852053031,0.0121927406247752,1,0.425694444444444,0.192071801088981,0.112137264986839,1,3906482.17459255,19248.8310819585,1,0.909244
0.200000,20260734,CGC-GOCNMF,360,0.711671599767627,0.0422876852053031,0.0121927406247752,0,0.465277777777778,0.235639138228294,0.142792329728998,1,3906114.99493728,17332.962892344,1,0.911914
0.200000,20260735,GNMFLD,360,NaN,NaN,NaN,0,0.422222222222222,0.205783129095637,0.125985354454741,1,11875343.4854687,19805.2687739697,1,3.737173
0.200000,20260735,GOCNMF,360,0,0.0382607669964269,0.00859547665919602,1,0.416666666666667,0.202272226337835,0.120865075198425,1,3839949.41698807,20172.6995279698,1,1.143984
0.200000,20260735,CGC-GOCNMF,360,0.775344894157539,0.0382607669964269,0.00859547665919602,0,0.460416666666667,0.25216154888846,0.161091622562013,1,3838788.13154999,17830.4549936228,1,0.920768
0.200000,20260736,GNMFLD,360,NaN,NaN,NaN,0,0.395138888888889,0.170673452279826,0.0950179817287193,1,11669278.9424693,19652.1462048377,1,3.624928
0.200000,20260736,GOCNMF,360,0,0.0327377442315568,0.00930176152952445,1,0.390972222222222,0.165766322508356,0.0895421729795182,1,3805667.77531771,20066.0498310762,1,0.933206
0.200000,20260736,CGC-GOCNMF,360,0.715870419668126,0.0327377442315568,0.00930176152952445,0,0.445833333333333,0.244740164464025,0.128447371267972,1,3804703.31119208,18271.8487166131,1,0.926417
0.200000,20260737,GNMFLD,360,NaN,NaN,NaN,0,0.363888888888889,0.169626231159631,0.0762396062887637,1,12389540.2765621,22614.6688538771,1,3.538859
0.200000,20260737,GOCNMF,360,0,0.0625572510376664,0.0125900737706569,1,0.359722222222222,0.16658241663559,0.074308682972277,1,3982483.16330416,23264.1457487857,1,0.938299
0.200000,20260737,CGC-GOCNMF,360,0.798743174263264,0.0625572510376664,0.0125900737706569,0,0.422916666666667,0.238508907187075,0.115592567718453,1,3982156.91264618,20748.3500889929,1,0.911566
0.200000,20260738,GNMFLD,360,NaN,NaN,NaN,0,0.440972222222222,0.222182783495671,0.152159903905736,1,11946912.9946699,19238.4145917039,1,3.505238
0.200000,20260738,GOCNMF,360,0,0.0422962404915165,0.00638383401627008,1,0.438888888888889,0.221560496801061,0.150297869378138,1,3793518.44668623,19512.28850194,1,0.940154
0.200000,20260738,CGC-GOCNMF,360,0.849068523772213,0.0422962404915165,0.00638383401627008,0,0.494444444444444,0.294061718591933,0.195329070906402,1,3792612.55484082,16819.5038518934,1,0.944329
0.200000,20260739,GNMFLD,360,NaN,NaN,NaN,0,0.461111111111111,0.243737176026641,0.165799098838679,1,12038396.1963509,19617.6798566044,1,3.680687
0.200000,20260739,GOCNMF,360,0,0.0493786773266554,0.00961364056368046,1,0.45625,0.239611256844782,0.161875731150372,1,3869020.03761478,19912.3962936355,1,0.918430
0.200000,20260739,CGC-GOCNMF,360,0.805307855856826,0.0493786773266554,0.00961364056368046,0,0.489583333333333,0.286927194799605,0.193035989139939,1,3868396.25312231,17484.7969909374,1,0.899840
0.200000,20260740,GNMFLD,360,NaN,NaN,NaN,0,0.433333333333333,0.217695590588877,0.103881302181937,1,12058327.3127585,19134.711736995,1,3.457013
0.200000,20260740,GOCNMF,360,0,0.0467329156135769,0.0114503339211246,1,0.422222222222222,0.209211019730527,0.0934661239290005,1,3866998.0422404,19489.195174266,1,0.933610
0.200000,20260740,CGC-GOCNMF,360,0.754983532039716,0.0467329156135769,0.0114503339211246,0,0.472916666666667,0.285925855484176,0.133602589652063,1,3866956.48019541,17316.2428083091,1,0.925322
0.200000,20260741,GNMFLD,360,NaN,NaN,NaN,0,0.422916666666667,0.206768438379717,0.143454666012426,1,11837043.6091289,18400.2671799032,1,3.565124
0.200000,20260741,GOCNMF,360,0,0.0547396624809231,0.00469062071311698,1,0.423611111111111,0.209427052357091,0.143266872594124,1,3788672.83174948,18704.861713856,1,0.941061
0.200000,20260741,CGC-GOCNMF,360,0.914310382992375,0.0547396624809231,0.00469062071311698,0,0.481944444444444,0.285568856258485,0.193715465334754,1,3787943.87169024,15748.2018330119,1,0.913226
0.200000,20260742,GNMFLD,360,NaN,NaN,NaN,0,0.402083333333333,0.187120696149677,0.098267610788881,1,11896390.6342509,18822.265853221,1,3.622449
0.200000,20260742,GOCNMF,360,0,0.0427566324943596,0.00878154447676362,1,0.397222222222222,0.18385133963419,0.0947380396287982,1,3740892.64244106,19105.8619825613,1,0.923908
0.200000,20260742,CGC-GOCNMF,360,0.79461561950834,0.0427566324943596,0.00878154447676362,0,0.428472222222222,0.230128239131534,0.129118087583514,1,3740174.04834986,17123.6160308533,1,0.915409
0.200000,20260743,GNMFLD,360,NaN,NaN,NaN,0,0.444444444444444,0.20021728033207,0.147627756991094,1,11630492.4774261,19981.5294494464,1,3.551393
0.200000,20260743,GOCNMF,360,0,0.0459706023652473,0.0154324431638111,1,0.44375,0.19998280685517,0.147155199776391,1,3701808.81788719,20349.9657529623,1,0.928009
0.200000,20260743,CGC-GOCNMF,360,0.664297564752433,0.0459706023652473,0.0154324431638111,0,0.484722222222222,0.243850502923026,0.183223365733083,1,3701568.75583347,18617.80660887,1,0.913533
0.200000,20260744,GNMFLD,360,NaN,NaN,NaN,0,0.411111111111111,0.185794428193478,0.119903999366967,1,11956468.1520796,21472.6355954573,1,3.508133
0.200000,20260744,GOCNMF,360,0,0.0542850465962919,0.0124383217076673,1,0.407638888888889,0.18210373943488,0.116605304948262,1,3918341.42449639,22046.760014604,1,0.898953
0.200000,20260744,CGC-GOCNMF,360,0.77087020298299,0.0542850465962919,0.0124383217076673,0,0.45625,0.234764143379423,0.155654661679965,1,3917637.36233741,19670.2990619472,1,1.061908
0.200000,20260745,GNMFLD,360,NaN,NaN,NaN,0,0.436805555555556,0.205799303112121,0.144267922676219,1,11879803.5405258,20917.220099775,1,3.475971
0.200000,20260745,GOCNMF,360,0,0.0461937781564469,0.0121854284411484,1,0.431944444444444,0.200801364653122,0.137620636368137,1,3959010.56508434,21507.4752705102,1,0.936986
0.200000,20260745,CGC-GOCNMF,360,0.736210612609358,0.0461937781564469,0.0121854284411484,0,0.472222222222222,0.246750590515182,0.168065727320703,1,3958902.76470726,19457.4584856746,1,0.923507
0.200000,20260746,GNMFLD,360,NaN,NaN,NaN,0,0.466666666666667,0.229006032038792,0.163776447509551,1,11755792.8454778,18602.2764984938,1,4.062923
0.200000,20260746,GOCNMF,360,0,0.0578197716489371,0.00748023866866948,1,0.463888888888889,0.225430808053978,0.159407414114912,1,3761556.00646032,18838.874124186,1,1.107158
0.200000,20260746,CGC-GOCNMF,360,0.870628360241769,0.0578197716489371,0.00748023866866948,0,0.510416666666667,0.280261666142574,0.20518750401451,1,3760889.26777587,16647.3524323868,1,0.950795
0.200000,20260747,GNMFLD,360,NaN,NaN,NaN,0,0.41875,0.205795529951955,0.119260621224664,1,11613275.8304427,21024.1679664545,1,3.710048
0.200000,20260747,GOCNMF,360,0,0.0687618752024424,0.0104859728401836,1,0.413888888888889,0.204706582604122,0.116184576348613,1,3763991.63481996,21443.0501166407,1,1.073724
0.200000,20260747,CGC-GOCNMF,360,0.847503099511004,0.0687618752024424,0.0104859728401836,0,0.486111111111111,0.27655781760358,0.172355826232078,1,3763351.76827209,18683.137742448,1,1.048559
0.200000,20260748,GNMFLD,360,NaN,NaN,NaN,0,0.435416666666667,0.226488442269484,0.162964428105597,1,11506417.3758758,18969.8757239604,1,4.016554
0.200000,20260748,GOCNMF,360,0,0.0455811726021625,0.00761280861185997,1,0.436111111111111,0.227102954066549,0.163294840695628,1,3821132.88398144,19209.6958601992,1,1.218789
0.200000,20260748,CGC-GOCNMF,360,0.832983484687737,0.0455811726021625,0.00761280861185997,0,0.472222222222222,0.276970051429728,0.191114220077245,1,3820542.9904559,16119.1877689377,1,1.022629
0.200000,20260749,GNMFLD,360,NaN,NaN,NaN,0,0.439583333333333,0.202301341448068,0.133668276952348,1,11389118.6298376,19733.4448067958,1,5.064881
0.200000,20260749,GOCNMF,360,0,0.0367977274981526,0.00583982308425971,1,0.436805555555556,0.196942563100528,0.128669448469806,1,3628285.84769481,20027.1688656745,1,1.937079
0.200000,20260749,CGC-GOCNMF,360,0.84129935511499,0.0367977274981526,0.00583982308425971,0,0.499305555555556,0.277298464408127,0.187240572699844,1,3628104.38018923,17511.4587030404,1,1.478573
0.200000,20260750,GNMFLD,360,NaN,NaN,NaN,0,0.4375,0.220004473992676,0.138414584606008,1,11974683.9942121,18518.8485614087,1,3.983539
0.200000,20260750,GOCNMF,360,0,0.0519704664247669,0.0116674377739849,1,0.435416666666667,0.216793866574075,0.132956500897827,1,3843714.2685615,18809.2119931596,1,0.776614
0.200000,20260750,CGC-GOCNMF,360,0.775498690378798,0.0519704664247669,0.0116674377739849,0,0.475,0.274020106972316,0.176214439019424,1,3842940.54645464,16605.0494129159,1,0.873065
