label_fraction,method,runs,ACC_mean,ACC_sd,NMI_mean,NMI_sd,ARI_mean,ARI_sd,labeled_ACC_mean,theta_mean,theta_sd,fallback_count,objective_nonincrease_pass,run_seconds_mean
0.050000,GNMFLD,20,0.323391812865497,0.0523943904796602,0.149396153672422,0.0291309162006351,0.0773519280624661,0.041290039390477,1,NaN,NaN,0,1,3.545954
0.050000,GOCNMF,20,0.32780701754386,0.0529151673848771,0.152640525905465,0.0281452503031768,0.0809383889641476,0.041857572129635,1,NaN,NaN,0,1,0.938619
0.050000,CGC-GOCNMF,20,0.338567251461988,0.0451114976586599,0.164972485960317,0.0243813054786774,0.0872350444281033,0.039653951288069,1,0.296158883775916,0.287302228516946,7,1,0.601322
0.100000,GNMFLD,20,0.377561728395062,0.0371539604479464,0.173727852158096,0.0256386454164841,0.100118237250179,0.0331420994713328,1,NaN,NaN,0,1,3.527198
0.100000,GOCNMF,20,0.375092592592593,0.0375368457965442,0.172044473608113,0.026436421168571,0.0976458450381883,0.0338082908801648,1,NaN,NaN,0,1,0.933144
0.100000,CGC-GOCNMF,20,0.403179012345679,0.0344332025923004,0.205649124102809,0.0252366110851415,0.118513744210418,0.0330149719250011,1,0.645888403360259,0.183028670045836,0,1,0.927594
0.200000,GNMFLD,20,0.424375,0.0248267019875566,0.201834223465959,0.0211981694814031,0.127168185489308,0.02587422937567,1,NaN,NaN,0,1,3.719329
0.200000,GOCNMF,20,0.420520833333333,0.0254053347297825,0.199295635600022,0.0212672265642396,0.12307364537574,0.0267188546978007,1,NaN,NaN,0,1,1.013534
0.200000,CGC-GOCNMF,20,0.468958333333333,0.0238358967868534,0.259351883989454,0.022734761239771,0.163116858106287,0.0282953335452465,1,0.789799305293937,0.0633645706357531,0,1,0.967520
