baseline,label_fraction,metric,n_pairs,mean_difference,median_difference,bootstrap95_low,bootstrap95_high,wilcoxon_W,p_raw,p_holm,rank_biserial,wins,ties,losses
GOCNMF,0.050000,ACC,20,0.0107602339181286,0.00116959064327501,0.00432748538011695,0.018187134502924,8,0.00877463306010118,0.00877463306010118,0.824175824175824,11,7,2
GOCNMF,0.050000,NMI,20,0.0123319600548517,0.00443993130599749,0.00602881018210485,0.0194649301905057,0,0.00147378084387514,0.00442134253162543,1,13,7,0
GOCNMF,0.050000,ARI,20,0.00629665546395576,0.00291290637639079,0.00282518490400816,0.0107109997232106,0,0.00147378084387514,0.00442134253162543,1,13,7,0
GOCNMF,0.100000,ACC,20,0.0280864197530863,0.0256172839506165,0.0213888888888888,0.0353703703703704,0,8.81987020419448e-005,0.000352794808167779,1,20,0,0
GOCNMF,0.100000,NMI,20,0.0336046504946959,0.032770974865034,0.0268938481874498,0.0405036992634192,0,1.9073486328125e-006,1.71661376953125e-005,1,20,0,0
GOCNMF,0.100000,ARI,20,0.0208678991722302,0.0188984259471783,0.0156842396412597,0.0261907235562959,0,1.9073486328125e-006,1.71661376953125e-005,1,20,0,0
GOCNMF,0.200000,ACC,20,0.0484375,0.0475694444444445,0.0435416666666667,0.0535069444444445,0,1.9073486328125e-006,1.71661376953125e-005,1,20,0,0
GOCNMF,0.200000,NMI,20,0.0600562483894309,0.0560285492434185,0.0542753062373594,0.0659543352441974,0,1.9073486328125e-006,1.71661376953125e-005,1,20,0,0
GOCNMF,0.200000,ARI,20,0.040043212730547,0.0401815065433253,0.0362572440652503,0.043943393892123,0,1.9073486328125e-006,1.71661376953125e-005,1,20,0,0
GNMFLD,0.050000,ACC,20,0.0151754385964912,0.0119883040935675,0.00862573099415196,0.0226023391812864,9,0.000337241983739504,0.000353295434523252,0.914285714285714,18,0,2
GNMFLD,0.050000,NMI,20,0.0155763322878953,0.0092144366857788,0.00894790233734245,0.0228760155550266,11,0.000104904174804688,0.000353295434523252,0.895238095238095,17,0,3
GNMFLD,0.050000,ARI,20,0.00988311636563724,0.0079312056084983,0.00605525677491876,0.0142664902286132,3,9.5367431640625e-006,4.76837158203125e-005,0.971428571428571,19,0,1
GNMFLD,0.100000,ACC,20,0.0256172839506174,0.022222222222222,0.0191049382716049,0.032716049382716,0,8.8323858630813e-005,0.000353295434523252,1,20,0,0
GNMFLD,0.100000,NMI,20,0.0319212719447131,0.030642963383976,0.0253345529793341,0.0386763642041342,0,1.9073486328125e-006,1.71661376953125e-005,1,20,0,0
GNMFLD,0.100000,ARI,20,0.0183955069602396,0.0168800449037107,0.0132395043421147,0.0236821579233976,0,1.9073486328125e-006,1.71661376953125e-005,1,20,0,0
GNMFLD,0.200000,ACC,20,0.0445833333333334,0.042013888888889,0.0396527777777777,0.0496875000000001,0,8.84491502121192e-005,0.000353295434523252,1,20,0,0
GNMFLD,0.200000,NMI,20,0.057517660523495,0.052635633541711,0.0517345869794906,0.0633521135618397,0,1.9073486328125e-006,1.71661376953125e-005,1,20,0,0
GNMFLD,0.200000,ARI,20,0.0359486726169793,0.0356731355274935,0.032057683062048,0.0399962718158635,0,1.9073486328125e-006,1.71661376953125e-005,1,20,0,0
