dataset,metric,n_pairs,mean_difference_pp,bootstrap95_low_pp,bootstrap95_high_pp,wins,ties,losses,bootstrap_resamples,rng_seed
PIE,ACC,20,0,0,0,0,20,0,10000,20261009
PIE,NMI,20,0,0,0,0,20,0,10000,20261009
YaleB,ACC,20,-0.00228623685413487,-0.00685871056240461,0,0,19,1,10000,20261009
YaleB,NMI,20,-0.000457419703114859,-0.00137225910934458,0,0,19,1,10000,20261009
COIL20,ACC,20,2.02692307692306,1.69615384615384,2.36153846153845,20,0,0,10000,20261009
COIL20,NMI,20,1.46651075386693,1.15747958646004,1.77571263260959,19,0,1,10000,20261009
COIL100,ACC,20,2.57692307692309,2.4669230769231,2.69076923076923,20,0,0,10000,20261009
COIL100,NMI,20,1.70257687997045,1.626037635682,1.7777225199267,20,0,0,10000,20261009
Optdigits,ACC,20,0.25972743432748,0.231088287576536,0.287379024293907,20,0,0,10000,20261009
Optdigits,NMI,20,0.632100566160215,0.572237725807147,0.692981453390573,20,0,0,10000,20261009
MNIST,ACC,20,0.740358673226474,0.668941437867014,0.812569433423264,20,0,0,10000,20261009
MNIST,NMI,20,1.42426534661212,1.28892893239593,1.55466736011478,20,0,0,10000,20261009
