dataset,method,runs,unlabeled_ACC_mean,unlabeled_ACC_sd,unlabeled_NMI_mean,unlabeled_NMI_sd,all_ACC_mean,all_ACC_sd,all_NMI_mean,all_NMI_sd,labeled_ACC_mean,theta_mean,objective_nonincrease_pass,run_seconds_mean
PIE,GNMFLD,20,0.932720588235294,0.00769220555323123,0.944058667258178,0.00392920570152864,0.939128151260504,0.00695961454816155,0.94791096235353,0.00372835402111205,1,NaN,1,9.073717
PIE,GOCNMF,20,0.939260835913313,0.0129395048741753,0.955045257777574,0.00770178455792807,0.945045518207283,0.0117071710766348,0.957968916696991,0.00726528745387211,1,NaN,1,2.214550
PIE,CGC-GOCNMF,20,0.939260835913313,0.0129395048741753,0.955045257777574,0.00770178455792807,0.945045518207283,0.0117071710766348,0.957968916696991,0.00726528745387211,1,0,1,0.000000
YaleB,GNMFLD,20,0.61854138088706,0.0130032316044434,0.626248864272077,0.0104137552765115,0.654411764705882,0.0117804753599494,0.649495087724431,0.00981954692552072,1,NaN,1,5.689865
YaleB,GOCNMF,20,0.732830361225423,0.0152909859496779,0.734266900736298,0.0106908093960967,0.757953603976802,0.0138531011897041,0.751476806873457,0.0101511561457999,1,NaN,1,1.386425
YaleB,CGC-GOCNMF,20,0.732807498856882,0.0153026216472816,0.734262326539267,0.0106894236017989,0.757932891466446,0.0138636427268454,0.751471868254697,0.0101498777978014,1,0.00316651207212672,1,0.058679
COIL20,GNMFLD,20,0.886961538461539,0.00977311918534837,0.913635346306021,0.00675985769009522,0.897951388888889,0.00882295482010618,0.91744828034104,0.00653435823563746,1,NaN,1,1.883906
COIL20,GOCNMF,20,0.916307692307692,0.0101025572521675,0.933183471692039,0.00729456866282554,0.924444444444444,0.0091203641859846,0.936628275333471,0.00684218278419478,1,NaN,1,0.508324
COIL20,CGC-GOCNMF,20,0.936576923076923,0.0113149058486196,0.947848579230709,0.00695467210533663,0.942743055555556,0.0102148455577816,0.950692381702938,0.00664709929786092,1,0.769545651874383,1,0.483533
COIL100,GNMFLD,20,0.8161,0.00698109294260651,0.894757695975962,0.0027793928174357,0.833979166666667,0.00630237557318643,0.900135186661075,0.00266590317925724,1,NaN,1,32.844262
COIL100,GOCNMF,20,0.850184615384615,0.00704845532839288,0.912839213009179,0.00387079155867214,0.86475,0.00636318883813245,0.917572326544403,0.00364263128748071,1,NaN,1,7.989937
COIL100,CGC-GOCNMF,20,0.875953846153846,0.00687388732821061,0.929864981808883,0.00389289702118049,0.888013888888889,0.00620559272685679,0.933612445624195,0.00365765507291062,1,0.903400365430469,1,7.988969
Optdigits,GNMFLD,20,0.984021331226546,0.00144417351589326,0.959309031866512,0.00289159640483487,0.985604982206406,0.00130104101618641,0.962682785210377,0.00266381042939626,1,NaN,1,0.570157
Optdigits,GOCNMF,20,0.983715188623346,0.00125976916166332,0.958836718884894,0.00262975269936315,0.985329181494662,0.00113491303656608,0.962244583833904,0.00242010977610999,1,NaN,1,0.138794
Optdigits,CGC-GOCNMF,20,0.986312462966621,0.00123279201441749,0.965157724546497,0.00264787752399087,0.987669039145908,0.00111060960302415,0.968046861123076,0.00243584596695806,1,0.876336383070929,1,0.135545
MNIST,GNMFLD,20,0.934335819711157,0.00277088577799697,0.855338826550863,0.00444053607811187,0.940859062321327,0.00249561910908505,0.866925389112048,0.00411519369503511,1,NaN,1,5.367659
MNIST,GOCNMF,20,0.935478495476909,0.00267378767353851,0.857275244340581,0.00456229853235683,0.941888221841052,0.00240816697126446,0.868719470458152,0.00421802543551584,1,NaN,1,1.421410
MNIST,CGC-GOCNMF,20,0.942882082209173,0.00227370903417529,0.871517897806702,0.0039770431533131,0.94855631789594,0.00204783313669789,0.881864670917971,0.00367461537920337,1,0.942691981809146,1,1.431226
