dataset,comparison,runs,dACC_mean,dACC_sd,ACC_wins,ACC_ties,ACC_losses,dNMI_mean,dNMI_sd,NMI_wins,NMI_ties,NMI_losses
PIE,CGC-GOCNMF_minus_GOCNMF,3,0,0,0,3,0,0,0,0,3,0
PIE,CGC-GOCNMF_minus_GNMFLD,3,0.0072239422084623,0.00998221987727199,2,0,1,0.00952035979594183,0.00406189637526956,3,0,0
PIE,GOCNMF_minus_GNMFLD,3,0.0072239422084623,0.00998221987727199,2,0,1,0.00952035979594183,0.00406189637526956,3,0,0
YaleB,CGC-GOCNMF_minus_GOCNMF,3,-0.00015241579027588,0.000263991892633587,0,2,1,-3.04946468743609e-005,5.28182777452646e-005,0,2,1
YaleB,CGC-GOCNMF_minus_GNMFLD,3,0.112940100594422,0.0190952108073352,3,0,0,0.109751205125852,0.0114136485789685,3,0,0
YaleB,GOCNMF_minus_GNMFLD,3,0.113092516384697,0.019206203962744,3,0,0,0.109781699772726,0.0114614572351668,3,0,0
COIL20,CGC-GOCNMF_minus_GOCNMF,3,0.0179487179487179,0.00917719495803758,3,0,0,0.0160530925169255,0.0105252132360427,3,0,0
COIL20,CGC-GOCNMF_minus_GNMFLD,3,0.0438461538461538,0.010058997562017,3,0,0,0.0312505233409109,0.00740566381763005,3,0,0
COIL20,GOCNMF_minus_GNMFLD,3,0.0258974358974359,0.0190969704424261,3,0,0,0.0151974308239853,0.0179228059439541,2,0,1
COIL100,CGC-GOCNMF_minus_GOCNMF,3,0.0251282051282051,0.00331513771464484,3,0,0,0.0169927931930297,0.00170367193013166,3,0,0
COIL100,CGC-GOCNMF_minus_GNMFLD,3,0.0632307692307693,0.00780987085938282,3,0,0,0.0371987057093535,0.00188388671379489,3,0,0
COIL100,GOCNMF_minus_GNMFLD,3,0.0381025641025642,0.00627823013038068,3,0,0,0.0202059125163238,0.00260352184075018,3,0,0
Optdigits,CGC-GOCNMF_minus_GOCNMF,3,0.00204095068799789,0.000411152676173474,3,0,0,0.00524236322977782,0.00076425275050816,3,0,0
Optdigits,CGC-GOCNMF_minus_GNMFLD,3,0.000855882546579756,0.00159646529106356,2,0,1,0.0031749189250511,0.00271757580768847,3,0,0
Optdigits,GOCNMF_minus_GNMFLD,3,-0.00118506814141813,0.00175551933978183,1,0,2,-0.00206744430472672,0.00299288887116134,1,0,2
MNIST,CGC-GOCNMF_minus_GOCNMF,3,0.00555467386129186,0.00180254192851942,3,0,0,0.011287475184062,0.00384154694474828,3,0,0
MNIST,CGC-GOCNMF_minus_GNMFLD,3,0.00745913347087764,0.00198222440831566,3,0,0,0.0147530457408484,0.0036749642114251,3,0,0
MNIST,GOCNMF_minus_GNMFLD,3,0.00190445960958578,0.000274885067063758,3,0,0,0.00346557055678646,0.000197476833161469,3,0,0
