dataset,seed,method,data_file,samples,features,classes,labeled_count,graph_p,alpha_label,beta_graph,parameter_source,theta,delta_cv,se_cv,unlabeled_ACC,unlabeled_NMI,all_ACC,all_NMI,labeled_ACC,objective_initial,objective_final,objective_nonincrease,graph_seconds,run_seconds
PIE,20260617,GNMFLD,PIE.mat,2856,1024,68,272,5,100000,10,published-follow-up,NaN,NaN,NaN,0.935758513931889,0.945400007238091,0.94187675070028,0.949226478351578,1,1466327083.40771,2815.97559627768,1,2.006811,8.748705
PIE,20260617,GOCNMF,PIE.mat,2856,1024,68,272,3,0,1000,original-GOCNMF-setting,0,-0.00403617013428344,0.0022555840095089,0.931888544891641,0.951235603957988,0.938375350140056,0.954422591176015,1,840928159.593472,225186.573416094,1,2.006811,2.164676
PIE,20260617,CGC-GOCNMF,PIE.mat,2856,1024,68,272,3,0,1000,out-of-fold-conservative-calibration,0,-0.00403617013428344,0.0022555840095089,0.931888544891641,0.951235603957988,0.938375350140056,0.954422591176015,1,840928159.593472,225186.573416094,1,2.006811,0.000000
PIE,20260618,GNMFLD,PIE.mat,2856,1024,68,272,5,100000,10,published-follow-up,NaN,NaN,NaN,0.934984520123839,0.945862884131377,0.941176470588235,0.949613180587889,1,1479135420.12391,2557.73953785468,1,2.006811,9.054398
PIE,20260618,GOCNMF,PIE.mat,2856,1024,68,272,3,0,1000,original-GOCNMF-setting,0,-0.00278407789378165,0.00559718413176175,0.95046439628483,0.959738769505879,0.955182072829132,0.962494056052528,1,849265667.490871,202223.662338091,1,2.006811,2.203189
PIE,20260618,CGC-GOCNMF,PIE.mat,2856,1024,68,272,3,0,1000,out-of-fold-conservative-calibration,0,-0.00278407789378165,0.00559718413176175,0.95046439628483,0.959738769505879,0.955182072829132,0.962494056052528,1,849265667.490871,202223.662338091,1,2.006811,0.000000
PIE,20260619,GNMFLD,PIE.mat,2856,1024,68,272,5,100000,10,published-follow-up,NaN,NaN,NaN,0.916795665634675,0.936025357575153,0.924719887955182,0.940246222303558,1,1473163263.90693,2518.69939422542,1,2.006811,8.983398
PIE,20260619,GOCNMF,PIE.mat,2856,1024,68,272,3,0,1000,original-GOCNMF-setting,0,-0.00452305689173541,0.000360772108540112,0.926857585139319,0.944874954868581,0.933823529411765,0.94848583150428,1,839744405.676794,201469.434579414,1,2.006811,2.181759
PIE,20260619,CGC-GOCNMF,PIE.mat,2856,1024,68,272,3,0,1000,out-of-fold-conservative-calibration,0,-0.00452305689173541,0.000360772108540112,0.926857585139319,0.944874954868581,0.933823529411765,0.94848583150428,1,839744405.676794,201469.434579414,1,2.006811,0.000000
PIE,20260620,GNMFLD,PIE.mat,2856,1024,68,272,5,100000,10,published-follow-up,NaN,NaN,NaN,0.92530959752322,0.940092020916577,0.932422969187675,0.944152881431927,1,1466394497.57516,2420.75005960649,1,2.006811,9.062329
PIE,20260620,GOCNMF,PIE.mat,2856,1024,68,272,3,0,1000,original-GOCNMF-setting,0,-0.0119154621913305,0.00343710438318358,0.952012383900929,0.963358635746287,0.956582633053221,0.96577162985338,1,839948083.40089,193995.218951715,1,2.006811,2.251418
PIE,20260620,CGC-GOCNMF,PIE.mat,2856,1024,68,272,3,0,1000,out-of-fold-conservative-calibration,0,-0.0119154621913305,0.00343710438318358,0.952012383900929,0.963358635746287,0.956582633053221,0.96577162985338,1,839948083.40089,193995.218951715,1,2.006811,0.000000
PIE,20260621,GNMFLD,PIE.mat,2856,1024,68,272,5,100000,10,published-follow-up,NaN,NaN,NaN,0.946594427244582,0.95010147698806,0.951680672268908,0.953696457968782,1,1467021169.07039,2606.91351272154,1,2.006811,8.961831
PIE,20260621,GOCNMF,PIE.mat,2856,1024,68,272,3,0,1000,original-GOCNMF-setting,0,-0.00355433867327301,0.0031022192126607,0.94233746130031,0.95577430141214,0.947829131652661,0.958715339898053,1,838892860.774538,206530.878635406,1,2.006811,2.246087
PIE,20260621,CGC-GOCNMF,PIE.mat,2856,1024,68,272,3,0,1000,out-of-fold-conservative-calibration,0,-0.00355433867327301,0.0031022192126607,0.94233746130031,0.95577430141214,0.947829131652661,0.958715339898053,1,838892860.774538,206530.878635406,1,2.006811,0.000000
PIE,20260622,GNMFLD,PIE.mat,2856,1024,68,272,5,100000,10,published-follow-up,NaN,NaN,NaN,0.941950464396285,0.949062773641539,0.947478991596639,0.952659842344473,1,1470793746.67454,2381.01291706752,1,2.006811,9.264282
PIE,20260622,GOCNMF,PIE.mat,2856,1024,68,272,3,0,1000,original-GOCNMF-setting,0,-0.00141518490141075,0.00329722403121239,0.951238390092879,0.963613106598565,0.955882352941177,0.965948089592044,1,839518409.995778,192677.542235321,1,2.006811,2.173940
PIE,20260622,CGC-GOCNMF,PIE.mat,2856,1024,68,272,3,0,1000,out-of-fold-conservative-calibration,0,-0.00141518490141075,0.00329722403121239,0.951238390092879,0.963613106598565,0.955882352941177,0.965948089592044,1,839518409.995778,192677.542235321,1,2.006811,0.000000
PIE,20260623,GNMFLD,PIE.mat,2856,1024,68,272,5,100000,10,published-follow-up,NaN,NaN,NaN,0.931888544891641,0.944837585317094,0.938375350140056,0.948603865432498,1,1475531201.26615,2652.18143482772,1,2.006811,9.077063
PIE,20260623,GOCNMF,PIE.mat,2856,1024,68,272,3,0,1000,original-GOCNMF-setting,0,-0.00378937763610606,0.00400756346577515,0.962074303405573,0.96795958514054,0.965686274509804,0.970189562672644,1,842490816.869502,191318.275529557,1,2.006811,2.265153
PIE,20260623,CGC-GOCNMF,PIE.mat,2856,1024,68,272,3,0,1000,out-of-fold-conservative-calibration,0,-0.00378937763610606,0.00400756346577515,0.962074303405573,0.96795958514054,0.965686274509804,0.970189562672644,1,842490816.869502,191318.275529557,1,2.006811,0.000000
PIE,20260624,GNMFLD,PIE.mat,2856,1024,68,272,5,100000,10,published-follow-up,NaN,NaN,NaN,0.940789473684211,0.949327647518121,0.946428571428571,0.952826342112169,1,1469898663.67811,2561.10867082652,1,2.006811,9.023906
PIE,20260624,GOCNMF,PIE.mat,2856,1024,68,272,3,0,1000,original-GOCNMF-setting,0,-0.0036360234106982,0.00378075106663244,0.936919504643963,0.954897335668752,0.942927170868347,0.957767050690545,1,839991645.940433,219084.920464078,1,2.006811,2.199992
PIE,20260624,CGC-GOCNMF,PIE.mat,2856,1024,68,272,3,0,1000,out-of-fold-conservative-calibration,0,-0.0036360234106982,0.00378075106663244,0.936919504643963,0.954897335668752,0.942927170868347,0.957767050690545,1,839991645.940433,219084.920464078,1,2.006811,0.000000
PIE,20260625,GNMFLD,PIE.mat,2856,1024,68,272,5,100000,10,published-follow-up,NaN,NaN,NaN,0.929566563467492,0.942983137179527,0.936274509803922,0.946842399643243,1,1467031904.71138,2587.63719672617,1,2.006811,9.116049
PIE,20260625,GOCNMF,PIE.mat,2856,1024,68,272,3,0,1000,original-GOCNMF-setting,0,-0.00465852159303793,0.00485200607904989,0.929179566563467,0.951350194434479,0.935924369747899,0.954352717991319,1,835681865.32473,186283.475596444,1,2.006811,2.260579
PIE,20260625,CGC-GOCNMF,PIE.mat,2856,1024,68,272,3,0,1000,out-of-fold-conservative-calibration,0,-0.00465852159303793,0.00485200607904989,0.929179566563467,0.951350194434479,0.935924369747899,0.954352717991319,1,835681865.32473,186283.475596444,1,2.006811,0.000000
PIE,20260626,GNMFLD,PIE.mat,2856,1024,68,272,5,100000,10,published-follow-up,NaN,NaN,NaN,0.934984520123839,0.944887033911324,0.941176470588235,0.948753656899735,1,1477648794.5321,2714.93262252738,1,2.006811,9.087864
PIE,20260626,GOCNMF,PIE.mat,2856,1024,68,272,3,0,1000,original-GOCNMF-setting,0,-0.00825568927030981,0.00484728112496486,0.938080495356037,0.953308550043005,0.943977591036415,0.956391192094474,1,842379833.284781,210757.10754876,1,2.006811,2.251572
PIE,20260626,CGC-GOCNMF,PIE.mat,2856,1024,68,272,3,0,1000,out-of-fold-conservative-calibration,0,-0.00825568927030981,0.00484728112496486,0.938080495356037,0.953308550043005,0.943977591036415,0.956391192094474,1,842379833.284781,210757.10754876,1,2.006811,0.000000
PIE,20260627,GNMFLD,PIE.mat,2856,1024,68,272,5,100000,10,published-follow-up,NaN,NaN,NaN,0.93343653250774,0.945062973738724,0.939775910364146,0.948831545388382,1,1467716296.62311,2719.10672326585,1,2.006811,9.206876
PIE,20260627,GOCNMF,PIE.mat,2856,1024,68,272,3,0,1000,original-GOCNMF-setting,0,-0.000496825276227508,0.00329020590520797,0.943885448916409,0.959548311164285,0.949229691876751,0.962144522405026,1,838358277.29295,195389.918602388,1,2.006811,2.237048
PIE,20260627,CGC-GOCNMF,PIE.mat,2856,1024,68,272,3,0,1000,out-of-fold-conservative-calibration,0,-0.000496825276227508,0.00329020590520797,0.943885448916409,0.959548311164285,0.949229691876751,0.962144522405026,1,838358277.29295,195389.918602388,1,2.006811,0.000000
PIE,20260628,GNMFLD,PIE.mat,2856,1024,68,272,5,100000,10,published-follow-up,NaN,NaN,NaN,0.936145510835913,0.94450264878851,0.942226890756303,0.948404555625949,1,1472535201.7269,2751.41915490034,1,2.006811,8.943067
PIE,20260628,GOCNMF,PIE.mat,2856,1024,68,272,3,0,1000,original-GOCNMF-setting,0,-0.00588238489760227,0.00426275173579821,0.959365325077399,0.966852336977568,0.963235294117647,0.969123479101894,1,840620351.251059,198410.027278675,1,2.006811,2.181989
PIE,20260628,CGC-GOCNMF,PIE.mat,2856,1024,68,272,3,0,1000,out-of-fold-conservative-calibration,0,-0.00588238489760227,0.00426275173579821,0.959365325077399,0.966852336977568,0.963235294117647,0.969123479101894,1,840620351.251059,198410.027278675,1,2.006811,0.000000
PIE,20260629,GNMFLD,PIE.mat,2856,1024,68,272,5,100000,10,published-follow-up,NaN,NaN,NaN,0.93343653250774,0.946062889099146,0.939775910364146,0.949728287973662,1,1469229018.94036,2352.68021396716,1,2.006811,8.986635
PIE,20260629,GOCNMF,PIE.mat,2856,1024,68,272,3,0,1000,original-GOCNMF-setting,0,-0.00561272685317951,0.00184229253431445,0.938467492260062,0.954276818645224,0.944327731092437,0.95727475250529,1,841127174.895613,207553.827038156,1,2.006811,2.136531
PIE,20260629,CGC-GOCNMF,PIE.mat,2856,1024,68,272,3,0,1000,out-of-fold-conservative-calibration,0,-0.00561272685317951,0.00184229253431445,0.938467492260062,0.954276818645224,0.944327731092437,0.95727475250529,1,841127174.895613,207553.827038156,1,2.006811,0.000000
PIE,20260630,GNMFLD,PIE.mat,2856,1024,68,272,5,100000,10,published-follow-up,NaN,NaN,NaN,0.934984520123839,0.944227245438261,0.941176470588235,0.948136067850248,1,1467304763.37357,2554.78524373525,1,2.006811,9.277819
PIE,20260630,GOCNMF,PIE.mat,2856,1024,68,272,3,0,1000,original-GOCNMF-setting,0,-0.00188655416143834,0.00114958078123885,0.94156346749226,0.958202729321848,0.947128851540616,0.960867544553492,1,836892842.101313,202213.102919107,1,2.006811,2.235777
PIE,20260630,CGC-GOCNMF,PIE.mat,2856,1024,68,272,3,0,1000,out-of-fold-conservative-calibration,0,-0.00188655416143834,0.00114958078123885,0.94156346749226,0.958202729321848,0.947128851540616,0.960867544553492,1,836892842.101313,202213.102919107,1,2.006811,0.000000
PIE,20260631,GNMFLD,PIE.mat,2856,1024,68,272,5,100000,10,published-follow-up,NaN,NaN,NaN,0.943885448916409,0.95005573303524,0.949229691876751,0.953583264724591,1,1463898565.32396,2762.90483306117,1,2.006811,9.283897
PIE,20260631,GOCNMF,PIE.mat,2856,1024,68,272,3,0,1000,original-GOCNMF-setting,0,-0.00259310560654847,0.00168659341629264,0.940402476780186,0.956603920862549,0.946078431372549,0.959401414230713,1,838065258.429515,193282.709530734,1,2.006811,2.317533
PIE,20260631,CGC-GOCNMF,PIE.mat,2856,1024,68,272,3,0,1000,out-of-fold-conservative-calibration,0,-0.00259310560654847,0.00168659341629264,0.940402476780186,0.956603920862549,0.946078431372549,0.959401414230713,1,838065258.429515,193282.709530734,1,2.006811,0.000000
PIE,20260632,GNMFLD,PIE.mat,2856,1024,68,272,5,100000,10,published-follow-up,NaN,NaN,NaN,0.921439628482972,0.940665731283614,0.928921568627451,0.944560482750261,1,1479280138.43352,2656.04126921837,1,2.006811,9.374616
PIE,20260632,GOCNMF,PIE.mat,2856,1024,68,272,3,0,1000,original-GOCNMF-setting,0,-0.002270594530075,0.00303541618600793,0.936919504643963,0.952510422552895,0.942927170868347,0.955631806287855,1,848230282.249245,204139.610779691,1,2.006811,2.244931
PIE,20260632,CGC-GOCNMF,PIE.mat,2856,1024,68,272,3,0,1000,out-of-fold-conservative-calibration,0,-0.002270594530075,0.00303541618600793,0.936919504643963,0.952510422552895,0.942927170868347,0.955631806287855,1,848230282.249245,204139.610779691,1,2.006811,0.000000
PIE,20260633,GNMFLD,PIE.mat,2856,1024,68,272,5,100000,10,published-follow-up,NaN,NaN,NaN,0.929179566563467,0.941454700982414,0.935924369747899,0.945483146768104,1,1463650334.13784,2493.96843087083,1,2.006811,9.097576
PIE,20260633,GOCNMF,PIE.mat,2856,1024,68,272,3,0,1000,original-GOCNMF-setting,0,-0.00152894350847673,0.0020258855270557,0.922600619195046,0.945064547978189,0.929971988795518,0.948564851083694,1,837247528.934747,227964.465951687,1,2.006811,2.178536
PIE,20260633,CGC-GOCNMF,PIE.mat,2856,1024,68,272,3,0,1000,out-of-fold-conservative-calibration,0,-0.00152894350847673,0.0020258855270557,0.922600619195046,0.945064547978189,0.929971988795518,0.948564851083694,1,837247528.934747,227964.465951687,1,2.006811,0.000000
PIE,20260634,GNMFLD,PIE.mat,2856,1024,68,272,5,100000,10,published-follow-up,NaN,NaN,NaN,0.921052631578947,0.93743526068348,0.928571428571429,0.941644665535511,1,1450264766.64662,2699.102420478,1,2.006811,8.981789
PIE,20260634,GOCNMF,PIE.mat,2856,1024,68,272,3,0,1000,original-GOCNMF-setting,0,-0.00572433892432518,0.00327075689168666,0.90828173374613,0.937411188912798,0.917016806722689,0.941229479594193,1,833391361.216896,234554.580903911,1,2.006811,2.202080
PIE,20260634,CGC-GOCNMF,PIE.mat,2856,1024,68,272,3,0,1000,out-of-fold-conservative-calibration,0,-0.00572433892432518,0.00327075689168666,0.90828173374613,0.937411188912798,0.917016806722689,0.941229479594193,1,833391361.216896,234554.580903911,1,2.006811,0.000000
PIE,20260635,GNMFLD,PIE.mat,2856,1024,68,272,5,100000,10,published-follow-up,NaN,NaN,NaN,0.934210526315789,0.942015740934681,0.94047619047619,0.946126665896234,1,1459034658.23581,2411.0786562772,1,2.006811,9.086625
PIE,20260635,GOCNMF,PIE.mat,2856,1024,68,272,3,0,1000,original-GOCNMF-setting,0,-0.00734559388730762,0.00245212724861865,0.946594427244582,0.95736911327638,0.951680672268908,0.960237160905643,1,831687708.367239,218575.474577549,1,2.006811,2.174819
PIE,20260635,CGC-GOCNMF,PIE.mat,2856,1024,68,272,3,0,1000,out-of-fold-conservative-calibration,0,-0.00734559388730762,0.00245212724861865,0.946594427244582,0.95736911327638,0.951680672268908,0.960237160905643,1,831687708.367239,218575.474577549,1,2.006811,0.000000
PIE,20260636,GNMFLD,PIE.mat,2856,1024,68,272,5,100000,10,published-follow-up,NaN,NaN,NaN,0.928018575851393,0.941110496762634,0.934873949579832,0.945099237481811,1,1465598922.38251,2731.51700894888,1,2.006811,8.855621
PIE,20260636,GOCNMF,PIE.mat,2856,1024,68,272,3,0,1000,original-GOCNMF-setting,0,-0.000714449366428432,0.0041014758838386,0.926083591331269,0.946954728483537,0.93312324929972,0.950365261746741,1,844054202.861703,201106.380642135,1,2.006811,2.183394
PIE,20260636,CGC-GOCNMF,PIE.mat,2856,1024,68,272,3,0,1000,out-of-fold-conservative-calibration,0,-0.000714449366428432,0.0041014758838386,0.926083591331269,0.946954728483537,0.93312324929972,0.950365261746741,1,844054202.861703,201106.380642135,1,2.006811,0.000000
YaleB,20260617,GNMFLD,YaleB.mat,2414,1024,38,227,5,100000,100,published-follow-up,NaN,NaN,NaN,0.621399176954732,0.625509112028225,0.657000828500414,0.648783386758529,1,518526697.003207,85896.6812940502,1,1.286846,5.137800
YaleB,20260617,GOCNMF,YaleB.mat,2414,1024,38,227,2,0,1000,original-GOCNMF-setting,0,-0.0250162631934364,0.00842588530846352,0.712391403749428,0.724436491419813,0.73943661971831,0.741783801464315,1,231824313.617149,194303.202973669,1,1.286846,1.211942
YaleB,20260617,CGC-GOCNMF,YaleB.mat,2414,1024,38,227,2,0,1000,out-of-fold-conservative-calibration,0,-0.0250162631934364,0.00842588530846352,0.712391403749428,0.724436491419813,0.73943661971831,0.741783801464315,1,231824313.617149,194303.202973669,1,1.286846,0.000000
YaleB,20260618,GNMFLD,YaleB.mat,2414,1024,38,227,5,100000,100,published-follow-up,NaN,NaN,NaN,0.605852766346593,0.616275269978407,0.642916321458161,0.640343838870924,1,522821352.569601,81060.9499834966,1,1.286846,4.860411
YaleB,20260618,GOCNMF,YaleB.mat,2414,1024,38,227,2,0,1000,original-GOCNMF-setting,0,-0.0181841164503191,0.012657079189903,0.731595793324188,0.724926478018089,0.756835128417564,0.743160855952922,1,232764346.95714,196698.020006657,1,1.286846,1.249426
YaleB,20260618,CGC-GOCNMF,YaleB.mat,2414,1024,38,227,2,0,1000,out-of-fold-conservative-calibration,0,-0.0181841164503191,0.012657079189903,0.731595793324188,0.724926478018089,0.756835128417564,0.743160855952922,1,232764346.95714,196698.020006657,1,1.286846,0.000000
YaleB,20260619,GNMFLD,YaleB.mat,2414,1024,38,227,5,100000,100,published-follow-up,NaN,NaN,NaN,0.603109282121628,0.615620577685083,0.64043082021541,0.639347627006758,1,518009129.425369,85785.2017034706,1,1.286846,4.903076
YaleB,20260619,GOCNMF,YaleB.mat,2414,1024,38,227,2,0,1000,original-GOCNMF-setting,0,0.0151419300369438,0.0141829879517982,0.725651577503429,0.737387089571991,0.751449875724938,0.754019785707577,1,231718105.487578,192703.872416401,1,1.286846,1.218940
YaleB,20260619,CGC-GOCNMF,YaleB.mat,2414,1024,38,227,2,0,1000,out-of-fold-conservative-calibration,0.0633302414425343,0.0151419300369438,0.0141829879517982,0.725194330132602,0.737295605631368,0.751035625517813,0.753921013332375,1,231716907.757863,192264.652176612,1,1.286846,1.173586
YaleB,20260620,GNMFLD,YaleB.mat,2414,1024,38,227,5,100000,100,published-follow-up,NaN,NaN,NaN,0.63145861911294,0.642216276448414,0.666114333057167,0.664268797347141,1,519688101.854013,84442.21899112,1,1.286846,4.910866
YaleB,20260620,GOCNMF,YaleB.mat,2414,1024,38,227,2,0,1000,original-GOCNMF-setting,0,-0.0182969612873063,0.00881096018037256,0.733424782807499,0.735226558476399,0.758492129246065,0.752255670809509,1,230714234.950595,180707.917387199,1,1.286846,1.182952
YaleB,20260620,CGC-GOCNMF,YaleB.mat,2414,1024,38,227,2,0,1000,out-of-fold-conservative-calibration,0,-0.0182969612873063,0.00881096018037256,0.733424782807499,0.735226558476399,0.758492129246065,0.752255670809509,1,230714234.950595,180707.917387199,1,1.286846,0.000000
YaleB,20260621,GNMFLD,YaleB.mat,2414,1024,38,227,5,100000,100,published-follow-up,NaN,NaN,NaN,0.639689071787837,0.635191423516125,0.673570836785418,0.658133535377209,1,516338521.317315,87487.6246338014,1,1.286846,4.869403
YaleB,20260621,GOCNMF,YaleB.mat,2414,1024,38,227,2,0,1000,original-GOCNMF-setting,0,-0.0162125484237025,0.005957640949155,0.754915409236397,0.747094286554081,0.777961888980945,0.763912124757419,1,231301357.037774,182718.654890587,1,1.286846,1.182894
YaleB,20260621,CGC-GOCNMF,YaleB.mat,2414,1024,38,227,2,0,1000,out-of-fold-conservative-calibration,0,-0.0162125484237025,0.005957640949155,0.754915409236397,0.747094286554081,0.777961888980945,0.763912124757419,1,231301357.037774,182718.654890587,1,1.286846,0.000000
YaleB,20260622,GNMFLD,YaleB.mat,2414,1024,38,227,5,100000,100,published-follow-up,NaN,NaN,NaN,0.614083219021491,0.613672701094195,0.650372825186413,0.637826349767033,1,516156771.304755,85603.727562976,1,1.286846,4.903971
YaleB,20260622,GOCNMF,YaleB.mat,2414,1024,38,227,2,0,1000,original-GOCNMF-setting,0,-0.0106988707437482,0.00869266441868305,0.727937814357567,0.730040476926903,0.753521126760563,0.74757211501985,1,230247855.672777,186754.349960751,1,1.286846,1.196340
YaleB,20260622,CGC-GOCNMF,YaleB.mat,2414,1024,38,227,2,0,1000,out-of-fold-conservative-calibration,0,-0.0106988707437482,0.00869266441868305,0.727937814357567,0.730040476926903,0.753521126760563,0.74757211501985,1,230247855.672777,186754.349960751,1,1.286846,0.000000
YaleB,20260623,GNMFLD,YaleB.mat,2414,1024,38,227,5,100000,100,published-follow-up,NaN,NaN,NaN,0.619570187471422,0.627769852858776,0.655343827671914,0.651039752178486,1,518073563.542047,91535.1935113232,1,1.286846,4.937114
YaleB,20260623,GOCNMF,YaleB.mat,2414,1024,38,227,2,0,1000,original-GOCNMF-setting,0,0.000463071269171711,0.0123649023326519,0.735711019661637,0.738865432623688,0.76056338028169,0.755560280449072,1,231806462.721068,193004.570741304,1,1.286846,1.200467
YaleB,20260623,CGC-GOCNMF,YaleB.mat,2414,1024,38,227,2,0,1000,out-of-fold-conservative-calibration,0,0.000463071269171711,0.0123649023326519,0.735711019661637,0.738865432623688,0.76056338028169,0.755560280449072,1,231806462.721068,193004.570741304,1,1.286846,0.000000
YaleB,20260624,GNMFLD,YaleB.mat,2414,1024,38,227,5,100000,100,published-follow-up,NaN,NaN,NaN,0.612711476909008,0.616144352526559,0.649130074565037,0.64030009514621,1,516389039.107035,88719.4933959819,1,1.286846,4.855105
YaleB,20260624,GOCNMF,YaleB.mat,2414,1024,38,227,2,0,1000,original-GOCNMF-setting,0,-0.0249535641599323,0.00764658535303768,0.747142203932327,0.744068465128608,0.770919635459818,0.760974623286541,1,231742409.389089,192120.758519917,1,1.286846,1.196510
YaleB,20260624,CGC-GOCNMF,YaleB.mat,2414,1024,38,227,2,0,1000,out-of-fold-conservative-calibration,0,-0.0249535641599323,0.00764658535303768,0.747142203932327,0.744068465128608,0.770919635459818,0.760974623286541,1,231742409.389089,192120.758519917,1,1.286846,0.000000
YaleB,20260625,GNMFLD,YaleB.mat,2414,1024,38,227,5,100000,100,published-follow-up,NaN,NaN,NaN,0.630544124371285,0.628023280673169,0.665285832642916,0.651689522826232,1,517651343.727227,86783.7645665228,1,1.286846,4.858140
YaleB,20260625,GOCNMF,YaleB.mat,2414,1024,38,227,2,0,1000,original-GOCNMF-setting,0,-0.00927526095898035,0.0115605473191568,0.737540009144947,0.737155037900965,0.762220381110191,0.754130090528653,1,229907338.195369,186120.61421234,1,1.286846,1.242504
YaleB,20260625,CGC-GOCNMF,YaleB.mat,2414,1024,38,227,2,0,1000,out-of-fold-conservative-calibration,0,-0.00927526095898035,0.0115605473191568,0.737540009144947,0.737155037900965,0.762220381110191,0.754130090528653,1,229907338.195369,186120.61421234,1,1.286846,0.000000
YaleB,20260626,GNMFLD,YaleB.mat,2414,1024,38,227,5,100000,100,published-follow-up,NaN,NaN,NaN,0.62002743484225,0.62996462402171,0.655758077879039,0.652535454897042,1,516141331.10094,85438.7609818435,1,1.286846,5.551197
YaleB,20260626,GOCNMF,YaleB.mat,2414,1024,38,227,2,0,1000,original-GOCNMF-setting,0,-0.0245474455927042,0.00569645896705164,0.733882030178326,0.741470799424182,0.75890637945319,0.75793834209371,1,230790325.633141,203075.058213601,1,1.286846,1.231444
YaleB,20260626,CGC-GOCNMF,YaleB.mat,2414,1024,38,227,2,0,1000,out-of-fold-conservative-calibration,0,-0.0245474455927042,0.00569645896705164,0.733882030178326,0.741470799424182,0.75890637945319,0.75793834209371,1,230790325.633141,203075.058213601,1,1.286846,0.000000
YaleB,20260627,GNMFLD,YaleB.mat,2414,1024,38,227,5,100000,100,published-follow-up,NaN,NaN,NaN,0.589391860996799,0.610258748970745,0.628003314001657,0.633806023752426,1,520716604.043287,88718.1401679684,1,1.286846,5.414140
YaleB,20260627,GOCNMF,YaleB.mat,2414,1024,38,227,2,0,1000,original-GOCNMF-setting,0,-0.0103980585768995,0.0072306756859172,0.69090077732053,0.702215513452343,0.71996685998343,0.720807153770514,1,229785788.839244,203738.05130296,1,1.286846,1.299466
YaleB,20260627,CGC-GOCNMF,YaleB.mat,2414,1024,38,227,2,0,1000,out-of-fold-conservative-calibration,0,-0.0103980585768995,0.0072306756859172,0.69090077732053,0.702215513452343,0.71996685998343,0.720807153770514,1,229785788.839244,203738.05130296,1,1.286846,0.000000
YaleB,20260628,GNMFLD,YaleB.mat,2414,1024,38,227,5,100000,100,published-follow-up,NaN,NaN,NaN,0.635573845450389,0.641210380862911,0.669842584921292,0.663825894500915,1,519684834.666663,89104.943233823,1,1.286846,5.020777
YaleB,20260628,GOCNMF,YaleB.mat,2414,1024,38,227,2,0,1000,original-GOCNMF-setting,0,-0.0224708974286335,0.00479055876105206,0.746227709190672,0.737773134178609,0.770091135045567,0.755294317907025,1,230166231.295315,195162.797935948,1,1.286846,1.384304
YaleB,20260628,CGC-GOCNMF,YaleB.mat,2414,1024,38,227,2,0,1000,out-of-fold-conservative-calibration,0,-0.0224708974286335,0.00479055876105206,0.746227709190672,0.737773134178609,0.770091135045567,0.755294317907025,1,230166231.295315,195162.797935948,1,1.286846,0.000000
YaleB,20260629,GNMFLD,YaleB.mat,2414,1024,38,227,5,100000,100,published-follow-up,NaN,NaN,NaN,0.640146319158665,0.647203313438839,0.673985086992543,0.669285505661047,1,520941037.801781,83827.866521231,1,1.286846,7.508570
YaleB,20260629,GOCNMF,YaleB.mat,2414,1024,38,227,2,0,1000,original-GOCNMF-setting,0,-0.0137684550538456,0.0123377570145179,0.743941472336534,0.742584856266913,0.768019884009942,0.759302671169055,1,233049736.041144,172985.694480128,1,1.286846,1.812767
YaleB,20260629,CGC-GOCNMF,YaleB.mat,2414,1024,38,227,2,0,1000,out-of-fold-conservative-calibration,0,-0.0137684550538456,0.0123377570145179,0.743941472336534,0.742584856266913,0.768019884009942,0.759302671169055,1,233049736.041144,172985.694480128,1,1.286846,0.000000
YaleB,20260630,GNMFLD,YaleB.mat,2414,1024,38,227,5,100000,100,published-follow-up,NaN,NaN,NaN,0.603566529492455,0.618425249466804,0.640845070422535,0.641788659723698,1,518427131.835589,89139.2678403551,1,1.286846,7.481938
YaleB,20260630,GOCNMF,YaleB.mat,2414,1024,38,227,2,0,1000,original-GOCNMF-setting,0,-0.0172329477962593,0.0115400001277652,0.727023319615912,0.726612250260651,0.752692626346313,0.744484901122549,1,229443478.09073,197633.616746951,1,1.286846,1.814344
YaleB,20260630,CGC-GOCNMF,YaleB.mat,2414,1024,38,227,2,0,1000,out-of-fold-conservative-calibration,0,-0.0172329477962593,0.0115400001277652,0.727023319615912,0.726612250260651,0.752692626346313,0.744484901122549,1,229443478.09073,197633.616746951,1,1.286846,0.000000
YaleB,20260631,GNMFLD,YaleB.mat,2414,1024,38,227,5,100000,100,published-follow-up,NaN,NaN,NaN,0.616369455875629,0.619260827663688,0.652444076222038,0.64328844274516,1,526196150.838938,88278.5923590467,1,1.286846,7.429267
YaleB,20260631,GOCNMF,YaleB.mat,2414,1024,38,227,2,0,1000,original-GOCNMF-setting,0,-0.0081571967274637,0.00875163383531115,0.731138545953361,0.730069335308392,0.756420878210439,0.747777519266088,1,229769109.824372,189942.336893705,1,1.286846,1.787138
YaleB,20260631,CGC-GOCNMF,YaleB.mat,2414,1024,38,227,2,0,1000,out-of-fold-conservative-calibration,0,-0.0081571967274637,0.00875163383531115,0.731138545953361,0.730069335308392,0.756420878210439,0.747777519266088,1,229769109.824372,189942.336893705,1,1.286846,0.000000
YaleB,20260632,GNMFLD,YaleB.mat,2414,1024,38,227,5,100000,100,published-follow-up,NaN,NaN,NaN,0.625514403292181,0.636417690537057,0.66072908036454,0.658614701087969,1,521940430.240307,90903.1714268155,1,1.286846,7.382216
YaleB,20260632,GOCNMF,YaleB.mat,2414,1024,38,227,2,0,1000,original-GOCNMF-setting,0,-0.0162830086503623,0.00645634900675195,0.744398719707362,0.75051911394712,0.768434134217067,0.76629015916167,1,233292569.440088,219135.826368996,1,1.286846,1.809249
YaleB,20260632,CGC-GOCNMF,YaleB.mat,2414,1024,38,227,2,0,1000,out-of-fold-conservative-calibration,0,-0.0162830086503623,0.00645634900675195,0.744398719707362,0.75051911394712,0.768434134217067,0.76629015916167,1,233292569.440088,219135.826368996,1,1.286846,0.000000
YaleB,20260633,GNMFLD,YaleB.mat,2414,1024,38,227,5,100000,100,published-follow-up,NaN,NaN,NaN,0.614083219021491,0.621687082401826,0.650372825186413,0.644990712513704,1,520380733.264798,90855.3337286142,1,1.286846,7.433955
YaleB,20260633,GOCNMF,YaleB.mat,2414,1024,38,227,2,0,1000,original-GOCNMF-setting,0,-0.0230570005590497,0.00790198474519929,0.756744398719707,0.744662874929788,0.779618889809445,0.761815739062201,1,231542653.388094,194332.460527793,1,1.286846,1.916380
YaleB,20260633,CGC-GOCNMF,YaleB.mat,2414,1024,38,227,2,0,1000,out-of-fold-conservative-calibration,0,-0.0230570005590497,0.00790198474519929,0.756744398719707,0.744662874929788,0.779618889809445,0.761815739062201,1,231542653.388094,194332.460527793,1,1.286846,0.000000
YaleB,20260634,GNMFLD,YaleB.mat,2414,1024,38,227,5,100000,100,published-follow-up,NaN,NaN,NaN,0.614083219021491,0.632382306908924,0.650372825186413,0.655279161519207,1,517138518.813664,81294.4941284919,1,1.286846,6.115200
YaleB,20260634,GOCNMF,YaleB.mat,2414,1024,38,227,2,0,1000,original-GOCNMF-setting,0,-0.0083117791130388,0.00673188373350149,0.732053040695016,0.731695244142288,0.757249378624689,0.749072220099535,1,228752774.450344,178779.264779422,1,1.286846,1.303075
YaleB,20260634,CGC-GOCNMF,YaleB.mat,2414,1024,38,227,2,0,1000,out-of-fold-conservative-calibration,0,-0.0083117791130388,0.00673188373350149,0.732053040695016,0.731695244142288,0.757249378624689,0.749072220099535,1,228752774.450344,178779.264779422,1,1.286846,0.000000
YaleB,20260635,GNMFLD,YaleB.mat,2414,1024,38,227,5,100000,100,published-follow-up,NaN,NaN,NaN,0.611339734796525,0.619919345899994,0.647887323943662,0.643648121368136,1,518693913.180611,86522.0740532889,1,1.286846,5.082804
YaleB,20260635,GOCNMF,YaleB.mat,2414,1024,38,227,2,0,1000,original-GOCNMF-setting,0,-0.0293589194000144,0.00940110042861098,0.731595793324188,0.730566423292922,0.756835128417564,0.748306459849228,1,227428529.567641,199533.945900766,1,1.286846,1.233663
YaleB,20260635,CGC-GOCNMF,YaleB.mat,2414,1024,38,227,2,0,1000,out-of-fold-conservative-calibration,0,-0.0293589194000144,0.00940110042861098,0.731595793324188,0.730566423292922,0.756835128417564,0.748306459849228,1,227428529.567641,199533.945900766,1,1.286846,0.000000
YaleB,20260636,GNMFLD,YaleB.mat,2414,1024,38,227,5,100000,100,published-follow-up,NaN,NaN,NaN,0.622313671696388,0.627824868460099,0.657829328914665,0.651106171440791,1,518961632.872625,89000.2356742886,1,1.286846,5.141346
YaleB,20260636,GOCNMF,YaleB.mat,2414,1024,38,227,2,0,1000,original-GOCNMF-setting,0,-0.0094764716379988,0.00672692224984953,0.712391403749428,0.727968152902219,0.73943661971831,0.745077305991708,1,232666786.247971,194500.95918565,1,1.286846,1.254691
YaleB,20260636,CGC-GOCNMF,YaleB.mat,2414,1024,38,227,2,0,1000,out-of-fold-conservative-calibration,0,-0.0094764716379988,0.00672692224984953,0.712391403749428,0.727968152902219,0.73943661971831,0.745077305991708,1,232666786.247971,194500.95918565,1,1.286846,0.000000
COIL20,20260617,GNMFLD,COIL20_Obj.mat,1440,1024,20,140,5,10000,10,published-follow-up,NaN,NaN,NaN,0.89,0.913828207409854,0.900694444444444,0.917407079156449,1,47630729.9233651,1198.7781131921,1,0.382407,1.893191
COIL20,20260617,GOCNMF,COIL20_Obj.mat,1440,1024,20,140,3,0,10,original-GOCNMF-setting,0,0.0344989525506084,0.00873229722752602,0.926923076923077,0.938371261210093,0.934027777777778,0.941622397384108,1,34782611.8104118,947.988349955495,1,0.382407,0.506874
COIL20,20260617,CGC-GOCNMF,COIL20_Obj.mat,1440,1024,20,140,3,0,10,out-of-fold-conservative-calibration,0.746882250563517,0.0344989525506084,0.00873229722752602,0.940769230769231,0.949210730072386,0.946527777777778,0.951994173168535,1,34783005.6571947,940.394331438694,1,0.382407,0.458140
COIL20,20260618,GNMFLD,COIL20_Obj.mat,1440,1024,20,140,5,10000,10,published-follow-up,NaN,NaN,NaN,0.88,0.90912583658381,0.891666666666667,0.913131058771616,1,47471864.0977201,1085.07725417808,1,0.382407,1.868822
COIL20,20260618,GOCNMF,COIL20_Obj.mat,1440,1024,20,140,3,0,10,original-GOCNMF-setting,0,0.047944388521886,0.0173674645554405,0.916923076923077,0.935641749528815,0.925,0.93865734293379,1,34908005.3554513,875.525006400098,1,0.382407,0.496026
COIL20,20260618,CGC-GOCNMF,COIL20_Obj.mat,1440,1024,20,140,3,0,10,out-of-fold-conservative-calibration,0.637758138316594,0.047944388521886,0.0173674645554405,0.928461538461538,0.944794093199832,0.935416666666667,0.947362435669007,1,34908338.7731178,885.27125944725,1,0.382407,0.516850
COIL20,20260619,GNMFLD,COIL20_Obj.mat,1440,1024,20,140,5,10000,10,published-follow-up,NaN,NaN,NaN,0.907692307692308,0.927089648858792,0.916666666666667,0.93066897259368,1,47887751.6153044,1353.12503608875,1,0.382407,1.837310
COIL20,20260619,GOCNMF,COIL20_Obj.mat,1440,1024,20,140,3,0,10,original-GOCNMF-setting,0,0.0472791638954745,0.0109606747137336,0.911538461538462,0.921622974585504,0.920138888888889,0.926085462931338,1,34748813.4057385,985.434330241786,1,0.382407,0.486301
COIL20,20260619,CGC-GOCNMF,COIL20_Obj.mat,1440,1024,20,140,3,0,10,out-of-fold-conservative-calibration,0.768171139025098,0.0472791638954745,0.0109606747137336,0.94,0.949790439602971,0.945833333333333,0.952671223732535,1,34748793.232088,959.910375640775,1,0.382407,0.484604
COIL20,20260620,GNMFLD,COIL20_Obj.mat,1440,1024,20,140,5,10000,10,published-follow-up,NaN,NaN,NaN,0.890769230769231,0.911224011988721,0.901388888888889,0.915488541569196,1,47551421.9550967,1342.08749757183,1,0.382407,1.927545
COIL20,20260620,GOCNMF,COIL20_Obj.mat,1440,1024,20,140,3,0,10,original-GOCNMF-setting,0,0.0313567004571821,0.0100365569669491,0.916923076923077,0.925204066330471,0.925,0.929495807283157,1,34285822.628407,897.606121086387,1,0.382407,0.529398
COIL20,20260620,CGC-GOCNMF,COIL20_Obj.mat,1440,1024,20,140,3,0,10,out-of-fold-conservative-calibration,0.679923052469945,0.0313567004571821,0.0100365569669491,0.929230769230769,0.938219508370305,0.936111111111111,0.941693278991524,1,34285678.6880151,905.550785754549,1,0.382407,0.512846
COIL20,20260621,GNMFLD,COIL20_Obj.mat,1440,1024,20,140,5,10000,10,published-follow-up,NaN,NaN,NaN,0.888461538461538,0.912470535825531,0.899305555555556,0.916722377527969,1,47966639.1571412,1229.96383470322,1,0.382407,2.401437
COIL20,20260621,GOCNMF,COIL20_Obj.mat,1440,1024,20,140,3,0,10,original-GOCNMF-setting,0,0.0305569339711121,0.00600502911787811,0.906923076923077,0.924577835735833,0.915972222222222,0.928567310406198,1,34787308.0861437,892.219447767232,1,0.382407,0.574762
COIL20,20260621,CGC-GOCNMF,COIL20_Obj.mat,1440,1024,20,140,3,0,10,out-of-fold-conservative-calibration,0.803480639662502,0.0305569339711121,0.00600502911787811,0.934615384615385,0.945472664017429,0.940972222222222,0.948488619523396,1,34787841.3331814,896.418908256729,1,0.382407,0.518746
COIL20,20260622,GNMFLD,COIL20_Obj.mat,1440,1024,20,140,5,10000,10,published-follow-up,NaN,NaN,NaN,0.883076923076923,0.911903504219049,0.894444444444444,0.915672530682031,1,47176641.2578912,1207.39599148388,1,0.382407,1.870988
COIL20,20260622,GOCNMF,COIL20_Obj.mat,1440,1024,20,140,3,0,10,original-GOCNMF-setting,0,0.035399445140973,0.00612018278582832,0.919230769230769,0.937800996182713,0.927083333333333,0.940959992583741,1,34323745.8684878,891.252537750493,1,0.382407,0.491133
COIL20,20260622,CGC-GOCNMF,COIL20_Obj.mat,1440,1024,20,140,3,0,10,out-of-fold-conservative-calibration,0.827110770763338,0.035399445140973,0.00612018278582832,0.930769230769231,0.943405307942256,0.9375,0.946541250331065,1,34324302.0865382,893.227729569614,1,0.382407,0.453511
COIL20,20260623,GNMFLD,COIL20_Obj.mat,1440,1024,20,140,5,10000,10,published-follow-up,NaN,NaN,NaN,0.894615384615385,0.922310215024608,0.904861111111111,0.92589040944535,1,47393625.9027162,1404.2442105208,1,0.382407,1.869751
COIL20,20260623,GOCNMF,COIL20_Obj.mat,1440,1024,20,140,3,0,10,original-GOCNMF-setting,0,0.0693875856438423,0.0129214713735655,0.924615384615385,0.936349790291164,0.931944444444444,0.939938942541756,1,34557267.9205818,1050.86286663671,1,0.382407,0.515246
COIL20,20260623,CGC-GOCNMF,COIL20_Obj.mat,1440,1024,20,140,3,0,10,out-of-fold-conservative-calibration,0.813778340121391,0.0693875856438423,0.0129214713735655,0.946153846153846,0.955485376220243,0.951388888888889,0.958072446962389,1,34557239.484496,993.858042439115,1,0.382407,0.470665
COIL20,20260624,GNMFLD,COIL20_Obj.mat,1440,1024,20,140,5,10000,10,published-follow-up,NaN,NaN,NaN,0.896923076923077,0.919824239142774,0.906944444444444,0.92352256403368,1,47779529.693645,1358.84251218097,1,0.382407,1.829203
COIL20,20260624,GOCNMF,COIL20_Obj.mat,1440,1024,20,140,3,0,10,original-GOCNMF-setting,0,0.0476498754140486,0.00576874265224848,0.932307692307692,0.944081779501172,0.938888888888889,0.947197221316058,1,34759773.2412112,1060.62078349456,1,0.382407,0.488555
COIL20,20260624,CGC-GOCNMF,COIL20_Obj.mat,1440,1024,20,140,3,0,10,out-of-fold-conservative-calibration,0.878934779952275,0.0476498754140486,0.00576874265224848,0.957692307692308,0.96354675568388,0.961805555555556,0.965712412220195,1,34759672.4574477,998.102042302983,1,0.382407,0.475925
COIL20,20260625,GNMFLD,COIL20_Obj.mat,1440,1024,20,140,5,10000,10,published-follow-up,NaN,NaN,NaN,0.876153846153846,0.910554463786848,0.888194444444444,0.914250998068871,1,46998290.2006209,1103.16564366763,1,0.382407,1.871205
COIL20,20260625,GOCNMF,COIL20_Obj.mat,1440,1024,20,140,3,0,10,original-GOCNMF-setting,0,0.0275813287886198,0.00991605061806998,0.89,0.92849280307282,0.900694444444444,0.930959078166089,1,34203898.3714803,734.689615193432,1,0.382407,0.496333
COIL20,20260625,CGC-GOCNMF,COIL20_Obj.mat,1440,1024,20,140,3,0,10,out-of-fold-conservative-calibration,0.640479590593134,0.0275813287886198,0.00991605061806998,0.91,0.943349842097926,0.91875,0.945244737551089,1,34203629.8534836,750.353304270979,1,0.382407,0.487138
COIL20,20260626,GNMFLD,COIL20_Obj.mat,1440,1024,20,140,5,10000,10,published-follow-up,NaN,NaN,NaN,0.875384615384615,0.908806536288019,0.8875,0.912697561285995,1,47181946.4231015,1157.0210696917,1,0.382407,1.837023
COIL20,20260626,GOCNMF,COIL20_Obj.mat,1440,1024,20,140,3,0,10,original-GOCNMF-setting,0,0.0348114384731205,0.0134529263801512,0.917692307692308,0.932901345989081,0.925694444444444,0.936588104572875,1,34200635.4347586,1007.84091623977,1,0.382407,0.508976
COIL20,20260626,CGC-GOCNMF,COIL20_Obj.mat,1440,1024,20,140,3,0,10,out-of-fold-conservative-calibration,0.613548679106184,0.0348114384731205,0.0134529263801512,0.930769230769231,0.941673768042741,0.9375,0.945013001558312,1,34200516.5866541,993.078630802168,1,0.382407,0.487261
COIL20,20260627,GNMFLD,COIL20_Obj.mat,1440,1024,20,140,5,10000,10,published-follow-up,NaN,NaN,NaN,0.883076923076923,0.909779883690629,0.894444444444444,0.914060658474198,1,47351312.61565,1294.51225501719,1,0.382407,1.850156
COIL20,20260627,GOCNMF,COIL20_Obj.mat,1440,1024,20,140,3,0,10,original-GOCNMF-setting,0,0.035348550366314,0.00461204686712199,0.91,0.925621316443681,0.91875,0.929711351308413,1,34090606.8764533,978.107824649303,1,0.382407,0.512765
COIL20,20260627,CGC-GOCNMF,COIL20_Obj.mat,1440,1024,20,140,3,0,10,out-of-fold-conservative-calibration,0.869526562777603,0.035348550366314,0.00461204686712199,0.942307692307692,0.954574508558274,0.947916666666667,0.957176828433272,1,34090879.8453156,938.783915828968,1,0.382407,0.514732
COIL20,20260628,GNMFLD,COIL20_Obj.mat,1440,1024,20,140,5,10000,10,published-follow-up,NaN,NaN,NaN,0.89,0.918820337719045,0.900694444444444,0.922017291969649,1,47132646.5115227,1155.74253189361,1,0.382407,1.858181
COIL20,20260628,GOCNMF,COIL20_Obj.mat,1440,1024,20,140,3,0,10,original-GOCNMF-setting,0,0.0360697201387192,0.00883801586790556,0.924615384615385,0.932985476592797,0.931944444444444,0.936715825549032,1,34384958.3877582,889.081299959239,1,0.382407,0.547698
COIL20,20260628,CGC-GOCNMF,COIL20_Obj.mat,1440,1024,20,140,3,0,10,out-of-fold-conservative-calibration,0.754974093674257,0.0360697201387192,0.00883801586790556,0.94,0.945014609315447,0.945833333333333,0.948167254411309,1,34384947.0370534,890.408624988997,1,0.382407,0.492843
COIL20,20260629,GNMFLD,COIL20_Obj.mat,1440,1024,20,140,5,10000,10,published-follow-up,NaN,NaN,NaN,0.888461538461538,0.908103761271943,0.899305555555556,0.912597425271295,1,47831160.5658332,1222.76194749411,1,0.382407,1.881551
COIL20,20260629,GOCNMF,COIL20_Obj.mat,1440,1024,20,140,3,0,10,original-GOCNMF-setting,0,0.037109219361481,0.00544013142892196,0.933846153846154,0.946169460061596,0.940277777777778,0.94895821252079,1,34863854.8946984,865.419123930893,1,0.382407,0.490511
COIL20,20260629,CGC-GOCNMF,COIL20_Obj.mat,1440,1024,20,140,3,0,10,out-of-fold-conservative-calibration,0.853402159287437,0.037109219361481,0.00544013142892196,0.953076923076923,0.954088112615741,0.957638888888889,0.956924663372292,1,34864374.7831604,864.007556399978,1,0.382407,0.454730
COIL20,20260630,GNMFLD,COIL20_Obj.mat,1440,1024,20,140,5,10000,10,published-follow-up,NaN,NaN,NaN,0.882307692307692,0.913241636060108,0.89375,0.916581071914386,1,47127374.1648923,1275.77755566788,1,0.382407,1.882848
COIL20,20260630,GOCNMF,COIL20_Obj.mat,1440,1024,20,140,3,0,10,original-GOCNMF-setting,0,0.0628155150945732,0.0172334122639646,0.921538461538462,0.941687122500457,0.929166666666667,0.944410843487993,1,34368790.9779939,1007.76257541281,1,0.382407,0.499759
COIL20,20260630,CGC-GOCNMF,COIL20_Obj.mat,1440,1024,20,140,3,0,10,out-of-fold-conservative-calibration,0.725650386882628,0.0628155150945732,0.0172334122639646,0.943846153846154,0.959068094075013,0.949305555555556,0.960992255116382,1,34368867.7937246,992.884942030059,1,0.382407,0.471781
COIL20,20260631,GNMFLD,COIL20_Obj.mat,1440,1024,20,140,5,10000,10,published-follow-up,NaN,NaN,NaN,0.900769230769231,0.921333869709686,0.910416666666667,0.92520204599725,1,47376015.4570295,1270.28959607103,1,0.382407,1.816969
COIL20,20260631,GOCNMF,COIL20_Obj.mat,1440,1024,20,140,3,0,10,original-GOCNMF-setting,0,0.0352201373352633,0.00605161522416878,0.922307692307692,0.935956629417208,0.929861111111111,0.939537259109022,1,34255285.5662354,956.987122044312,1,0.382407,0.494668
COIL20,20260631,CGC-GOCNMF,COIL20_Obj.mat,1440,1024,20,140,3,0,10,out-of-fold-conservative-calibration,0.828177409799315,0.0352201373352633,0.00605161522416878,0.942307692307692,0.949028316752008,0.947916666666667,0.952064473646063,1,34255328.7940881,944.72684349001,1,0.382407,0.501962
COIL20,20260632,GNMFLD,COIL20_Obj.mat,1440,1024,20,140,5,10000,10,published-follow-up,NaN,NaN,NaN,0.871538461538461,0.90739938444396,0.884027777777778,0.910887099300686,1,47983837.3904253,1336.69759807146,1,0.382407,1.853601
COIL20,20260632,GOCNMF,COIL20_Obj.mat,1440,1024,20,140,3,0,10,original-GOCNMF-setting,0,0.0487248761970637,0.0109949777400311,0.910769230769231,0.93988598663805,0.919444444444444,0.942587716651095,1,34939449.3751227,1107.71423181474,1,0.382407,0.499307
COIL20,20260632,CGC-GOCNMF,COIL20_Obj.mat,1440,1024,20,140,3,0,10,out-of-fold-conservative-calibration,0.774345701863607,0.0487248761970637,0.0109949777400311,0.919230769230769,0.939237831931265,0.927083333333333,0.942418597174386,1,34939739.172735,1042.85765414252,1,0.382407,0.487954
COIL20,20260633,GNMFLD,COIL20_Obj.mat,1440,1024,20,140,5,10000,10,published-follow-up,NaN,NaN,NaN,0.88,0.911486182852105,0.891666666666667,0.914899851642149,1,47388294.8076942,1305.22053861193,1,0.382407,1.834591
COIL20,20260633,GOCNMF,COIL20_Obj.mat,1440,1024,20,140,3,0,10,original-GOCNMF-setting,0,0.0391088818433108,0.00641337476141835,0.911538461538462,0.927819112984366,0.920138888888889,0.931549081131781,1,34439365.6157273,1040.19259855955,1,0.382407,0.518315
COIL20,20260633,CGC-GOCNMF,COIL20_Obj.mat,1440,1024,20,140,3,0,10,out-of-fold-conservative-calibration,0.836012321008986,0.0391088818433108,0.00641337476141835,0.933846153846154,0.941449290496739,0.940277777777778,0.944798506712379,1,34439566.3629837,1011.99048361419,1,0.382407,0.483463
COIL20,20260634,GNMFLD,COIL20_Obj.mat,1440,1024,20,140,5,10000,10,published-follow-up,NaN,NaN,NaN,0.875384615384615,0.897467213269119,0.8875,0.902244739564615,1,46982606.3976496,1208.00102529334,1,0.382407,1.817710
COIL20,20260634,GOCNMF,COIL20_Obj.mat,1440,1024,20,140,3,0,10,original-GOCNMF-setting,0,0.0312116810855266,0.00730686096198582,0.912307692307692,0.921642587517332,0.920833333333333,0.925946550863889,1,34020669.5494041,1013.59593438445,1,0.382407,0.503638
COIL20,20260634,CGC-GOCNMF,COIL20_Obj.mat,1440,1024,20,140,3,0,10,out-of-fold-conservative-calibration,0.765893386454787,0.0312116810855266,0.00730686096198582,0.942307692307692,0.943434427752669,0.947916666666667,0.946902940515638,1,34020909.3200097,1011.38759090951,1,0.382407,0.468390
COIL20,20260635,GNMFLD,COIL20_Obj.mat,1440,1024,20,140,5,10000,10,published-follow-up,NaN,NaN,NaN,0.883076923076923,0.916077612267264,0.894444444444444,0.919299939158048,1,46644443.4627796,1324.90503106337,1,0.382407,1.820406
COIL20,20260635,GOCNMF,COIL20_Obj.mat,1440,1024,20,140,3,0,10,original-GOCNMF-setting,0,0.0684706969380075,0.0133652621660429,0.906923076923077,0.936714637548882,0.915972222222222,0.939324816014189,1,33830115.7637851,999.870109552035,1,0.382407,0.501656
COIL20,20260635,CGC-GOCNMF,COIL20_Obj.mat,1440,1024,20,140,3,0,10,out-of-fold-conservative-calibration,0.80480318203649,0.0684706969380075,0.0133652621660429,0.943076923076923,0.953922909632434,0.948611111111111,0.956501223055188,1,33829983.3970075,960.151481456791,1,0.382407,0.458070
COIL20,20260636,GNMFLD,COIL20_Obj.mat,1440,1024,20,140,5,10000,10,published-follow-up,NaN,NaN,NaN,0.901538461538462,0.921859845708555,0.911111111111111,0.925723390393676,1,48029550.8696314,1231.98589060876,1,0.382407,1.855636
COIL20,20260636,GOCNMF,COIL20_Obj.mat,1440,1024,20,140,3,0,10,original-GOCNMF-setting,0,0.0581395564516372,0.0134848623786983,0.909230769230769,0.930142501708751,0.918055555555556,0.9337521899141,1,34822600.5329439,878.47312897612,1,0.382407,0.504558
COIL20,20260636,CGC-GOCNMF,COIL20_Obj.mat,1440,1024,20,140,3,0,10,out-of-fold-conservative-calibration,0.768060453128576,0.0581395564516372,0.0134848623786983,0.923076923076923,0.942204998234612,0.930555555555556,0.9451073119138,1,34823011.177945,887.694850911497,1,0.382407,0.471043
COIL100,20260617,GNMFLD,COIL100_Obj.mat,7200,1024,100,700,5,10000,10,domain-transfer-from-COIL20,NaN,NaN,NaN,0.822923076923077,0.896185538823303,0.840138888888889,0.901646498401235,1,4864041907.02545,8943.12084766594,1,17.459026,29.404893
COIL100,20260617,GOCNMF,COIL100_Obj.mat,7200,1024,100,700,3,0,10,original-GOCNMF-setting,0,0.0489348351706242,0.00384596419987661,0.854153846153846,0.913453612695297,0.868333333333333,0.91826196758914,1,4178923613.46135,13097.336470304,1,17.459026,7.090736
COIL100,20260617,CGC-GOCNMF,COIL100_Obj.mat,7200,1024,100,700,3,0,10,out-of-fold-conservative-calibration,0.921406413519803,0.0489348351706242,0.00384596419987661,0.879538461538461,0.931473580217045,0.89125,0.93520338098366,1,4178925230.89345,13489.4652422774,1,17.459026,7.107219
COIL100,20260618,GNMFLD,COIL100_Obj.mat,7200,1024,100,700,5,10000,10,domain-transfer-from-COIL20,NaN,NaN,NaN,0.815230769230769,0.894058209663905,0.833194444444444,0.899576701623302,1,4888900953.96161,8963.44452753223,1,17.459026,29.715104
COIL100,20260618,GOCNMF,COIL100_Obj.mat,7200,1024,100,700,3,0,10,original-GOCNMF-setting,0,0.0571333998557276,0.00540500446312356,0.854769230769231,0.916285449006121,0.868888888888889,0.920808627903418,1,4205934625.07971,12615.8468549987,1,17.459026,7.094353
COIL100,20260618,CGC-GOCNMF,COIL100_Obj.mat,7200,1024,100,700,3,0,10,out-of-fold-conservative-calibration,0.905396764821064,0.0571333998557276,0.00540500446312356,0.876461538461539,0.931311664078407,0.888472222222222,0.934976916694181,1,4205935343.81708,13189.4974351763,1,17.459026,7.105180
COIL100,20260619,GNMFLD,COIL100_Obj.mat,7200,1024,100,700,5,10000,10,domain-transfer-from-COIL20,NaN,NaN,NaN,0.813076923076923,0.892916649352118,0.83125,0.898471782209554,1,4861043511.41156,9134.29298291842,1,17.459026,29.930969
COIL100,20260619,GOCNMF,COIL100_Obj.mat,7200,1024,100,700,3,0,10,original-GOCNMF-setting,0,0.0556218151195759,0.0049506315279329,0.856615384615385,0.914039073686879,0.870555555555556,0.918913158169403,1,4177209938.74487,13490.6081984001,1,17.459026,7.271782
COIL100,20260619,CGC-GOCNMF,COIL100_Obj.mat,7200,1024,100,700,3,0,10,out-of-fold-conservative-calibration,0.910994786536721,0.0556218151195759,0.0049506315279329,0.884923076923077,0.931971270671934,0.896111111111111,0.935806800787552,1,4177215637.48676,13950.0166536092,1,17.459026,7.378624
COIL100,20260620,GNMFLD,COIL100_Obj.mat,7200,1024,100,700,5,10000,10,domain-transfer-from-COIL20,NaN,NaN,NaN,0.816769230769231,0.892631792961229,0.834583333333333,0.898116156016732,1,4868888281.47341,9079.70129374806,1,17.459026,29.366999
COIL100,20260620,GOCNMF,COIL100_Obj.mat,7200,1024,100,700,3,0,10,original-GOCNMF-setting,0,0.0595317280595663,0.0039610322350815,0.840615384615385,0.905698945610079,0.856111111111111,0.910863074662385,1,4184758000.80786,12973.6016011192,1,17.459026,7.072650
COIL100,20260620,CGC-GOCNMF,COIL100_Obj.mat,7200,1024,100,700,3,0,10,out-of-fold-conservative-calibration,0.933463509893108,0.0595317280595663,0.0039610322350815,0.872153846153846,0.925602440307851,0.884583333333333,0.929632370705641,1,4184759150.80616,13315.8698463716,1,17.459026,7.135089
COIL100,20260621,GNMFLD,COIL100_Obj.mat,7200,1024,100,700,5,10000,10,domain-transfer-from-COIL20,NaN,NaN,NaN,0.818153846153846,0.896178056448972,0.835833333333333,0.901614531920002,1,4878573434.21514,9697.58328978313,1,17.459026,29.473795
COIL100,20260621,GOCNMF,COIL100_Obj.mat,7200,1024,100,700,3,0,10,original-GOCNMF-setting,0,0.0681794856248281,0.00468650437347044,0.853384615384615,0.915331456570326,0.867638888888889,0.919975248237098,1,4193096873.42322,13466.1686917217,1,17.459026,7.037755
COIL100,20260621,CGC-GOCNMF,COIL100_Obj.mat,7200,1024,100,700,3,0,10,out-of-fold-conservative-calibration,0.931262250946584,0.0681794856248281,0.00468650437347044,0.882769230769231,0.933448579754838,0.894166666666667,0.937049859405355,1,4193095908.76808,13742.2132138607,1,17.459026,7.068837
COIL100,20260622,GNMFLD,COIL100_Obj.mat,7200,1024,100,700,5,10000,10,domain-transfer-from-COIL20,NaN,NaN,NaN,0.817538461538462,0.8950713407804,0.835277777777778,0.900367371327476,1,4869196658.80552,9101.11063001187,1,17.459026,30.479763
COIL100,20260622,GOCNMF,COIL100_Obj.mat,7200,1024,100,700,3,0,10,original-GOCNMF-setting,0,0.060188631374984,0.00585681407765589,0.857384615384615,0.916172249085074,0.87125,0.920693505274457,1,4183993685.31091,13515.9093826306,1,17.459026,8.268824
COIL100,20260622,CGC-GOCNMF,COIL100_Obj.mat,7200,1024,100,700,3,0,10,out-of-fold-conservative-calibration,0.902692353292317,0.060188631374984,0.00585681407765589,0.884,0.933788777259685,0.895277777777778,0.937293725675105,1,4183998554.70116,13698.5562308583,1,17.459026,8.248580
COIL100,20260623,GNMFLD,COIL100_Obj.mat,7200,1024,100,700,5,10000,10,domain-transfer-from-COIL20,NaN,NaN,NaN,0.817846153846154,0.892298418834283,0.835555555555556,0.898053923863285,1,4888340683.82801,9415.11172878185,1,17.459026,33.872561
COIL100,20260623,GOCNMF,COIL100_Obj.mat,7200,1024,100,700,3,0,10,original-GOCNMF-setting,0,0.0565372377890578,0.00271872040416344,0.854,0.910808588320829,0.868194444444444,0.915915715615328,1,4199396187.30971,13814.16617766,1,17.459026,7.292485
COIL100,20260623,CGC-GOCNMF,COIL100_Obj.mat,7200,1024,100,700,3,0,10,out-of-fold-conservative-calibration,0.951912747943098,0.0565372377890578,0.00271872040416344,0.879538461538461,0.927467041148116,0.89125,0.931629535505794,1,4199398612.1598,13972.4764328354,1,17.459026,7.335804
COIL100,20260624,GNMFLD,COIL100_Obj.mat,7200,1024,100,700,5,10000,10,domain-transfer-from-COIL20,NaN,NaN,NaN,0.810153846153846,0.893024615111477,0.828611111111111,0.898395518721705,1,4869096106.46642,9379.91524342151,1,17.459026,29.914512
COIL100,20260624,GOCNMF,COIL100_Obj.mat,7200,1024,100,700,3,0,10,original-GOCNMF-setting,0,0.0628269095578197,0.00668672845166235,0.849846153846154,0.91234149608505,0.864444444444444,0.917172095254413,1,4185297853.31186,13327.3544851066,1,17.459026,7.181972
COIL100,20260624,CGC-GOCNMF,COIL100_Obj.mat,7200,1024,100,700,3,0,10,out-of-fold-conservative-calibration,0.89356903755534,0.0628269095578197,0.00668672845166235,0.876,0.929744023832179,0.888055555555556,0.933522001146647,1,4185295345.36856,13545.0274673712,1,17.459026,7.335442
COIL100,20260625,GNMFLD,COIL100_Obj.mat,7200,1024,100,700,5,10000,10,domain-transfer-from-COIL20,NaN,NaN,NaN,0.822307692307692,0.900000090437126,0.839583333333333,0.905062901647806,1,4838436047.71219,9226.16164249586,1,17.459026,31.003870
COIL100,20260625,GOCNMF,COIL100_Obj.mat,7200,1024,100,700,3,0,10,original-GOCNMF-setting,0,0.0490923170909304,0.0028009528156514,0.852153846153846,0.912868628850226,0.866527777777778,0.917650529534121,1,4158382292.0214,13178.3368601173,1,17.459026,7.416400
COIL100,20260625,CGC-GOCNMF,COIL100_Obj.mat,7200,1024,100,700,3,0,10,out-of-fold-conservative-calibration,0.942945190171746,0.0490923170909304,0.0028009528156514,0.878461538461539,0.931913808038691,0.890277777777778,0.935498600498797,1,4158384956.36567,13356.1578947937,1,17.459026,7.385448
COIL100,20260626,GNMFLD,COIL100_Obj.mat,7200,1024,100,700,5,10000,10,domain-transfer-from-COIL20,NaN,NaN,NaN,0.809692307692308,0.893904395082716,0.828194444444444,0.899076120317195,1,4883559659.49319,9409.42419170157,1,17.459026,30.614042
COIL100,20260626,GOCNMF,COIL100_Obj.mat,7200,1024,100,700,3,0,10,original-GOCNMF-setting,0,0.0552680067405467,0.00576272400243554,0.841384615384615,0.90834935189811,0.856805555555556,0.913215702195778,1,4200183030.83115,13629.283390297,1,17.459026,7.291698
COIL100,20260626,CGC-GOCNMF,COIL100_Obj.mat,7200,1024,100,700,3,0,10,out-of-fold-conservative-calibration,0.895731285742068,0.0552680067405467,0.00576272400243554,0.869846153846154,0.928543143081819,0.8825,0.932213284890356,1,4200182625.27734,14065.7586355178,1,17.459026,7.499554
COIL100,20260627,GNMFLD,COIL100_Obj.mat,7200,1024,100,700,5,10000,10,domain-transfer-from-COIL20,NaN,NaN,NaN,0.823076923076923,0.89735343846883,0.840277777777778,0.902707693585087,1,4866357477.27096,9047.98199815501,1,17.459026,29.989113
COIL100,20260627,GOCNMF,COIL100_Obj.mat,7200,1024,100,700,3,0,10,original-GOCNMF-setting,0,0.056207006484493,0.00154879993236039,0.846923076923077,0.910942135739196,0.861805555555556,0.915777247777877,1,4180401915.04667,13028.6579266169,1,17.459026,7.334225
COIL100,20260627,CGC-GOCNMF,COIL100_Obj.mat,7200,1024,100,700,3,0,10,out-of-fold-conservative-calibration,0.97244471767434,0.056207006484493,0.00154879993236039,0.874,0.928171747804599,0.88625,0.932020361312291,1,4180404127.32247,13252.9177324743,1,17.459026,7.319690
COIL100,20260628,GNMFLD,COIL100_Obj.mat,7200,1024,100,700,5,10000,10,domain-transfer-from-COIL20,NaN,NaN,NaN,0.828307692307692,0.89694964506883,0.845,0.902518326548787,1,4873652637.86547,9254.28628041471,1,17.459026,30.122604
COIL100,20260628,GOCNMF,COIL100_Obj.mat,7200,1024,100,700,3,0,10,original-GOCNMF-setting,0,0.063720345792856,0.00755795864188294,0.860769230769231,0.916995912297831,0.874305555555556,0.921693600665514,1,4187260309.02936,12970.6220975039,1,17.459026,7.214848
COIL100,20260628,CGC-GOCNMF,COIL100_Obj.mat,7200,1024,100,700,3,0,10,out-of-fold-conservative-calibration,0.881388612258123,0.063720345792856,0.00755795864188294,0.885692307692308,0.934222581523551,0.896805555555556,0.937893970354801,1,4187266557.88405,13202.1683860447,1,17.459026,7.304480
COIL100,20260629,GNMFLD,COIL100_Obj.mat,7200,1024,100,700,5,10000,10,domain-transfer-from-COIL20,NaN,NaN,NaN,0.822461538461538,0.896201498951681,0.839722222222222,0.901638544498678,1,4881902119.5272,9137.92889257439,1,17.459026,29.928147
COIL100,20260629,GOCNMF,COIL100_Obj.mat,7200,1024,100,700,3,0,10,original-GOCNMF-setting,0,0.0596186104204235,0.00610987150662175,0.858153846153846,0.919560623707582,0.871944444444444,0.923784614559123,1,4191709725.81205,12999.3605250842,1,17.459026,7.550575
COIL100,20260629,CGC-GOCNMF,COIL100_Obj.mat,7200,1024,100,700,3,0,10,out-of-fold-conservative-calibration,0.897517378155317,0.0596186104204235,0.00610987150662175,0.880923076923077,0.936266180238755,0.8925,0.939447993892263,1,4191713534.15551,13482.1101315898,1,17.459026,7.454520
COIL100,20260630,GNMFLD,COIL100_Obj.mat,7200,1024,100,700,5,10000,10,domain-transfer-from-COIL20,NaN,NaN,NaN,0.813076923076923,0.890542672928732,0.83125,0.896290491100067,1,4860788350.31615,9383.39617642563,1,17.459026,34.151481
COIL100,20260630,GOCNMF,COIL100_Obj.mat,7200,1024,100,700,3,0,10,original-GOCNMF-setting,0,0.0566651214228293,0.00690569756477237,0.850461538461538,0.911569852480818,0.865,0.916388374698903,1,4177978137.75248,13571.1807908828,1,17.459026,10.654382
COIL100,20260630,CGC-GOCNMF,COIL100_Obj.mat,7200,1024,100,700,3,0,10,out-of-fold-conservative-calibration,0.87813142562172,0.0566651214228293,0.00690569756477237,0.876307692307692,0.929755670742563,0.888333333333333,0.933516025767806,1,4177983313.11499,13737.6963350556,1,17.459026,10.329854
COIL100,20260631,GNMFLD,COIL100_Obj.mat,7200,1024,100,700,5,10000,10,domain-transfer-from-COIL20,NaN,NaN,NaN,0.818307692307692,0.896061253408551,0.835972222222222,0.901294895100252,1,4848545673.73078,9015.30925452622,1,17.459026,42.509981
COIL100,20260631,GOCNMF,COIL100_Obj.mat,7200,1024,100,700,3,0,10,original-GOCNMF-setting,0,0.0467194632591746,0.00888974896617534,0.850461538461538,0.915136604609634,0.865,0.91955642174214,1,4166045521.30856,12861.0343133856,1,17.459026,10.253311
COIL100,20260631,CGC-GOCNMF,COIL100_Obj.mat,7200,1024,100,700,3,0,10,out-of-fold-conservative-calibration,0.809720652892355,0.0467194632591746,0.00888974896617534,0.872769230769231,0.929169007751312,0.885138888888889,0.932768343566202,1,4166049283.26158,13224.5710614093,1,17.459026,10.269350
COIL100,20260632,GNMFLD,COIL100_Obj.mat,7200,1024,100,700,5,10000,10,domain-transfer-from-COIL20,NaN,NaN,NaN,0.806,0.892041826836962,0.824861111111111,0.897293250516171,1,4892237281.81618,9338.61968555751,1,17.459026,42.402547
COIL100,20260632,GOCNMF,COIL100_Obj.mat,7200,1024,100,700,3,0,10,original-GOCNMF-setting,0,0.0674177402203152,0.0101937825472127,0.848,0.91358621759429,0.862777777777778,0.918162497143779,1,4205766615.25842,13647.1233938023,1,17.459026,10.222307
COIL100,20260632,CGC-GOCNMF,COIL100_Obj.mat,7200,1024,100,700,3,0,10,out-of-fold-conservative-calibration,0.848796733413189,0.0674177402203152,0.0101937825472127,0.871692307692308,0.926924044612976,0.884166666666667,0.930881928382489,1,4205765528.84442,13895.0119757119,1,17.459026,10.274875
COIL100,20260633,GNMFLD,COIL100_Obj.mat,7200,1024,100,700,5,10000,10,domain-transfer-from-COIL20,NaN,NaN,NaN,0.818307692307692,0.897830212596294,0.835972222222222,0.90278999580145,1,4859295677.52939,8906.0800089449,1,17.459026,42.818036
COIL100,20260633,GOCNMF,COIL100_Obj.mat,7200,1024,100,700,3,0,10,original-GOCNMF-setting,0,0.0509316378661982,0.00408902859156737,0.850153846153846,0.91572573562665,0.864722222222222,0.920088087634755,1,4174119382.77351,13582.8647507879,1,17.459026,10.260085
COIL100,20260633,CGC-GOCNMF,COIL100_Obj.mat,7200,1024,100,700,3,0,10,out-of-fold-conservative-calibration,0.919715352521951,0.0509316378661982,0.00408902859156737,0.874153846153846,0.932119125026004,0.886388888888889,0.935538432738978,1,4174120219.89504,13824.277049331,1,17.459026,10.232211
COIL100,20260634,GNMFLD,COIL100_Obj.mat,7200,1024,100,700,5,10000,10,domain-transfer-from-COIL20,NaN,NaN,NaN,0.816,0.895230848041024,0.833888888888889,0.900636012510972,1,4835649126.88723,9265.79619649525,1,17.459026,37.190740
COIL100,20260634,GOCNMF,COIL100_Obj.mat,7200,1024,100,700,3,0,10,original-GOCNMF-setting,0,0.0556029143901389,0.00751432958614311,0.844769230769231,0.911386226597021,0.859861111111111,0.916170073305452,1,4152987864.95789,13309.4778676695,1,17.459026,7.795425
COIL100,20260634,CGC-GOCNMF,COIL100_Obj.mat,7200,1024,100,700,3,0,10,out-of-fold-conservative-calibration,0.86485727108801,0.0556029143901389,0.00751432958614311,0.872923076923077,0.927955196130664,0.885277777777778,0.931827758830107,1,4152984263.13941,13718.4331933237,1,17.459026,7.547264
COIL100,20260635,GNMFLD,COIL100_Obj.mat,7200,1024,100,700,5,10000,10,domain-transfer-from-COIL20,NaN,NaN,NaN,0.796461538461538,0.888711292195589,0.81625,0.89412276387928,1,4824774754.42917,8954.34122856076,1,17.459026,31.736827
COIL100,20260635,GOCNMF,COIL100_Obj.mat,7200,1024,100,700,3,0,10,original-GOCNMF-setting,0,0.0491723620323449,0.00673861935488612,0.830307692307692,0.90314860016702,0.846805555555556,0.908406378404604,1,4145688114.00095,13560.3318025472,1,17.459026,8.088702
COIL100,20260635,CGC-GOCNMF,COIL100_Obj.mat,7200,1024,100,700,3,0,10,out-of-fold-conservative-calibration,0.862959209678527,0.0491723620323449,0.00673861935488612,0.854923076923077,0.918041604531262,0.869027777777778,0.922476400627404,1,4145687009.12547,13922.1889585814,1,17.459026,7.730797
COIL100,20260636,GNMFLD,COIL100_Obj.mat,7200,1024,100,700,5,10000,10,domain-transfer-from-COIL20,NaN,NaN,NaN,0.816307692307692,0.897962123527216,0.834166666666667,0.903030253632466,1,4881677163.56063,9469.04695652807,1,17.459026,32.259254
COIL100,20260636,GOCNMF,COIL100_Obj.mat,7200,1024,100,700,3,0,10,original-GOCNMF-setting,0,0.0678516643795884,0.003860650130632,0.849384615384615,0.913383499555546,0.864027777777778,0.917949610520373,1,4200623324.37566,13429.4415530241,1,17.459026,7.406219
COIL100,20260636,CGC-GOCNMF,COIL100_Obj.mat,7200,1024,100,700,3,0,10,out-of-fold-conservative-calibration,0.943101614883991,0.0678516643795884,0.003860650130632,0.872,0.929410149425419,0.884444444444444,0.933051220718472,1,4200623800.56604,13684.279983189,1,17.459026,7.716558
Optdigits,20260617,GNMFLD,Optdigits_Han.mat,5620,64,10,557,5,100000,10,domain-transfer-from-MNIST,NaN,NaN,NaN,0.983606557377049,0.95800855381687,0.985231316725979,0.961493754185625,1,182801281.494429,3691.2634782766,1,8.144132,0.534006
Optdigits,20260617,GOCNMF,Optdigits_Han.mat,5620,64,10,557,4,0,10,original-GOCNMF-setting,0,0.0101810154126637,0.000529258969554882,0.983804068733952,0.958481127575565,0.985409252669039,0.961927799019779,1,2427403.478228,2866.75543450439,1,8.144132,0.130314
Optdigits,20260617,CGC-GOCNMF,Optdigits_Han.mat,5620,64,10,557,4,0,10,out-of-fold-conservative-calibration,0.948015109681834,0.0101810154126637,0.000529258969554882,0.985384159589176,0.962890013257037,0.986832740213523,0.965965284448777,1,2427641.80430628,2361.0669687418,1,8.144132,0.138652
Optdigits,20260618,GNMFLD,Optdigits_Han.mat,5620,64,10,557,5,100000,10,domain-transfer-from-MNIST,NaN,NaN,NaN,0.98498913687537,0.961167921731272,0.986476868327402,0.964398057486686,1,184524306.086019,3772.30219270913,1,8.144132,0.626347
Optdigits,20260618,GOCNMF,Optdigits_Han.mat,5620,64,10,557,4,0,10,original-GOCNMF-setting,0,0.00931325206732302,0.000881449472591439,0.984396602804661,0.959859905502319,0.985943060498221,0.963195351671363,1,2343747.88516342,2962.29034608004,1,8.144132,0.183469
Optdigits,20260618,CGC-GOCNMF,Optdigits_Han.mat,5620,64,10,557,4,0,10,out-of-fold-conservative-calibration,0.905355351039607,0.00931325206732302,0.000881449472591439,0.986766739087498,0.965770142229082,0.988078291814947,0.9686179618815,1,2344165.43763276,2473.07065610035,1,8.144132,0.139596
Optdigits,20260619,GNMFLD,Optdigits_Han.mat,5620,64,10,557,5,100000,10,domain-transfer-from-MNIST,NaN,NaN,NaN,0.986174205016788,0.963131766428405,0.987544483985765,0.966216303094323,1,189054631.612132,3930.35248076464,1,8.144132,0.616576
Optdigits,20260619,GOCNMF,Optdigits_Han.mat,5620,64,10,557,4,0,10,original-GOCNMF-setting,0,0.00748805933701092,0.00108374303545449,0.98301402330634,0.957764875984482,0.984697508896797,0.961250426437368,1,2322685.12295089,3136.18347960796,1,8.144132,0.124321
Optdigits,20260619,CGC-GOCNMF,Optdigits_Han.mat,5620,64,10,557,4,0,10,out-of-fold-conservative-calibration,0.855270506458473,0.00748805933701092,0.00108374303545449,0.985186648232273,0.963172843265581,0.986654804270463,0.966212497873126,1,2322949.04476647,2689.6016220563,1,8.144132,0.125916
Optdigits,20260620,GNMFLD,Optdigits_Han.mat,5620,64,10,557,5,100000,10,domain-transfer-from-MNIST,NaN,NaN,NaN,0.985384159589176,0.961668976210744,0.986832740213523,0.964865025090277,1,185839814.129987,4082.33452763568,1,8.144132,0.635296
Optdigits,20260620,GOCNMF,Optdigits_Han.mat,5620,64,10,557,4,0,10,original-GOCNMF-setting,0,0.0101886639848868,0.000861287463614176,0.984791625518467,0.960591672521629,0.986298932384342,0.963869005159466,1,2495090.08065112,3203.31783350161,1,8.144132,0.153209
Optdigits,20260620,CGC-GOCNMF,Optdigits_Han.mat,5620,64,10,557,4,0,10,out-of-fold-conservative-calibration,0.915466103809905,0.0101886639848868,0.000861287463614176,0.988741852656528,0.969959450876544,0.989857651245552,0.972473300398881,1,2495429.3697663,2655.25832347698,1,8.144132,0.125974
Optdigits,20260621,GNMFLD,Optdigits_Han.mat,5620,64,10,557,5,100000,10,domain-transfer-from-MNIST,NaN,NaN,NaN,0.982816511949437,0.957205694046449,0.984519572953737,0.960738110045756,1,189654653.685967,3898.15877441511,1,8.144132,0.540948
Optdigits,20260621,GOCNMF,Optdigits_Han.mat,5620,64,10,557,4,0,10,original-GOCNMF-setting,0,0.011066844243639,0.00210582228939682,0.982421489235631,0.956216150891114,0.984163701067616,0.959829287045524,1,2496198.02299453,3078.90286111319,1,8.144132,0.121905
Optdigits,20260621,CGC-GOCNMF,Optdigits_Han.mat,5620,64,10,557,4,0,10,out-of-fold-conservative-calibration,0.809717906655531,0.011066844243639,0.00210582228939682,0.984396602804661,0.960566385499546,0.985943060498221,0.963830466864882,1,2497083.93533862,2628.90913838191,1,8.144132,0.136337
Optdigits,20260622,GNMFLD,Optdigits_Han.mat,5620,64,10,557,5,100000,10,domain-transfer-from-MNIST,NaN,NaN,NaN,0.983409046020146,0.958635322213676,0.985053380782918,0.962050618285615,1,186811188.461197,3798.21454965862,1,8.144132,0.564688
Optdigits,20260622,GOCNMF,Optdigits_Han.mat,5620,64,10,557,4,0,10,original-GOCNMF-setting,0,0.00866743800536982,0.000938363056425189,0.983211534663243,0.958664485298291,0.984875444839858,0.962069539352684,1,2283691.37528764,2982.32423182812,1,8.144132,0.151552
Optdigits,20260622,CGC-GOCNMF,Optdigits_Han.mat,5620,64,10,557,4,0,10,out-of-fold-conservative-calibration,0.891736975119541,0.00866743800536982,0.000938363056425189,0.985779182302982,0.964086800315078,0.987188612099644,0.967060321569519,1,2283148.36000014,2494.12253489241,1,8.144132,0.128210
Optdigits,20260623,GNMFLD,Optdigits_Han.mat,5620,64,10,557,5,100000,10,domain-transfer-from-MNIST,NaN,NaN,NaN,0.986766739087498,0.965819827553664,0.988078291814947,0.968662781298837,1,191681885.208688,4185.01401790266,1,8.144132,0.583719
Optdigits,20260623,GOCNMF,Optdigits_Han.mat,5620,64,10,557,4,0,10,original-GOCNMF-setting,0,0.0133075462761402,0.00143673841008021,0.986766739087498,0.965527647100381,0.988078291814947,0.968399685913482,1,2287665.52490029,3241.43816881028,1,8.144132,0.125645
Optdigits,20260623,CGC-GOCNMF,Optdigits_Han.mat,5620,64,10,557,4,0,10,out-of-fold-conservative-calibration,0.892035813344778,0.0133075462761402,0.00143673841008021,0.988544341299625,0.97031655465042,0.989679715302491,0.972787090397257,1,2288194.77350231,2697.16814274606,1,8.144132,0.126804
Optdigits,20260624,GNMFLD,Optdigits_Han.mat,5620,64,10,557,5,100000,10,domain-transfer-from-MNIST,NaN,NaN,NaN,0.983409046020146,0.957138401836545,0.985053380782918,0.960700850064808,1,187715364.207512,3694.8036780323,1,8.144132,0.559228
Optdigits,20260624,GOCNMF,Optdigits_Han.mat,5620,64,10,557,4,0,10,original-GOCNMF-setting,0,0.00958103205648763,0.00115674618436032,0.983804068733952,0.958361780439965,0.985409252669039,0.961819584019031,1,2557428.01544432,2916.7005399343,1,8.144132,0.127492
Optdigits,20260624,CGC-GOCNMF,Optdigits_Han.mat,5620,64,10,557,4,0,10,out-of-fold-conservative-calibration,0.879267058335637,0.00958103205648763,0.00115674618436032,0.986964250444401,0.966042387856568,0.988256227758007,0.96887055947169,1,2557938.9899151,2495.99354120719,1,8.144132,0.142717
Optdigits,20260625,GNMFLD,Optdigits_Han.mat,5620,64,10,557,5,100000,10,domain-transfer-from-MNIST,NaN,NaN,NaN,0.981433932451116,0.954511617988215,0.983274021352313,0.958252555269642,1,185911800.64206,3845.690914544,1,8.144132,0.574736
Optdigits,20260625,GOCNMF,Optdigits_Han.mat,5620,64,10,557,4,0,10,original-GOCNMF-setting,0,0.00838075110081539,0.0010850275037185,0.983211534663243,0.958106585993733,0.984875444839858,0.961566113423524,1,2331331.36114176,3017.03088308331,1,8.144132,0.122337
Optdigits,20260625,CGC-GOCNMF,Optdigits_Han.mat,5620,64,10,557,4,0,10,out-of-fold-conservative-calibration,0.870533381714088,0.00838075110081539,0.0010850275037185,0.985976693659885,0.965607952402467,0.987366548042705,0.968438298907103,1,2330129.99339862,2558.93653554818,1,8.144132,0.122930
Optdigits,20260626,GNMFLD,Optdigits_Han.mat,5620,64,10,557,5,100000,10,domain-transfer-from-MNIST,NaN,NaN,NaN,0.982619000592534,0.955983225169263,0.984341637010676,0.959629432727559,1,185789546.010267,3635.50631592827,1,8.144132,0.552455
Optdigits,20260626,GOCNMF,Optdigits_Han.mat,5620,64,10,557,4,0,10,original-GOCNMF-setting,0,0.00955619478422839,0.00115165853861921,0.982223977878728,0.954799643657487,0.983985765124555,0.958546500779942,1,2537623.6930101,2868.43596828723,1,8.144132,0.149535
Optdigits,20260626,CGC-GOCNMF,Optdigits_Han.mat,5620,64,10,557,4,0,10,out-of-fold-conservative-calibration,0.879485656726052,0.00955619478422839,0.00115165853861921,0.985384159589176,0.962598961903111,0.986832740213523,0.965703733161571,1,2538261.17868899,2413.58722538198,1,8.144132,0.138630
Optdigits,20260627,GNMFLD,Optdigits_Han.mat,5620,64,10,557,5,100000,10,domain-transfer-from-MNIST,NaN,NaN,NaN,0.985581670946079,0.962461217485338,0.987010676156584,0.965588086849341,1,186492866.230139,3906.71458815339,1,8.144132,0.557356
Optdigits,20260627,GOCNMF,Optdigits_Han.mat,5620,64,10,557,4,0,10,original-GOCNMF-setting,0,0.0105846797867639,0.00159639591263273,0.985779182302982,0.963318202109959,0.987188612099644,0.966367893839856,1,2387201.39094946,3142.91630048009,1,8.144132,0.134460
Optdigits,20260627,CGC-GOCNMF,Optdigits_Han.mat,5620,64,10,557,4,0,10,out-of-fold-conservative-calibration,0.849178629415978,0.0105846797867639,0.00159639591263273,0.988149318585819,0.969061841936788,0.98932384341637,0.971640245886789,1,2387238.1195064,2664.53381323744,1,8.144132,0.131717
Optdigits,20260628,GNMFLD,Optdigits_Han.mat,5620,64,10,557,5,100000,10,domain-transfer-from-MNIST,NaN,NaN,NaN,0.984396602804661,0.961415199166741,0.985943060498221,0.964596777004018,1,191376616.523068,4014.94614841594,1,8.144132,0.548404
Optdigits,20260628,GOCNMF,Optdigits_Han.mat,5620,64,10,557,4,0,10,original-GOCNMF-setting,0,0.0108373250313599,0.00118065754322871,0.983409046020146,0.959462614738426,0.985053380782918,0.962797043184018,1,2295406.27378176,3198.68682895652,1,8.144132,0.130193
Optdigits,20260628,CGC-GOCNMF,Optdigits_Han.mat,5620,64,10,557,4,0,10,out-of-fold-conservative-calibration,0.891056368632274,0.0108373250313599,0.00118065754322871,0.985779182302982,0.964549429679575,0.987188612099644,0.967477194638229,1,2294924.73014413,2695.46225289012,1,8.144132,0.137801
Optdigits,20260629,GNMFLD,Optdigits_Han.mat,5620,64,10,557,5,100000,10,domain-transfer-from-MNIST,NaN,NaN,NaN,0.984199091447758,0.959619353551041,0.98576512455516,0.962969435138497,1,188991531.563028,3901.11479081967,1,8.144132,0.568546
Optdigits,20260629,GOCNMF,Optdigits_Han.mat,5620,64,10,557,4,0,10,original-GOCNMF-setting,0,0.00939782998037506,0.00114071048291768,0.982619000592534,0.956743240865731,0.984341637010676,0.96031338602915,1,2562537.72131914,3119.16468143192,1,8.144132,0.123900
Optdigits,20260629,CGC-GOCNMF,Optdigits_Han.mat,5620,64,10,557,4,0,10,out-of-fold-conservative-calibration,0.878619799964486,0.00939782998037506,0.00114071048291768,0.985581670946079,0.963683044493927,0.987010676156584,0.966687920630027,1,2562445.68271235,2629.21648261419,1,8.144132,0.127320
Optdigits,20260630,GNMFLD,Optdigits_Han.mat,5620,64,10,557,5,100000,10,domain-transfer-from-MNIST,NaN,NaN,NaN,0.984594114161564,0.959490621678296,0.986120996441281,0.962870159931081,1,186787005.508401,3882.14236194431,1,8.144132,0.548965
Optdigits,20260630,GOCNMF,Optdigits_Han.mat,5620,64,10,557,4,0,10,original-GOCNMF-setting,0,0.0115833213393253,0.00145621604449219,0.984001580090855,0.958594762566216,0.9855871886121,0.962038544383952,1,2284578.70205768,3022.97057964483,1,8.144132,0.130955
Optdigits,20260630,CGC-GOCNMF,Optdigits_Han.mat,5620,64,10,557,4,0,10,out-of-fold-conservative-calibration,0.874283376776543,0.0115833213393253,0.00145621604449219,0.986569227730595,0.965174920199851,0.987900355871886,0.968072985908359,1,2285010.63274807,2527.9432790627,1,8.144132,0.154833
Optdigits,20260631,GNMFLD,Optdigits_Han.mat,5620,64,10,557,5,100000,10,domain-transfer-from-MNIST,NaN,NaN,NaN,0.984791625518467,0.960188184165605,0.986298932384342,0.963506524849048,1,186798357.795593,3779.69843158492,1,8.144132,0.552573
Optdigits,20260631,GOCNMF,Optdigits_Han.mat,5620,64,10,557,4,0,10,original-GOCNMF-setting,0,0.010596347125194,0.00119106485710004,0.98301402330634,0.956763945450255,0.984697508896797,0.960347659672138,1,2417365.75521198,2996.74762442351,1,8.144132,0.130791
Optdigits,20260631,CGC-GOCNMF,Optdigits_Han.mat,5620,64,10,557,4,0,10,out-of-fold-conservative-calibration,0.887596655429667,0.010596347125194,0.00119106485710004,0.986371716373691,0.964976665256096,0.987722419928826,0.967885963131583,1,2416650.37699867,2518.79567841625,1,8.144132,0.127090
Optdigits,20260632,GNMFLD,Optdigits_Han.mat,5620,64,10,557,5,100000,10,domain-transfer-from-MNIST,NaN,NaN,NaN,0.984594114161564,0.959571848799902,0.986120996441281,0.962942357271769,1,190408267.548864,3901.97236934606,1,8.144132,0.546714
Optdigits,20260632,GOCNMF,Optdigits_Han.mat,5620,64,10,557,4,0,10,original-GOCNMF-setting,0,0.0131549091558412,0.00154571531460546,0.984594114161564,0.959540184712535,0.986120996441281,0.962913689337306,1,2450760.24265353,3097.05621662635,1,8.144132,0.144331
Optdigits,20260632,CGC-GOCNMF,Optdigits_Han.mat,5620,64,10,557,4,0,10,out-of-fold-conservative-calibration,0.882498974618984,0.0131549091558412,0.00154571531460546,0.985779182302982,0.963993981279585,0.987188612099644,0.966975482499472,1,2450441.21034853,2561.73363024339,1,8.144132,0.146840
Optdigits,20260633,GNMFLD,Optdigits_Han.mat,5620,64,10,557,5,100000,10,domain-transfer-from-MNIST,NaN,NaN,NaN,0.982026466521825,0.955537148204396,0.983807829181495,0.95920090262549,1,182323424.325754,3808.85383265879,1,8.144132,0.556932
Optdigits,20260633,GOCNMF,Optdigits_Han.mat,5620,64,10,557,4,0,10,original-GOCNMF-setting,0,0.00954865587004194,0.00224189792937114,0.982223977878728,0.956392712311002,0.983985765124555,0.95997910929096,1,2471158.90198889,3046.7477228904,1,8.144132,0.136371
Optdigits,20260633,CGC-GOCNMF,Optdigits_Han.mat,5620,64,10,557,4,0,10,out-of-fold-conservative-calibration,0.765213244682438,0.00954865587004194,0.00224189792937114,0.985581670946079,0.964472951995392,0.987010676156584,0.967398911084814,1,2470847.86987476,2633.24504463763,1,8.144132,0.124354
Optdigits,20260634,GNMFLD,Optdigits_Han.mat,5620,64,10,557,5,100000,10,domain-transfer-from-MNIST,NaN,NaN,NaN,0.981631443808019,0.955126981953487,0.983451957295374,0.95881458588613,1,186759589.919053,3896.80770453241,1,8.144132,0.560774
Optdigits,20260634,GOCNMF,Optdigits_Han.mat,5620,64,10,557,4,0,10,original-GOCNMF-setting,0,0.0109329883217588,0.00119737474192143,0.981828955164922,0.955436694847373,0.983629893238434,0.959102091636103,1,2371221.92039043,3095.51153538214,1,8.144132,0.161030
Optdigits,20260634,CGC-GOCNMF,Optdigits_Han.mat,5620,64,10,557,4,0,10,out-of-fold-conservative-calibration,0.890480561518718,0.0109329883217588,0.00119737474192143,0.984594114161564,0.961419848401498,0.986120996441281,0.964608014341378,1,2370851.33470221,2600.34239357321,1,8.144132,0.160571
Optdigits,20260635,GNMFLD,Optdigits_Han.mat,5620,64,10,557,5,100000,10,domain-transfer-from-MNIST,NaN,NaN,NaN,0.983804068733952,0.95962331427392,0.985409252669039,0.9629585401561,1,188694855.613561,3860.72104299817,1,8.144132,0.623256
Optdigits,20260635,GOCNMF,Optdigits_Han.mat,5620,64,10,557,4,0,10,original-GOCNMF-setting,0,0.00765168913448111,0.00116686286911014,0.984396602804661,0.96073975479887,0.985943060498221,0.963988121885394,1,2410946.66056469,3030.61613388108,1,8.144132,0.147001
Optdigits,20260635,CGC-GOCNMF,Optdigits_Han.mat,5620,64,10,557,4,0,10,out-of-fold-conservative-calibration,0.847502577718185,0.00765168913448111,0.00116686286911014,0.987161761801304,0.966852982438271,0.988434163701068,0.969609946694119,1,2410385.00515199,2580.68004893709,1,8.144132,0.122363
Optdigits,20260636,GNMFLD,Optdigits_Han.mat,5620,64,10,557,5,100000,10,domain-transfer-from-MNIST,NaN,NaN,NaN,0.984199091447758,0.95987546105641,0.98576512455516,0.963200846946944,1,189425098.737442,3871.38165273546,1,8.144132,0.551615
Optdigits,20260636,GOCNMF,Optdigits_Han.mat,5620,64,10,557,4,0,10,original-GOCNMF-setting,0,0.0115261486566636,0.000998007605367381,0.984791625518467,0.961368390332551,0.986298932384342,0.964570844597046,1,2333372.38268973,3093.55753643149,1,8.144132,0.147067
Optdigits,20260636,CGC-GOCNMF,Optdigits_Han.mat,5620,64,10,557,4,0,10,out-of-fold-conservative-calibration,0.913413609775855,0.0115261486566636,0.000998007605367381,0.98755678451511,0.96795733299351,0.988790035587189,0.970621042672436,1,2333785.8628365,2575.56657876019,1,8.144132,0.152245
MNIST,20260617,GNMFLD,MNIST_Han.mat,6996,784,10,695,5,100000,10,published-follow-up,NaN,NaN,NaN,0.941279162037772,0.865859839067215,0.947112635791881,0.876707184288299,1,271094740.275095,16962.3036192983,1,15.466511,5.390082
MNIST,20260617,GOCNMF,MNIST_Han.mat,6996,784,10,695,4,0,10,original-GOCNMF-setting,0,0.0281460860981721,0.00107090263046955,0.942866211712427,0.869318676812437,0.948542024013722,0.879890999032062,1,33322623.1892678,13189.7527704143,1,15.466511,1.451286
MNIST,20260617,CGC-GOCNMF,MNIST_Han.mat,6996,784,10,695,4,0,10,out-of-fold-conservative-calibration,0.961951987685453,0.0281460860981721,0.00107090263046955,0.947151245833995,0.87838885003704,0.952401372212693,0.88823974814171,1,33322441.7292408,11413.2615255288,1,15.466511,1.395678
MNIST,20260618,GNMFLD,MNIST_Han.mat,6996,784,10,695,5,100000,10,published-follow-up,NaN,NaN,NaN,0.932391683859705,0.851073229566875,0.939108061749571,0.862990015683016,1,271547349.021189,16298.5852931281,1,15.466511,5.392653
MNIST,20260618,GOCNMF,MNIST_Han.mat,6996,784,10,695,4,0,10,original-GOCNMF-setting,0,0.0238271812819798,0.00275016941621616,0.934454848436756,0.854739557262691,0.940966266437965,0.866384564066691,1,34247664.7454073,12535.727986893,1,15.466511,1.415926
MNIST,20260618,CGC-GOCNMF,MNIST_Han.mat,6996,784,10,695,4,0,10,out-of-fold-conservative-calibration,0.884578482713938,0.0238271812819798,0.00275016941621616,0.93921599746072,0.863808498137963,0.945254431103488,0.87476074618268,1,34247045.4363617,11019.3882694081,1,15.466511,1.425833
MNIST,20260619,GNMFLD,MNIST_Han.mat,6996,784,10,695,5,100000,10,published-follow-up,NaN,NaN,NaN,0.932232978892239,0.853534834440929,0.938965122927387,0.865212611149455,1,268768676.379837,16374.0009831096,1,15.466511,5.373491
MNIST,20260619,GOCNMF,MNIST_Han.mat,6996,784,10,695,4,0,10,original-GOCNMF-setting,0,0.0297386820691191,0.000647674330106473,0.934296143469291,0.856806380670251,0.94082332761578,0.86824820397053,1,33976723.6489872,12617.9918610748,1,15.466511,1.428929
MNIST,20260619,CGC-GOCNMF,MNIST_Han.mat,6996,784,10,695,4,0,10,out-of-fold-conservative-calibration,0.97822114885249,0.0297386820691191,0.000647674330106473,0.941913981907634,0.872529692122562,0.947684391080618,0.882737621458804,1,33975889.5184882,10798.4136441056,1,15.466511,1.455942
MNIST,20260620,GNMFLD,MNIST_Han.mat,6996,784,10,695,5,100000,10,published-follow-up,NaN,NaN,NaN,0.936518013013807,0.858306465212822,0.942824471126358,0.869688479865965,1,268421140.324308,16982.4822981426,1,15.466511,5.405644
MNIST,20260620,GOCNMF,MNIST_Han.mat,6996,784,10,695,4,0,10,original-GOCNMF-setting,0,0.0286937266969891,0.00137061041005789,0.93889858752579,0.862663430532633,0.944968553459119,0.873720875133403,1,33779819.8003744,13312.9395532564,1,15.466511,1.379408
MNIST,20260620,CGC-GOCNMF,MNIST_Han.mat,6996,784,10,695,4,0,10,out-of-fold-conservative-calibration,0.952233098735073,0.0286937266969891,0.00137061041005789,0.945881606094271,0.875888274027949,0.95125786163522,0.885928636681867,1,33779345.1044642,11514.1235078737,1,15.466511,1.441974
MNIST,20260621,GNMFLD,MNIST_Han.mat,6996,784,10,695,5,100000,10,published-follow-up,NaN,NaN,NaN,0.929693699412792,0.847097511382561,0.936678101772441,0.859295318055768,1,270572548.137582,16228.6950393101,1,15.466511,5.331216
MNIST,20260621,GOCNMF,MNIST_Han.mat,6996,784,10,695,4,0,10,original-GOCNMF-setting,0,0.0262975653786892,0.00138197211647382,0.933343913664498,0.852905393778015,0.939965694682676,0.864690322738185,1,34060436.3343084,12480.7402322116,1,15.466511,1.433640
MNIST,20260621,CGC-GOCNMF,MNIST_Han.mat,6996,784,10,695,4,0,10,out-of-fold-conservative-calibration,0.947448666955545,0.0262975653786892,0.00138197211647382,0.941596571972703,0.867922862788604,0.947398513436249,0.878572652931187,1,34060579.2855012,10875.9044088704,1,15.466511,1.424490
MNIST,20260622,GNMFLD,MNIST_Han.mat,6996,784,10,695,5,100000,10,published-follow-up,NaN,NaN,NaN,0.936835422948738,0.857642640158125,0.943110348770726,0.869108218134353,1,267870528.448334,16289.0231832581,1,15.466511,5.394036
MNIST,20260622,GOCNMF,MNIST_Han.mat,6996,784,10,695,4,0,10,original-GOCNMF-setting,0,0.0304694101677814,0.00275301931190117,0.937787652753531,0.859413329149892,0.943967981703831,0.870742553209893,1,33063130.2666618,12562.1212584628,1,15.466511,1.444143
MNIST,20260622,CGC-GOCNMF,MNIST_Han.mat,6996,784,10,695,4,0,10,out-of-fold-conservative-calibration,0.909646452073029,0.0304694101677814,0.00275301931190117,0.944611966354547,0.873642964219074,0.950114351057747,0.883854430401721,1,33062861.7244704,10891.5274891068,1,15.466511,1.401363
MNIST,20260623,GNMFLD,MNIST_Han.mat,6996,784,10,695,5,100000,10,published-follow-up,NaN,NaN,NaN,0.931598159022377,0.850505728588624,0.938393367638651,0.862448253019442,1,266869802.311734,15481.3259754942,1,15.466511,5.357954
MNIST,20260623,GOCNMF,MNIST_Han.mat,6996,784,10,695,4,0,10,original-GOCNMF-setting,0,0.0249893963426298,0.00114778919009443,0.932709093794636,0.852210440810091,0.939393939393939,0.86403614952439,1,33483428.3813937,11988.7363910474,1,15.466511,1.409255
MNIST,20260623,CGC-GOCNMF,MNIST_Han.mat,6996,784,10,695,4,0,10,out-of-fold-conservative-calibration,0.954068950911936,0.0249893963426298,0.00114778919009443,0.940485637200444,0.867019558136306,0.946397941680961,0.877706914425319,1,33483845.8620656,10456.3304071157,1,15.466511,1.427893
MNIST,20260624,GNMFLD,MNIST_Han.mat,6996,784,10,695,5,100000,10,published-follow-up,NaN,NaN,NaN,0.939374702428186,0.86378560982025,0.945397369925672,0.87475920905058,1,266653755.556992,16722.4080831035,1,15.466511,5.395830
MNIST,20260624,GOCNMF,MNIST_Han.mat,6996,784,10,695,4,0,10,original-GOCNMF-setting,0,0.0285800908552479,0.00129772889682512,0.937152832883669,0.85927498996319,0.943396226415094,0.870598890529125,1,33716737.8837222,12941.4059140325,1,15.466511,1.404858
MNIST,20260624,CGC-GOCNMF,MNIST_Han.mat,6996,784,10,695,4,0,10,out-of-fold-conservative-calibration,0.954593255025051,0.0285800908552479,0.00129772889682512,0.945246786224409,0.874598982744041,0.950686106346484,0.884745836900681,1,33715657.2804823,11217.4667090232,1,15.466511,1.423695
MNIST,20260625,GNMFLD,MNIST_Han.mat,6996,784,10,695,5,100000,10,published-follow-up,NaN,NaN,NaN,0.933026503729567,0.851837967681693,0.939679817038308,0.863709007318661,1,269375968.808387,15426.4198855549,1,15.466511,5.442439
MNIST,20260625,GOCNMF,MNIST_Han.mat,6996,784,10,695,4,0,10,original-GOCNMF-setting,0,0.0259346084710267,0.00236976008927034,0.933661323599429,0.850387442743529,0.940251572327044,0.862433568536659,1,32866477.9274817,12000.3898221049,1,15.466511,1.461475
MNIST,20260625,CGC-GOCNMF,MNIST_Han.mat,6996,784,10,695,4,0,10,out-of-fold-conservative-calibration,0.908625569114808,0.0259346084710267,0.00236976008927034,0.941913981907634,0.867637675741455,0.947684391080618,0.878325732742193,1,32865823.6617247,10487.306674467,1,15.466511,1.407778
MNIST,20260626,GNMFLD,MNIST_Han.mat,6996,784,10,695,5,100000,10,published-follow-up,NaN,NaN,NaN,0.936835422948738,0.860142668334677,0.943110348770726,0.871363080781538,1,270062806.267133,16344.3279267779,1,15.466511,5.378464
MNIST,20260626,GOCNMF,MNIST_Han.mat,6996,784,10,695,4,0,10,original-GOCNMF-setting,0,0.0314091742198638,0.000823745344121399,0.939692112363117,0.864536885668417,0.94568324757004,0.875438103927713,1,32835577.4219434,12642.6562941093,1,15.466511,1.412288
MNIST,20260626,CGC-GOCNMF,MNIST_Han.mat,6996,784,10,695,4,0,10,out-of-fold-conservative-calibration,0.973773734439652,0.0314091742198638,0.000823745344121399,0.946199016029202,0.877388102079625,0.951543739279588,0.887292881117971,1,32836253.9179567,10866.2663766598,1,15.466511,1.468744
MNIST,20260627,GNMFLD,MNIST_Han.mat,6996,784,10,695,5,100000,10,published-follow-up,NaN,NaN,NaN,0.933820028566894,0.854770029331013,0.940394511149228,0.866390051193976,1,271511900.806333,16422.7347503079,1,15.466511,5.339805
MNIST,20260627,GOCNMF,MNIST_Han.mat,6996,784,10,695,4,0,10,original-GOCNMF-setting,0,0.0273990039064602,0.000981715792502947,0.935565783209014,0.858046362661561,0.941966838193253,0.869421357490261,1,33489643.1296658,12858.4879588966,1,15.466511,1.445013
MNIST,20260627,CGC-GOCNMF,MNIST_Han.mat,6996,784,10,695,4,0,10,out-of-fold-conservative-calibration,0.964169653909518,0.0273990039064602,0.000981715792502947,0.945881606094271,0.87721160495535,0.95125786163522,0.887124706580093,1,33489983.6190318,11045.4976581787,1,15.466511,1.423163
MNIST,20260628,GNMFLD,MNIST_Han.mat,6996,784,10,695,5,100000,10,published-follow-up,NaN,NaN,NaN,0.934137438501825,0.856177254218433,0.940680388793596,0.867672627317954,1,268543229.320748,16208.3756138368,1,15.466511,5.346055
MNIST,20260628,GOCNMF,MNIST_Han.mat,6996,784,10,695,4,0,10,original-GOCNMF-setting,0,0.0267226046949792,0.00141650824839081,0.934613553404222,0.856236873404608,0.941109205260149,0.867749860243141,1,33288564.8296341,12505.8601932799,1,15.466511,1.447827
MNIST,20260628,CGC-GOCNMF,MNIST_Han.mat,6996,784,10,695,4,0,10,out-of-fold-conservative-calibration,0.9469921340169,0.0267226046949792,0.00141650824839081,0.942231391842565,0.871347179536103,0.947970268724986,0.881682166739224,1,33288644.1836696,10867.8678974883,1,15.466511,1.452999
MNIST,20260629,GNMFLD,MNIST_Han.mat,6996,784,10,695,5,100000,10,published-follow-up,NaN,NaN,NaN,0.935089668306618,0.85635144366794,0.941538021726701,0.867862157924909,1,270133675.506659,16636.4996073995,1,15.466511,5.371358
MNIST,20260629,GOCNMF,MNIST_Han.mat,6996,784,10,695,4,0,10,original-GOCNMF-setting,0,0.0282642147805932,0.00144538975568188,0.934137438501825,0.854941339181839,0.940680388793596,0.866544564709128,1,33824295.2091472,12827.1038108981,1,15.466511,1.449850
MNIST,20260629,CGC-GOCNMF,MNIST_Han.mat,6996,784,10,695,4,0,10,out-of-fold-conservative-calibration,0.948861492636466,0.0282642147805932,0.00144538975568188,0.943342326614823,0.873602568568015,0.948970840480274,0.883752100731353,1,33823311.7734192,11065.6267941913,1,15.466511,1.518110
MNIST,20260630,GNMFLD,MNIST_Han.mat,6996,784,10,695,5,100000,10,published-follow-up,NaN,NaN,NaN,0.933820028566894,0.855324624356019,0.940394511149228,0.866895645338593,1,268503798.017661,16130.3826315063,1,15.466511,5.543907
MNIST,20260630,GOCNMF,MNIST_Han.mat,6996,784,10,695,4,0,10,original-GOCNMF-setting,0,0.0309917379200394,0.00100800861328085,0.931122044119981,0.851654239883716,0.937964551172098,0.863468936808511,1,33245058.5400786,12472.0739690794,1,15.466511,1.444785
MNIST,20260630,CGC-GOCNMF,MNIST_Han.mat,6996,784,10,695,4,0,10,out-of-fold-conservative-calibration,0.96747492457888,0.0309917379200394,0.00100800861328085,0.941279162037772,0.869572156942834,0.947112635791881,0.880044994510707,1,33245497.5685926,10692.706651322,1,15.466511,1.425850
MNIST,20260631,GNMFLD,MNIST_Han.mat,6996,784,10,695,5,100000,10,published-follow-up,NaN,NaN,NaN,0.934930963339152,0.853723281122586,0.941395082904517,0.865491226315411,1,262862218.310385,16433.6259547551,1,15.466511,5.321794
MNIST,20260631,GOCNMF,MNIST_Han.mat,6996,784,10,695,4,0,10,original-GOCNMF-setting,0,0.0312516001180049,0.00300317117052575,0.93572448817648,0.855644077237279,0.942109777015437,0.867258747780216,1,33746685.1172742,12776.2207004617,1,15.466511,1.378089
MNIST,20260631,CGC-GOCNMF,MNIST_Han.mat,6996,784,10,695,4,0,10,out-of-fold-conservative-calibration,0.903903443049767,0.0312516001180049,0.00300317117052575,0.942231391842565,0.869002237873217,0.947970268724986,0.879568333552919,1,33746321.8636103,11082.1261083714,1,15.466511,1.471819
MNIST,20260632,GNMFLD,MNIST_Han.mat,6996,784,10,695,5,100000,10,published-follow-up,NaN,NaN,NaN,0.933661323599429,0.853202775249894,0.940251572327044,0.864967150713414,1,270078320.15907,16672.692116601,1,15.466511,5.305212
MNIST,20260632,GOCNMF,MNIST_Han.mat,6996,784,10,695,4,0,10,original-GOCNMF-setting,0,0.0291798631262834,0.00108904635848455,0.934772258371687,0.854984151018882,0.941252144082333,0.866620260842545,1,33409122.8377233,12871.3112203594,1,15.466511,1.393873
MNIST,20260632,CGC-GOCNMF,MNIST_Han.mat,6996,784,10,695,4,0,10,out-of-fold-conservative-calibration,0.962678153979975,0.0291798631262834,0.00108904635848455,0.942707506744961,0.870585219279769,0.948399085191538,0.881014060460727,1,33408206.3946673,11032.4175180745,1,15.466511,1.395306
MNIST,20260633,GNMFLD,MNIST_Han.mat,6996,784,10,695,5,100000,10,published-follow-up,NaN,NaN,NaN,0.932709093794636,0.857475714502748,0.939393939393939,0.868799474769954,1,267241230.622863,16453.5348064878,1,15.466511,5.252354
MNIST,20260633,GOCNMF,MNIST_Han.mat,6996,784,10,695,4,0,10,original-GOCNMF-setting,0,0.030518960535121,0.00143052335308739,0.93397873353436,0.859425403246275,0.940537449971412,0.870605933162915,1,33336739.0461147,12792.6726772873,1,15.466511,1.421335
MNIST,20260633,CGC-GOCNMF,MNIST_Han.mat,6996,784,10,695,4,0,10,out-of-fold-conservative-calibration,0.953126734069427,0.030518960535121,0.00143052335308739,0.940485637200444,0.87028492575467,0.946397941680961,0.88066067841561,1,33336943.3393483,10985.6305323536,1,15.466511,1.385458
MNIST,20260634,GNMFLD,MNIST_Han.mat,6996,784,10,695,5,100000,10,published-follow-up,NaN,NaN,NaN,0.934772258371687,0.854911632524195,0.941252144082333,0.866557928528859,1,266482788.271003,16396.8538967835,1,15.466511,5.331374
MNIST,20260634,GOCNMF,MNIST_Han.mat,6996,784,10,695,4,0,10,original-GOCNMF-setting,0,0.0257323523743366,0.00116283892273307,0.934930963339152,0.855793759668376,0.941395082904517,0.867357833662503,1,32892085.28711,12728.7378843274,1,15.466511,1.420054
MNIST,20260634,CGC-GOCNMF,MNIST_Han.mat,6996,784,10,695,4,0,10,out-of-fold-conservative-calibration,0.954810236319755,0.0257323523743366,0.00116283892273307,0.940961752102841,0.867234059548425,0.946826758147513,0.877919803397986,1,32892469.2739407,11031.2552258286,1,15.466511,1.405915
MNIST,20260635,GNMFLD,MNIST_Han.mat,6996,784,10,695,5,100000,10,published-follow-up,NaN,NaN,NaN,0.932391683859705,0.851959415625777,0.939108061749571,0.863800644467089,1,268645767.635158,16303.3606845593,1,15.466511,5.411547
MNIST,20260635,GOCNMF,MNIST_Han.mat,6996,784,10,695,4,0,10,original-GOCNMF-setting,0,0.0283054692706166,0.00336060319072668,0.934454848436756,0.856547629595079,0.940966266437965,0.868021848678037,1,33252263.1709669,12578.6530971377,1,15.466511,1.396461
MNIST,20260635,CGC-GOCNMF,MNIST_Han.mat,6996,784,10,695,4,0,10,out-of-fold-conservative-calibration,0.881273715740327,0.0283054692706166,0.00336060319072668,0.94381844151722,0.873509606994755,0.949399656946827,0.883698474843434,1,33252565.8639501,11031.0137013627,1,15.466511,1.468131
MNIST,20260636,GNMFLD,MNIST_Han.mat,6996,784,10,695,5,100000,10,published-follow-up,NaN,NaN,NaN,0.931598159022377,0.853093866164892,0.938393367638651,0.864789498323724,1,266279518.722877,16425.4756725166,1,15.466511,5.267960
MNIST,20260636,GOCNMF,MNIST_Han.mat,6996,784,10,695,4,0,10,original-GOCNMF-setting,0,0.0294476321701858,0.00160761098447273,0.935407078241549,0.859974523522857,0.941823899371069,0.871155835117138,1,33771788.2038478,12619.0235113139,1,15.466511,1.389703
MNIST,20260636,CGC-GOCNMF,MNIST_Han.mat,6996,784,10,695,4,0,10,out-of-fold-conservative-calibration,0.945407801374932,0.0294476321701858,0.00160761098447273,0.940485637200444,0.869182936646286,0.946397941680961,0.879662898143236,1,33771513.2625958,10959.5170924802,1,15.466511,1.404373
